work_year,job_title,job_category,currency,salary,salary_dollar_usd,employee_residence,experience_level,employment_type,work_setting,company_location,company_size,salary_euro,cost_of_living_index,salary_adjusted_coli
2023,Data DevOps Engineer,Data Engineering,EUR,88000,95012,Germany,Mid-level,Full-time,Hybrid,Germany,L,87411.04,78.5,121034.39
2023,Data Architect,Data Architecture and Modeling,USD,186000,186000,United States,Senior,Full-time,In-person,United States,M,171120.0,100.0,186000.0
2023,Data Architect,Data Architecture and Modeling,USD,81800,81800,United States,Senior,Full-time,In-person,United States,M,75256.0,100.0,81800.0
2023,Data Scientist,Data Science and Research,USD,212000,212000,United States,Senior,Full-time,In-person,United States,M,195040.0,100.0,212000.0
2023,Data Scientist,Data Science and Research,USD,93300,93300,United States,Senior,Full-time,In-person,United States,M,85836.0,100.0,93300.0
2023,Data Scientist,Data Science and Research,USD,130000,130000,United States,Senior,Full-time,Remote,United States,M,119600.0,100.0,130000.0
2023,Data Scientist,Data Science and Research,USD,100000,100000,United States,Senior,Full-time,Remote,United States,M,92000.0,100.0,100000.0
2023,Machine Learning Researcher,Machine Learning and AI,USD,224400,224400,United States,Mid-level,Full-time,In-person,United States,M,206448.0,100.0,224400.0
2023,Machine Learning Researcher,Machine Learning and AI,USD,138700,138700,United States,Mid-level,Full-time,In-person,United States,M,127604.0,100.0,138700.0
2023,Data Engineer,Data Engineering,USD,210000,210000,United States,Executive,Full-time,Remote,United States,M,193200.0,100.0,210000.0
2023,Data Engineer,Data Engineering,USD,168000,168000,United States,Executive,Full-time,Remote,United States,M,154560.0,100.0,168000.0
2023,Machine Learning Engineer,Machine Learning and AI,USD,224400,224400,United States,Senior,Full-time,In-person,United States,M,206448.0,100.0,224400.0
2023,Machine Learning Engineer,Machine Learning and AI,USD,138700,138700,United States,Senior,Full-time,In-person,United States,M,127604.0,100.0,138700.0
2023,Data Scientist,Data Science and Research,GBP,35000,43064,United Kingdom,Mid-level,Full-time,In-person,United Kingdom,M,39618.88,82.7,52072.55
2023,Data Scientist,Data Science and Research,GBP,30000,36912,United Kingdom,Mid-level,Full-time,In-person,United Kingdom,M,33959.04,82.7,44633.62
2023,Data Analyst,Data Analysis,USD,95000,95000,United States,Entry-level,Full-time,In-person,United States,M,87400.0,100.0,95000.0
2023,Data Analyst,Data Analysis,USD,75000,75000,United States,Entry-level,Full-time,In-person,United States,M,69000.0,100.0,75000.0
2023,Data Scientist,Data Science and Research,USD,300000,300000,United States,Senior,Full-time,In-person,United States,M,276000.0,100.0,300000.0
2023,Data Scientist,Data Science and Research,USD,234000,234000,United States,Senior,Full-time,In-person,United States,M,215280.0,100.0,234000.0
2023,Analytics Engineer,Leadership and Management,USD,140000,140000,United States,Mid-level,Full-time,In-person,United States,M,128800.0,100.0,140000.0
2023,Analytics Engineer,Leadership and Management,USD,120000,120000,United States,Mid-level,Full-time,In-person,United States,M,110400.0,100.0,120000.0
2023,Machine Learning Engineer,Machine Learning and AI,USD,204500,204500,United States,Mid-level,Full-time,In-person,United States,M,188140.0,100.0,204500.0
2023,Machine Learning Engineer,Machine Learning and AI,USD,142200,142200,United States,Mid-level,Full-time,In-person,United States,M,130824.0,100.0,142200.0
2023,Data Analyst,Data Analysis,USD,155000,155000,United States,Mid-level,Full-time,In-person,United States,M,142600.0,100.0,155000.0
2023,Data Analyst,Data Analysis,USD,110000,110000,United States,Mid-level,Full-time,In-person,United States,M,101200.0,100.0,110000.0
2023,Machine Learning Engineer,Machine Learning and AI,USD,266500,266500,United States,Senior,Full-time,In-person,United States,M,245180.0,100.0,266500.0
2023,Machine Learning Engineer,Machine Learning and AI,USD,152000,152000,United States,Senior,Full-time,In-person,United States,M,139840.0,100.0,152000.0
2023,Applied Scientist,Data Science and Research,USD,222200,222200,United States,Mid-level,Full-time,In-person,United States,L,204424.0,100.0,222200.0
2023,Applied Scientist,Data Science and Research,USD,136000,136000,United States,Mid-level,Full-time,In-person,United States,L,125120.0,100.0,136000.0
2023,Machine Learning Engineer,Machine Learning and AI,USD,273400,273400,United States,Senior,Full-time,In-person,United States,M,251528.0,100.0,273400.0
2023,Machine Learning Engineer,Machine Learning and AI,USD,182200,182200,United States,Senior,Full-time,In-person,United States,M,167624.0,100.0,182200.0
2023,BI Developer,BI and Visualization,USD,167500,167500,United States,Senior,Full-time,In-person,United States,M,154100.0,100.0,167500.0
2023,BI Developer,BI and Visualization,USD,106500,106500,United States,Senior,Full-time,In-person,United States,M,97980.0,100.0,106500.0
2023,Data Engineer,Data Engineering,USD,185900,185900,United States,Senior,Full-time,In-person,United States,M,171028.0,100.0,185900.0
2023,Data Engineer,Data Engineering,USD,129300,129300,United States,Senior,Full-time,In-person,United States,M,118956.0,100.0,129300.0
2023,Business Intelligence Engineer,BI and Visualization,USD,185000,185000,United States,Mid-level,Full-time,In-person,United States,L,170200.0,100.0,185000.0
2023,Business Intelligence Engineer,BI and Visualization,USD,79600,79600,United States,Mid-level,Full-time,In-person,United States,L,73232.0,100.0,79600.0
2023,Data Engineer,Data Engineering,USD,122000,122000,United States,Senior,Full-time,In-person,United States,M,112240.0,100.0,122000.0
2023,Data Engineer,Data Engineering,USD,94500,94500,United States,Senior,Full-time,In-person,United States,M,86940.0,100.0,94500.0
2023,Data Engineer,Data Engineering,USD,247300,247300,United States,Senior,Full-time,In-person,United States,M,227516.0,100.0,247300.0
2023,Data Engineer,Data Engineering,USD,139700,139700,United States,Senior,Full-time,In-person,United States,M,128524.0,100.0,139700.0
2023,Data Analyst,Data Analysis,USD,176000,176000,United States,Senior,Full-time,In-person,United States,M,161920.0,100.0,176000.0
2023,Data Analyst,Data Analysis,USD,100000,100000,United States,Senior,Full-time,In-person,United States,M,92000.0,100.0,100000.0
2023,Machine Learning Engineer,Machine Learning and AI,USD,204500,204500,United States,Senior,Full-time,In-person,United States,M,188140.0,100.0,204500.0
2023,Machine Learning Engineer,Machine Learning and AI,USD,142200,142200,United States,Senior,Full-time,In-person,United States,M,130824.0,100.0,142200.0
2023,Research Scientist,Data Science and Research,USD,247600,247600,United States,Senior,Full-time,In-person,United States,L,227792.0,100.0,247600.0
2023,Research Scientist,Data Science and Research,USD,127300,127300,United States,Senior,Full-time,In-person,United States,L,117116.0,100.0,127300.0
2023,Data Scientist,Data Science and Research,USD,223400,223400,United States,Senior,Full-time,Remote,United States,M,205528.0,100.0,223400.0
2023,Data Scientist,Data Science and Research,USD,186200,186200,United States,Senior,Full-time,Remote,United States,M,171304.0,100.0,186200.0
2023,Data Engineer,Data Engineering,USD,167500,167500,United States,Senior,Full-time,In-person,United States,M,154100.0,100.0,167500.0
2023,Data Engineer,Data Engineering,USD,106500,106500,United States,Senior,Full-time,In-person,United States,M,97980.0,100.0,106500.0
2023,Data Scientist,Data Science and Research,USD,185900,185900,United States,Senior,Full-time,In-person,United States,M,171028.0,100.0,185900.0
2023,Data Scientist,Data Science and Research,USD,129300,129300,United States,Senior,Full-time,In-person,United States,M,118956.0,100.0,129300.0
2023,Research Analyst,Data Science and Research,USD,72000,72000,United States,Entry-level,Full-time,Remote,United States,M,66240.0,100.0,72000.0
2023,Research Analyst,Data Science and Research,USD,64000,64000,United States,Entry-level,Full-time,Remote,United States,M,58880.0,100.0,64000.0
2023,Analytics Engineer,Leadership and Management,USD,179820,179820,United States,Senior,Full-time,In-person,United States,M,165434.4,100.0,179820.0
2023,Analytics Engineer,Leadership and Management,USD,143860,143860,United States,Senior,Full-time,In-person,United States,M,132351.2,100.0,143860.0
2023,Research Scientist,Data Science and Research,USD,283050,283050,United States,Senior,Full-time,In-person,United States,M,260406.0,100.0,283050.0
2023,Research Scientist,Data Science and Research,USD,188700,188700,United States,Senior,Full-time,In-person,United States,M,173604.0,100.0,188700.0
2023,Data Engineer,Data Engineering,USD,133000,133000,United States,Mid-level,Full-time,In-person,United States,M,122360.0,100.0,133000.0
2023,Data Engineer,Data Engineering,USD,58400,58400,United States,Mid-level,Full-time,In-person,United States,M,53728.0,100.0,58400.0
2023,Research Engineer,Data Science and Research,USD,141298,141298,United States,Senior,Full-time,In-person,United States,M,129994.16,100.0,141298.0
2023,Research Engineer,Data Science and Research,USD,115607,115607,United States,Senior,Full-time,In-person,United States,M,106358.44,100.0,115607.0
2023,Data Analyst,Data Analysis,USD,100000,100000,United States,Entry-level,Full-time,In-person,United States,M,92000.0,100.0,100000.0
2023,Machine Learning Engineer,Machine Learning and AI,USD,266500,266500,Canada,Senior,Full-time,In-person,Canada,M,245180.0,79.3,336065.57
2023,Machine Learning Engineer,Machine Learning and AI,USD,144400,144400,Canada,Senior,Full-time,In-person,Canada,M,132848.0,79.3,182093.32
2023,Data Engineer,Data Engineering,GBP,58000,71363,United Kingdom,Senior,Full-time,In-person,United Kingdom,M,65653.96,82.7,86291.41
2023,Data Engineer,Data Engineering,GBP,45000,55368,United Kingdom,Senior,Full-time,In-person,United Kingdom,M,50938.56,82.7,66950.42
2023,Research Scientist,Data Science and Research,USD,287500,287500,United States,Senior,Full-time,In-person,United States,M,264500.0,100.0,287500.0
2023,Research Scientist,Data Science and Research,USD,156000,156000,United States,Senior,Full-time,In-person,United States,M,143520.0,100.0,156000.0
2023,Data Analyst,Data Analysis,USD,90000,90000,United States,Mid-level,Full-time,Remote,United States,M,82800.0,100.0,90000.0
2023,Data Analyst,Data Analysis,USD,70000,70000,United States,Mid-level,Full-time,Remote,United States,M,64400.0,100.0,70000.0
2023,Data Engineer,Data Engineering,USD,199000,199000,United States,Senior,Full-time,In-person,United States,M,183080.0,100.0,199000.0
2023,Data Engineer,Data Engineering,USD,162000,162000,United States,Senior,Full-time,In-person,United States,M,149040.0,100.0,162000.0
2023,Data Engineer,Data Engineering,USD,170884,170884,United States,Mid-level,Full-time,Remote,United States,M,157213.28,100.0,170884.0
2023,Data Engineer,Data Engineering,USD,113923,113923,United States,Mid-level,Full-time,Remote,United States,M,104809.16,100.0,113923.0
2023,Data Engineer,Data Engineering,USD,184000,184000,United States,Mid-level,Full-time,In-person,United States,M,169280.0,100.0,184000.0
2023,Data Engineer,Data Engineering,USD,123000,123000,United States,Mid-level,Full-time,In-person,United States,M,113160.0,100.0,123000.0
2023,Data Scientist,Data Science and Research,USD,235750,235750,United States,Senior,Full-time,In-person,United States,M,216890.0,100.0,235750.0
2023,Data Scientist,Data Science and Research,USD,174250,174250,United States,Senior,Full-time,In-person,United States,M,160310.0,100.0,174250.0
2023,Research Scientist,Data Science and Research,USD,165000,165000,United States,Mid-level,Full-time,Remote,United States,M,151800.0,100.0,165000.0
2023,Research Scientist,Data Science and Research,USD,118800,118800,United States,Mid-level,Full-time,Remote,United States,M,109296.0,100.0,118800.0
2023,Data Engineer,Data Engineering,USD,225000,225000,United States,Senior,Full-time,Remote,United States,M,207000.0,100.0,225000.0
2023,Data Engineer,Data Engineering,USD,150000,150000,United States,Senior,Full-time,Remote,United States,M,138000.0,100.0,150000.0
2023,Machine Learning Engineer,Machine Learning and AI,USD,213900,213900,United States,Mid-level,Full-time,In-person,United States,M,196788.0,100.0,213900.0
2023,Machine Learning Engineer,Machine Learning and AI,USD,116800,116800,United States,Mid-level,Full-time,In-person,United States,M,107456.0,100.0,116800.0
2023,Data Scientist,Data Science and Research,USD,220000,220000,United States,Senior,Full-time,Remote,United States,M,202400.0,100.0,220000.0
2023,Data Scientist,Data Science and Research,USD,150000,150000,United States,Senior,Full-time,Remote,United States,M,138000.0,100.0,150000.0
2023,Data Scientist,Data Science and Research,USD,150000,150000,United States,Mid-level,Full-time,In-person,United States,M,138000.0,100.0,150000.0
2023,Data Scientist,Data Science and Research,USD,100000,100000,United States,Mid-level,Full-time,In-person,United States,M,92000.0,100.0,100000.0
2023,Machine Learning Engineer,Machine Learning and AI,USD,247500,247500,United States,Mid-level,Full-time,In-person,United States,M,227700.0,100.0,247500.0
2023,Machine Learning Engineer,Machine Learning and AI,USD,172200,172200,United States,Mid-level,Full-time,In-person,United States,M,158424.0,100.0,172200.0
2023,Data Engineer,Data Engineering,USD,155000,155000,United States,Mid-level,Full-time,In-person,United States,M,142600.0,100.0,155000.0
2023,Data Engineer,Data Engineering,USD,120000,120000,United States,Mid-level,Full-time,In-person,United States,M,110400.0,100.0,120000.0
2023,Data Engineer,Data Engineering,USD,226700,226700,United States,Senior,Full-time,In-person,United States,M,208564.0,100.0,226700.0
2023,Data Engineer,Data Engineering,USD,133300,133300,United States,Senior,Full-time,In-person,United States,M,122636.0,100.0,133300.0
2023,Data Engineer,Data Engineering,USD,184000,184000,United States,Senior,Full-time,In-person,United States,M,169280.0,100.0,184000.0
2023,Data Engineer,Data Engineering,USD,123000,123000,United States,Senior,Full-time,In-person,United States,M,113160.0,100.0,123000.0
2023,Data Scientist,Data Science and Research,USD,130000,130000,United States,Senior,Full-time,In-person,United States,M,119600.0,100.0,130000.0
2023,Data Scientist,Data Science and Research,USD,117000,117000,United States,Senior,Full-time,In-person,United States,M,107640.0,100.0,117000.0
2023,Data Science Engineer,Data Science and Research,USD,160000,160000,United States,Senior,Full-time,Remote,United States,M,147200.0,100.0,160000.0
2023,Data Science Engineer,Data Science and Research,USD,140000,140000,United States,Senior,Full-time,Remote,United States,M,128800.0,100.0,140000.0
2023,Data Scientist,Data Science and Research,USD,166000,166000,United States,Mid-level,Full-time,In-person,United States,M,152720.0,100.0,166000.0
2023,Data Scientist,Data Science and Research,USD,73000,73000,United States,Mid-level,Full-time,In-person,United States,M,67160.0,100.0,73000.0
2023,Data Scientist,Data Science and Research,USD,185900,185900,United States,Senior,Full-time,Remote,United States,M,171028.0,100.0,185900.0
2023,Data Scientist,Data Science and Research,USD,129300,129300,United States,Senior,Full-time,Remote,United States,M,118956.0,100.0,129300.0
2023,Data Engineer,Data Engineering,USD,130000,130000,United States,Mid-level,Full-time,In-person,United States,M,119600.0,100.0,130000.0
2023,Data Engineer,Data Engineering,USD,104000,104000,United States,Mid-level,Full-time,In-person,United States,M,95680.0,100.0,104000.0
2023,Data Engineer,Data Engineering,USD,143000,143000,United States,Senior,Full-time,Remote,United States,M,131560.0,100.0,143000.0
2023,Data Engineer,Data Engineering,USD,116000,116000,United States,Senior,Full-time,Remote,United States,M,106720.0,100.0,116000.0
2023,Research Scientist,Data Science and Research,USD,220000,220000,United States,Mid-level,Full-time,In-person,United States,M,202400.0,100.0,220000.0
2023,Research Scientist,Data Science and Research,USD,180000,180000,United States,Mid-level,Full-time,In-person,United States,M,165600.0,100.0,180000.0
2023,Data Engineer,Data Engineering,USD,215000,215000,United States,Senior,Full-time,In-person,United States,M,197800.0,100.0,215000.0
2023,Data Engineer,Data Engineering,USD,200000,200000,United States,Senior,Full-time,In-person,United States,M,184000.0,100.0,200000.0
2023,Data Scientist,Data Science and Research,USD,253000,253000,United States,Mid-level,Full-time,In-person,United States,M,232760.0,100.0,253000.0
2023,Data Scientist,Data Science and Research,USD,131000,131000,United States,Mid-level,Full-time,In-person,United States,M,120520.0,100.0,131000.0
2023,Machine Learning Engineer,Machine Learning and AI,USD,220000,220000,United States,Senior,Full-time,In-person,United States,M,202400.0,100.0,220000.0
2023,Machine Learning Engineer,Machine Learning and AI,USD,176000,176000,United States,Senior,Full-time,In-person,United States,M,161920.0,100.0,176000.0
2023,Data Quality Analyst,Data Quality and Operations,GBP,40000,49216,United Kingdom,Entry-level,Full-time,Remote,United Kingdom,M,45278.72,82.7,59511.49
2023,Data Quality Analyst,Data Quality and Operations,GBP,30000,36912,United Kingdom,Entry-level,Full-time,Remote,United Kingdom,M,33959.04,82.7,44633.62
2023,Data Scientist,Data Science and Research,USD,210000,210000,United States,Senior,Full-time,In-person,United States,M,193200.0,100.0,210000.0
2023,Data Scientist,Data Science and Research,USD,147000,147000,United States,Senior,Full-time,In-person,United States,M,135240.0,100.0,147000.0
2023,Data Product Manager,Leadership and Management,USD,186000,186000,United States,Mid-level,Full-time,In-person,United States,M,171120.0,100.0,186000.0
2023,Data Product Manager,Leadership and Management,USD,161000,161000,United States,Mid-level,Full-time,In-person,United States,M,148120.0,100.0,161000.0
2023,Machine Learning Engineer,Machine Learning and AI,USD,205000,205000,United States,Senior,Full-time,In-person,United States,M,188600.0,100.0,205000.0
2023,Data Engineer,Data Engineering,USD,220000,220000,Canada,Mid-level,Full-time,Remote,Canada,M,202400.0,79.3,277427.49
2023,Data Engineer,Data Engineering,USD,190000,190000,Canada,Mid-level,Full-time,Remote,Canada,M,174800.0,79.3,239596.47
2023,Data Analyst,Data Analysis,USD,137000,137000,United States,Senior,Full-time,Remote,United States,M,126040.0,100.0,137000.0
2023,Data Analyst,Data Analysis,USD,110000,110000,United States,Senior,Full-time,Remote,United States,M,101200.0,100.0,110000.0
2023,Data Scientist,Data Science and Research,USD,172000,172000,United States,Senior,Full-time,Remote,United States,M,158240.0,100.0,172000.0
2023,Data Scientist,Data Science and Research,USD,146000,146000,United States,Senior,Full-time,Remote,United States,M,134320.0,100.0,146000.0
2023,Data Engineer,Data Engineering,USD,148000,148000,United States,Mid-level,Full-time,In-person,United States,M,136160.0,100.0,148000.0
2023,Data Engineer,Data Engineering,USD,99000,99000,United States,Mid-level,Full-time,In-person,United States,M,91080.0,100.0,99000.0
2023,Data Scientist,Data Science and Research,USD,150000,150000,United States,Senior,Full-time,In-person,United States,M,138000.0,100.0,150000.0
2023,Data Analyst,Data Analysis,USD,105000,105000,United States,Entry-level,Full-time,In-person,United States,M,96600.0,100.0,105000.0
2023,Data Engineer,Data Engineering,USD,99000,99000,United States,Senior,Full-time,In-person,United States,M,91080.0,100.0,99000.0
2023,Data Engineer,Data Engineering,USD,52500,52500,United States,Senior,Full-time,In-person,United States,M,48300.0,100.0,52500.0
2023,Machine Learning Scientist,Machine Learning and AI,USD,180514,180514,United States,Senior,Full-time,Remote,United States,M,166072.88,100.0,180514.0
2023,Machine Learning Scientist,Machine Learning and AI,USD,108308,108308,United States,Senior,Full-time,Remote,United States,M,99643.36,100.0,108308.0
2023,Machine Learning Engineer,Machine Learning and AI,USD,210000,210000,United States,Senior,Full-time,In-person,United States,M,193200.0,100.0,210000.0
2023,Machine Learning Engineer,Machine Learning and AI,USD,147000,147000,United States,Senior,Full-time,In-person,United States,M,135240.0,100.0,147000.0
2023,Data Engineer,Data Engineering,USD,290300,290300,United States,Senior,Full-time,In-person,United States,M,267076.0,100.0,290300.0
2023,Data Engineer,Data Engineering,USD,196685,196685,United States,Senior,Full-time,In-person,United States,M,180950.2,100.0,196685.0
2023,AI Engineer,Machine Learning and AI,USD,220000,220000,United States,Senior,Full-time,In-person,United States,M,202400.0,100.0,220000.0
2023,AI Engineer,Machine Learning and AI,USD,176000,176000,United States,Senior,Full-time,In-person,United States,M,161920.0,100.0,176000.0
2023,Machine Learning Engineer,Machine Learning and AI,USD,175000,175000,United States,Mid-level,Full-time,In-person,United States,M,161000.0,100.0,175000.0
2023,Machine Learning Engineer,Machine Learning and AI,USD,130000,130000,United States,Mid-level,Full-time,In-person,United States,M,119600.0,100.0,130000.0
2023,Data Architect,Data Architecture and Modeling,USD,185000,185000,United States,Senior,Full-time,In-person,United States,M,170200.0,100.0,185000.0
2023,Data Architect,Data Architecture and Modeling,USD,150000,150000,United States,Senior,Full-time,In-person,United States,M,138000.0,100.0,150000.0
2023,Data Engineer,Data Engineering,USD,145000,145000,United States,Senior,Full-time,In-person,United States,M,133400.0,100.0,145000.0
2023,Data Engineer,Data Engineering,USD,115000,115000,United States,Senior,Full-time,In-person,United States,M,105800.0,100.0,115000.0
2023,MLOps Engineer,Machine Learning and AI,USD,133000,133000,United States,Entry-level,Full-time,In-person,United States,M,122360.0,100.0,133000.0
2023,MLOps Engineer,Machine Learning and AI,USD,58300,58300,United States,Entry-level,Full-time,In-person,United States,M,53636.0,100.0,58300.0
2023,Analytics Engineer,Leadership and Management,USD,115000,115000,United States,Senior,Full-time,In-person,United States,M,105800.0,100.0,115000.0
2023,Analytics Engineer,Leadership and Management,USD,95000,95000,United States,Senior,Full-time,In-person,United States,M,87400.0,100.0,95000.0
2023,Data Engineer,Data Engineering,GBP,89600,110244,United Kingdom,Mid-level,Full-time,In-person,United Kingdom,M,101424.48,82.7,133305.93
2023,Data Engineer,Data Engineering,GBP,32000,39372,United Kingdom,Mid-level,Full-time,In-person,United Kingdom,M,36222.24,82.7,47608.22
2023,Data Scientist,Data Science and Research,EUR,40000,43187,Spain,Entry-level,Full-time,In-person,Spain,M,39732.04,62.8,68769.11
2023,Data Scientist,Data Science and Research,EUR,29000,31310,Spain,Entry-level,Full-time,In-person,Spain,M,28805.2,62.8,49856.69
2023,Data Analyst,Data Analysis,GBP,75000,92280,United Kingdom,Entry-level,Full-time,In-person,United Kingdom,M,84897.6,82.7,111584.04
2023,Data Analyst,Data Analysis,GBP,55000,67672,United Kingdom,Entry-level,Full-time,In-person,United Kingdom,M,62258.24,82.7,81828.3
2023,Data Scientist,Data Science and Research,EUR,70000,75577,Ireland,Senior,Full-time,Hybrid,Ireland,L,69530.84,91.1,82960.48
2023,Deep Learning Engineer,Machine Learning and AI,CAD,409500,303387,Canada,Senior,Full-time,Remote,Canada,M,279116.04,79.3,382581.34
2023,Deep Learning Engineer,Machine Learning and AI,CAD,135000,100017,Canada,Senior,Full-time,Remote,Canada,M,92015.64,79.3,126124.84
2023,Data Engineer,Data Engineering,USD,230300,230300,United States,Senior,Full-time,In-person,United States,M,211876.0,100.0,230300.0
2023,Data Engineer,Data Engineering,USD,140000,140000,United States,Senior,Full-time,In-person,United States,M,128800.0,100.0,140000.0
2023,Data Engineer,Data Engineering,USD,124935,124935,South Africa,Senior,Full-time,In-person,South Africa,M,114940.2,36.8,339497.28
2023,Data Engineer,Data Engineering,USD,76050,76050,South Africa,Senior,Full-time,In-person,South Africa,M,69966.0,36.8,206657.61
2023,Data Scientist,Data Science and Research,USD,224800,224800,United States,Senior,Full-time,In-person,United States,M,206816.0,100.0,224800.0
2023,Data Scientist,Data Science and Research,USD,131100,131100,United States,Senior,Full-time,In-person,United States,M,120612.0,100.0,131100.0
2023,Data Scientist,Data Science and Research,USD,258000,258000,United States,Senior,Full-time,In-person,United States,M,237360.0,100.0,258000.0
2023,Data Scientist,Data Science and Research,USD,171000,171000,United States,Senior,Full-time,In-person,United States,M,157320.0,100.0,171000.0
2023,Data Engineer,Data Engineering,USD,196000,196000,United States,Senior,Full-time,In-person,United States,M,180320.0,100.0,196000.0
2023,Data Engineer,Data Engineering,USD,121000,121000,United States,Senior,Full-time,In-person,United States,M,111320.0,100.0,121000.0
2023,Data Engineer,Data Engineering,USD,195800,195800,United States,Senior,Full-time,In-person,United States,M,180136.0,100.0,195800.0
2023,Data Engineer,Data Engineering,USD,171500,171500,United States,Senior,Full-time,In-person,United States,M,157780.0,100.0,171500.0
2023,Data Modeler,Data Architecture and Modeling,USD,166000,166000,United States,Mid-level,Full-time,In-person,United States,M,152720.0,100.0,166000.0
2023,Data Modeler,Data Architecture and Modeling,USD,73100,73100,United States,Mid-level,Full-time,In-person,United States,M,67252.0,100.0,73100.0
2023,Data Scientist,Data Science and Research,USD,220000,220000,United States,Mid-level,Full-time,In-person,United States,M,202400.0,100.0,220000.0
2023,Data Scientist,Data Science and Research,USD,160000,160000,United States,Mid-level,Full-time,In-person,United States,M,147200.0,100.0,160000.0
2023,Data Scientist,Data Science and Research,USD,85000,85000,United States,Entry-level,Full-time,In-person,United States,M,78200.0,100.0,85000.0
2023,Data Scientist,Data Science and Research,USD,65000,65000,United States,Entry-level,Full-time,In-person,United States,M,59800.0,100.0,65000.0
2023,Machine Learning Engineer,Machine Learning and AI,USD,220000,220000,United States,Mid-level,Full-time,In-person,United States,M,202400.0,100.0,220000.0
2023,Machine Learning Engineer,Machine Learning and AI,USD,100000,100000,United States,Mid-level,Full-time,In-person,United States,M,92000.0,100.0,100000.0
2023,Data Scientist,Data Science and Research,USD,185000,185000,United States,Senior,Full-time,In-person,United States,M,170200.0,100.0,185000.0
2023,Data Scientist,Data Science and Research,USD,152000,152000,United States,Senior,Full-time,In-person,United States,M,139840.0,100.0,152000.0
2023,Data Scientist,Data Science and Research,EUR,45000,48585,Spain,Senior,Full-time,In-person,Spain,M,44698.2,62.8,77364.65
2023,Data Scientist,Data Science and Research,EUR,36000,38868,Spain,Senior,Full-time,In-person,Spain,M,35758.56,62.8,61891.72
2023,Research Engineer,Data Science and Research,USD,220000,220000,United States,Mid-level,Full-time,In-person,United States,M,202400.0,100.0,220000.0
2023,Research Engineer,Data Science and Research,USD,100000,100000,United States,Mid-level,Full-time,In-person,United States,M,92000.0,100.0,100000.0
2023,Data Analyst,Data Analysis,USD,110000,110000,Poland,Senior,Full-time,Remote,Poland,M,101200.0,52.4,209923.66
2023,Data Analyst,Data Analysis,USD,80000,80000,Poland,Senior,Full-time,Remote,Poland,M,73600.0,52.4,152671.76
2023,Data Analyst,Data Analysis,GBP,30000,36912,United Kingdom,Senior,Full-time,Remote,United Kingdom,S,33959.04,82.7,44633.62
2023,Data Scientist,Data Science and Research,USD,150200,150200,United States,Senior,Full-time,In-person,United States,M,138184.0,100.0,150200.0
2023,Data Scientist,Data Science and Research,USD,71000,71000,United States,Senior,Full-time,In-person,United States,M,65320.0,100.0,71000.0
2023,Data Engineer,Data Engineering,USD,167200,167200,United States,Senior,Full-time,In-person,United States,M,153824.0,100.0,167200.0
2023,Data Engineer,Data Engineering,USD,133000,133000,United States,Senior,Full-time,In-person,United States,M,122360.0,100.0,133000.0
2023,Data Engineer,Data Engineering,USD,58400,58400,United States,Senior,Full-time,In-person,United States,M,53728.0,100.0,58400.0
2023,Data Scientist,Data Science and Research,USD,135000,135000,United States,Mid-level,Full-time,In-person,United States,M,124200.0,100.0,135000.0
2023,Data Scientist,Data Science and Research,USD,110000,110000,United States,Mid-level,Full-time,In-person,United States,M,101200.0,100.0,110000.0
2023,Data Product Owner,Leadership and Management,GBP,85000,104584,United Kingdom,Mid-level,Full-time,In-person,United Kingdom,M,96217.28,82.7,126461.91
2023,Data Product Owner,Leadership and Management,GBP,60000,73824,United Kingdom,Mid-level,Full-time,In-person,United Kingdom,M,67918.08,82.7,89267.23
2023,Data Scientist,Data Science and Research,USD,187415,187415,United States,Senior,Full-time,In-person,United States,M,172421.8,100.0,187415.0
2023,Data Scientist,Data Science and Research,USD,114080,114080,United States,Senior,Full-time,In-person,United States,M,104953.6,100.0,114080.0
2023,Data Engineer,Data Engineering,USD,166000,166000,United States,Mid-level,Full-time,In-person,United States,M,152720.0,100.0,166000.0
2023,Data Engineer,Data Engineering,USD,73100,73100,United States,Mid-level,Full-time,In-person,United States,M,67252.0,100.0,73100.0
2023,Machine Learning Engineer,Machine Learning and AI,USD,306400,306400,Canada,Senior,Full-time,In-person,Canada,M,281888.0,79.3,386380.83
2023,Machine Learning Engineer,Machine Learning and AI,USD,168700,168700,Canada,Senior,Full-time,In-person,Canada,M,155204.0,79.3,212736.44
2023,Data Analyst,Data Analysis,GBP,26800,32974,United Kingdom,Entry-level,Full-time,In-person,United Kingdom,M,30336.08,82.7,39871.83
2023,Data Analyst,Data Analysis,USD,165000,165000,United States,Senior,Full-time,Remote,United States,M,151800.0,100.0,165000.0
2023,Data Analyst,Data Analysis,USD,140000,140000,United States,Senior,Full-time,Remote,United States,M,128800.0,100.0,140000.0
2023,Analytics Engineer,Leadership and Management,USD,150000,150000,United States,Mid-level,Full-time,Remote,United States,M,138000.0,100.0,150000.0
2023,Data Analyst,Data Analysis,USD,167000,167000,United States,Mid-level,Full-time,In-person,United States,M,153640.0,100.0,167000.0
2023,Data Analyst,Data Analysis,USD,121000,121000,United States,Mid-level,Full-time,In-person,United States,M,111320.0,100.0,121000.0
2023,Data Scientist,Data Science and Research,USD,190200,190200,United States,Senior,Full-time,In-person,United States,M,174984.0,100.0,190200.0
2023,Data Scientist,Data Science and Research,USD,95100,95100,United States,Senior,Full-time,In-person,United States,M,87492.0,100.0,95100.0
2023,Data Analyst,Data Analysis,USD,133000,133000,United States,Entry-level,Full-time,In-person,United States,M,122360.0,100.0,133000.0
2023,Data Analyst,Data Analysis,USD,58400,58400,United States,Entry-level,Full-time,In-person,United States,M,53728.0,100.0,58400.0
2023,Data Engineer,Data Engineering,USD,90000,90000,United States,Mid-level,Full-time,Remote,United States,M,82800.0,100.0,90000.0
2023,Data Engineer,Data Engineering,USD,70000,70000,United States,Mid-level,Full-time,Remote,United States,M,64400.0,100.0,70000.0
2023,Data Scientist,Data Science and Research,USD,73100,73100,United States,Mid-level,Full-time,In-person,United States,M,67252.0,100.0,73100.0
2023,Data Engineer,Data Engineering,USD,135000,135000,United States,Senior,Full-time,In-person,United States,M,124200.0,100.0,135000.0
2023,Data Engineer,Data Engineering,USD,100000,100000,United States,Senior,Full-time,In-person,United States,M,92000.0,100.0,100000.0
2023,Data Engineer,Data Engineering,USD,180514,180514,United Kingdom,Senior,Full-time,Remote,United Kingdom,M,166072.88,82.7,218275.7
2023,Data Engineer,Data Engineering,USD,108308,108308,United Kingdom,Senior,Full-time,Remote,United Kingdom,M,99643.36,82.7,130964.93
2023,Machine Learning Engineer,Machine Learning and AI,USD,294000,294000,United States,Senior,Full-time,In-person,United States,M,270480.0,100.0,294000.0
2023,Machine Learning Engineer,Machine Learning and AI,USD,192000,192000,United States,Senior,Full-time,In-person,United States,M,176640.0,100.0,192000.0
2023,Machine Learning Engineer,Machine Learning and AI,USD,266000,266000,United States,Senior,Full-time,In-person,United States,M,244720.0,100.0,266000.0
2023,Machine Learning Engineer,Machine Learning and AI,USD,167000,167000,United States,Senior,Full-time,In-person,United States,M,153640.0,100.0,167000.0
2023,Machine Learning Engineer,Machine Learning and AI,USD,200000,200000,United States,Senior,Full-time,Remote,United States,M,184000.0,100.0,200000.0
2023,Machine Learning Engineer,Machine Learning and AI,USD,150000,150000,United States,Senior,Full-time,Remote,United States,M,138000.0,100.0,150000.0
2023,Data Analyst,Data Analysis,USD,163800,163800,United States,Entry-level,Full-time,Remote,United States,M,150696.0,100.0,163800.0
2023,Data Analyst,Data Analysis,USD,88200,88200,United States,Entry-level,Full-time,Remote,United States,M,81144.0,100.0,88200.0
2023,Data Analyst,Data Analysis,USD,180400,180400,United States,Senior,Full-time,In-person,United States,M,165968.0,100.0,180400.0
2023,Data Analyst,Data Analysis,USD,138800,138800,United States,Senior,Full-time,In-person,United States,M,127696.0,100.0,138800.0
2023,Data Analyst,Data Analysis,GBP,55000,67672,United Kingdom,Mid-level,Full-time,In-person,United Kingdom,M,62258.24,82.7,81828.3
2023,Data Analyst,Data Analysis,GBP,45000,55368,United Kingdom,Mid-level,Full-time,In-person,United Kingdom,M,50938.56,82.7,66950.42
2023,Machine Learning Engineer,Machine Learning and AI,USD,319000,319000,United States,Senior,Full-time,Remote,United States,M,293480.0,100.0,319000.0
2023,Machine Learning Engineer,Machine Learning and AI,USD,206000,206000,United States,Senior,Full-time,Remote,United States,M,189520.0,100.0,206000.0
2023,Data Scientist,Data Science and Research,USD,215000,215000,United States,Senior,Full-time,In-person,United States,M,197800.0,100.0,215000.0
2023,Data Scientist,Data Science and Research,USD,142000,142000,United States,Senior,Full-time,In-person,United States,M,130640.0,100.0,142000.0
2023,Data Scientist,Data Science and Research,USD,266000,266000,United States,Senior,Full-time,In-person,United States,M,244720.0,100.0,266000.0
2023,Data Scientist,Data Science and Research,USD,167000,167000,United States,Senior,Full-time,In-person,United States,M,153640.0,100.0,167000.0
2023,Data Analyst,Data Analysis,USD,140130,140130,United States,Senior,Full-time,In-person,United States,M,128919.6,100.0,140130.0
2023,Data Analyst,Data Analysis,USD,84870,84870,United States,Senior,Full-time,In-person,United States,M,78080.4,100.0,84870.0
2023,Data Engineer,Data Engineering,USD,178300,178300,United States,Mid-level,Full-time,In-person,United States,M,164036.0,100.0,178300.0
2023,Data Engineer,Data Engineering,USD,105400,105400,United States,Mid-level,Full-time,In-person,United States,M,96968.0,100.0,105400.0
2023,Machine Learning Engineer,Machine Learning and AI,USD,215000,215000,United States,Senior,Full-time,In-person,United States,M,197800.0,100.0,215000.0
2023,Machine Learning Engineer,Machine Learning and AI,USD,142000,142000,United States,Senior,Full-time,In-person,United States,M,130640.0,100.0,142000.0
2023,Research Scientist,Data Science and Research,USD,240000,240000,United States,Senior,Full-time,Remote,United States,M,220800.0,100.0,240000.0
2023,Research Scientist,Data Science and Research,USD,210000,210000,United States,Senior,Full-time,Remote,United States,M,193200.0,100.0,210000.0
2023,Data Engineer,Data Engineering,USD,150000,150000,United States,Mid-level,Full-time,In-person,United States,M,138000.0,100.0,150000.0
2023,Data Science Consultant,Data Science and Research,USD,116000,116000,United States,Senior,Full-time,In-person,United States,M,106720.0,100.0,116000.0
2023,Data Science Consultant,Data Science and Research,USD,90000,90000,United States,Senior,Full-time,In-person,United States,M,82800.0,100.0,90000.0
2023,Data Science Consultant,Data Science and Research,USD,145000,145000,United States,Senior,Full-time,In-person,United States,M,133400.0,100.0,145000.0
2023,Data Science Consultant,Data Science and Research,USD,128000,128000,United States,Senior,Full-time,In-person,United States,M,117760.0,100.0,128000.0
2023,Data Engineer,Data Engineering,USD,154000,154000,United States,Senior,Full-time,Remote,United States,M,141680.0,100.0,154000.0
2023,Data Engineer,Data Engineering,USD,126000,126000,United States,Senior,Full-time,Remote,United States,M,115920.0,100.0,126000.0
2023,Machine Learning Scientist,Machine Learning and AI,USD,240000,240000,United States,Senior,Full-time,In-person,United States,M,220800.0,100.0,240000.0
2023,Machine Learning Scientist,Machine Learning and AI,USD,157250,157250,United States,Senior,Full-time,In-person,United States,M,144670.0,100.0,157250.0
2023,Data Engineer,Data Engineering,USD,219650,219650,United States,Executive,Full-time,Remote,United States,M,202078.0,100.0,219650.0
2023,Data Engineer,Data Engineering,USD,136000,136000,United States,Executive,Full-time,Remote,United States,M,125120.0,100.0,136000.0
2023,Machine Learning Engineer,Machine Learning and AI,USD,180000,180000,United States,Mid-level,Full-time,Remote,United States,M,165600.0,100.0,180000.0
2023,Machine Learning Engineer,Machine Learning and AI,USD,125000,125000,United States,Mid-level,Full-time,Remote,United States,M,115000.0,100.0,125000.0
2023,Data Scientist,Data Science and Research,USD,247600,247600,United States,Senior,Full-time,In-person,United States,L,227792.0,100.0,247600.0
2023,Data Scientist,Data Science and Research,USD,127300,127300,United States,Senior,Full-time,In-person,United States,L,117116.0,100.0,127300.0
2023,Data Scientist,Data Science and Research,USD,60000,60000,United States,Mid-level,Full-time,In-person,United States,M,55200.0,100.0,60000.0
2023,Data Scientist,Data Science and Research,USD,55000,55000,United States,Mid-level,Full-time,In-person,United States,M,50600.0,100.0,55000.0
2023,Data Engineer,Data Engineering,USD,250000,250000,United States,Mid-level,Full-time,In-person,United States,M,230000.0,100.0,250000.0
2023,Data Engineer,Data Engineering,USD,125000,125000,United States,Mid-level,Full-time,In-person,United States,M,115000.0,100.0,125000.0
2023,Machine Learning Engineer,Machine Learning and AI,USD,190000,190000,United States,Senior,Full-time,Remote,United States,M,174800.0,100.0,190000.0
2023,Machine Learning Engineer,Machine Learning and AI,USD,170000,170000,United States,Senior,Full-time,Remote,United States,M,156400.0,100.0,170000.0
2023,Data Scientist,Data Science and Research,USD,202600,202600,United States,Senior,Full-time,Remote,United States,M,186392.0,100.0,202600.0
2023,Data Scientist,Data Science and Research,USD,168800,168800,United States,Senior,Full-time,Remote,United States,M,155296.0,100.0,168800.0
2023,Data Engineer,Data Engineering,USD,132000,132000,United States,Mid-level,Full-time,Remote,United States,M,121440.0,100.0,132000.0
2023,Data Engineer,Data Engineering,USD,111000,111000,United States,Mid-level,Full-time,Remote,United States,M,102120.0,100.0,111000.0
2023,Data Scientist,Data Science and Research,USD,203000,203000,United States,Senior,Full-time,Remote,United States,M,186760.0,100.0,203000.0
2023,Data Scientist,Data Science and Research,USD,127000,127000,United States,Senior,Full-time,Remote,United States,M,116840.0,100.0,127000.0
2023,Business Intelligence Analyst,BI and Visualization,USD,125009,125009,United States,Mid-level,Full-time,Remote,United States,M,115008.28,100.0,125009.0
2023,Business Intelligence Analyst,BI and Visualization,USD,83339,83339,United States,Mid-level,Full-time,Remote,United States,M,76671.88,100.0,83339.0
2023,Data Analyst,Data Analysis,USD,112200,112200,United States,Senior,Full-time,Remote,United States,M,103224.0,100.0,112200.0
2023,Data Analyst,Data Analysis,USD,91800,91800,United States,Senior,Full-time,Remote,United States,M,84456.0,100.0,91800.0
2023,Machine Learning Engineer,Machine Learning and AI,USD,200000,200000,United States,Senior,Full-time,In-person,United States,M,184000.0,100.0,200000.0
2023,Machine Learning Engineer,Machine Learning and AI,USD,160000,160000,United States,Senior,Full-time,In-person,United States,M,147200.0,100.0,160000.0
2023,AI Developer,Machine Learning and AI,EUR,150000,161952,France,Senior,Full-time,Hybrid,France,M,148995.84,79.8,202947.37
2023,Data Engineer,Data Engineering,USD,160000,160000,United States,Mid-level,Full-time,In-person,United States,M,147200.0,100.0,160000.0
2023,Data Scientist,Data Science and Research,USD,133000,133000,United States,Entry-level,Part-time,In-person,United States,M,122360.0,100.0,133000.0
2023,Data Scientist,Data Science and Research,USD,58300,58300,United States,Entry-level,Part-time,In-person,United States,M,53636.0,100.0,58300.0
2023,Data Engineer,Data Engineering,USD,254000,254000,United States,Senior,Full-time,In-person,United States,M,233680.0,100.0,254000.0
2023,Data Engineer,Data Engineering,USD,159000,159000,United States,Senior,Full-time,In-person,United States,M,146280.0,100.0,159000.0
2023,Data Engineer,Data Engineering,USD,170000,170000,United States,Senior,Full-time,In-person,United States,M,156400.0,100.0,170000.0
2023,Data Engineer,Data Engineering,USD,85000,85000,United States,Senior,Full-time,In-person,United States,M,78200.0,100.0,85000.0
2023,Data Scientist,Data Science and Research,USD,130500,130500,United States,Mid-level,Full-time,In-person,United States,M,120060.0,100.0,130500.0
2023,Data Scientist,Data Science and Research,USD,116000,116000,United States,Mid-level,Full-time,In-person,United States,M,106720.0,100.0,116000.0
2023,Research Analyst,Data Science and Research,USD,81400,81400,United States,Entry-level,Full-time,Remote,United States,M,74888.0,100.0,81400.0
2023,Research Analyst,Data Science and Research,USD,43500,43500,United States,Entry-level,Full-time,Remote,United States,M,40020.0,100.0,43500.0
2023,Data Engineer,Data Engineering,USD,169000,169000,United States,Mid-level,Full-time,In-person,United States,M,155480.0,100.0,169000.0
2023,Data Engineer,Data Engineering,USD,92000,92000,United States,Mid-level,Full-time,In-person,United States,M,84640.0,100.0,92000.0
2023,Data Analyst,Data Analysis,USD,166000,166000,United States,Senior,Full-time,In-person,United States,M,152720.0,100.0,166000.0
2023,Data Analyst,Data Analysis,USD,73100,73100,United States,Senior,Full-time,In-person,United States,M,67252.0,100.0,73100.0
2023,Research Scientist,Data Science and Research,USD,190000,190000,United States,Senior,Full-time,In-person,United States,M,174800.0,100.0,190000.0
2023,Research Scientist,Data Science and Research,USD,165000,165000,United States,Senior,Full-time,In-person,United States,M,151800.0,100.0,165000.0
2023,Machine Learning Engineer,Machine Learning and AI,USD,305600,305600,United States,Senior,Full-time,In-person,United States,M,281152.0,100.0,305600.0
2023,Machine Learning Engineer,Machine Learning and AI,USD,146600,146600,United States,Senior,Full-time,In-person,United States,M,134872.0,100.0,146600.0
2023,Data Analyst,Data Analysis,USD,150000,150000,United States,Senior,Full-time,In-person,United States,M,138000.0,100.0,150000.0
2023,Data Analyst,Data Analysis,USD,120000,120000,United States,Senior,Full-time,In-person,United States,M,110400.0,100.0,120000.0
2023,Data Engineer,Data Engineering,USD,275000,275000,United States,Senior,Full-time,In-person,United States,M,253000.0,100.0,275000.0
2023,Data Engineer,Data Engineering,USD,146400,146400,United States,Senior,Full-time,In-person,United States,M,134688.0,100.0,146400.0
2023,Data Scientist,Data Science and Research,USD,208500,208500,United States,Senior,Full-time,In-person,United States,M,191820.0,100.0,208500.0
2023,Data Scientist,Data Science and Research,USD,165000,165000,United States,Senior,Full-time,In-person,United States,M,151800.0,100.0,165000.0
2023,Data Scientist,Data Science and Research,USD,258700,258700,United States,Senior,Full-time,In-person,United States,M,238004.0,100.0,258700.0
2023,Data Scientist,Data Science and Research,USD,172500,172500,United States,Senior,Full-time,In-person,United States,M,158700.0,100.0,172500.0
2023,Data Engineer,Data Engineering,USD,185000,185000,United States,Senior,Full-time,Remote,United States,M,170200.0,100.0,185000.0
2023,Business Intelligence Analyst,BI and Visualization,USD,198200,198200,United States,Senior,Full-time,In-person,United States,M,182344.0,100.0,198200.0
2023,Business Intelligence Analyst,BI and Visualization,USD,110200,110200,United States,Senior,Full-time,In-person,United States,M,101384.0,100.0,110200.0
2023,Machine Learning Researcher,Machine Learning and AI,USD,166000,166000,United States,Senior,Full-time,In-person,United States,M,152720.0,100.0,166000.0
2023,Machine Learning Researcher,Machine Learning and AI,USD,73100,73100,United States,Senior,Full-time,In-person,United States,M,67252.0,100.0,73100.0
2023,Machine Learning Researcher,Machine Learning and AI,USD,212000,212000,United States,Senior,Full-time,In-person,United States,M,195040.0,100.0,212000.0
2023,Machine Learning Researcher,Machine Learning and AI,USD,93300,93300,United States,Senior,Full-time,In-person,United States,M,85836.0,100.0,93300.0
2023,AI Engineer,Machine Learning and AI,USD,212000,212000,United States,Senior,Full-time,In-person,United States,M,195040.0,100.0,212000.0
2023,AI Engineer,Machine Learning and AI,USD,93300,93300,United States,Senior,Full-time,In-person,United States,M,85836.0,100.0,93300.0
2023,Data Engineer,Data Engineering,USD,166000,166000,United States,Senior,Full-time,In-person,United States,M,152720.0,100.0,166000.0
2023,Data Engineer,Data Engineering,USD,73100,73100,United States,Senior,Full-time,In-person,United States,M,67252.0,100.0,73100.0
2023,Data Engineer,Data Engineering,USD,167100,167100,United States,Mid-level,Full-time,In-person,United States,M,153732.0,100.0,167100.0
2023,Data Engineer,Data Engineering,USD,111400,111400,United States,Mid-level,Full-time,In-person,United States,M,102488.0,100.0,111400.0
2023,Data Scientist,Data Science and Research,USD,166000,166000,United States,Entry-level,Full-time,Remote,United States,M,152720.0,100.0,166000.0
2023,Data Scientist,Data Science and Research,USD,73100,73100,United States,Entry-level,Full-time,Remote,United States,M,67252.0,100.0,73100.0
2023,Data Analyst,Data Analysis,USD,170000,170000,United States,Executive,Full-time,In-person,United States,M,156400.0,100.0,170000.0
2023,Data Analyst,Data Analysis,USD,145000,145000,United States,Executive,Full-time,In-person,United States,M,133400.0,100.0,145000.0
2023,Data Architect,Data Architecture and Modeling,USD,170000,170000,United States,Senior,Full-time,Remote,United States,M,156400.0,100.0,170000.0
2023,Data Architect,Data Architecture and Modeling,USD,135000,135000,United States,Senior,Full-time,Remote,United States,M,124200.0,100.0,135000.0
2023,Data Engineer,Data Engineering,USD,139810,139810,United States,Senior,Full-time,In-person,United States,M,128625.2,100.0,139810.0
2023,Data Engineer,Data Engineering,USD,95325,95325,United States,Senior,Full-time,In-person,United States,M,87699.0,100.0,95325.0
2023,Research Scientist,Data Science and Research,USD,278700,278700,United States,Senior,Full-time,In-person,United States,M,256404.0,100.0,278700.0
2023,Research Scientist,Data Science and Research,USD,159300,159300,United States,Senior,Full-time,In-person,United States,M,146556.0,100.0,159300.0
2023,Machine Learning Engineer,Machine Learning and AI,USD,226700,226700,Canada,Senior,Full-time,Remote,Canada,M,208564.0,79.3,285876.42
2023,Machine Learning Engineer,Machine Learning and AI,USD,151100,151100,Canada,Senior,Full-time,Remote,Canada,M,139012.0,79.3,190542.24
2023,Data Engineer,Data Engineering,USD,247300,247300,United States,Senior,Full-time,Remote,United States,M,227516.0,100.0,247300.0
2023,Data Engineer,Data Engineering,USD,139700,139700,United States,Senior,Full-time,Remote,United States,M,128524.0,100.0,139700.0
2023,Data Scientist,Data Science and Research,USD,188000,188000,United States,Senior,Full-time,Remote,United States,M,172960.0,100.0,188000.0
2023,Data Scientist,Data Science and Research,USD,139000,139000,United States,Senior,Full-time,Remote,United States,M,127880.0,100.0,139000.0
2023,Data Engineer,Data Engineering,USD,160000,160000,United States,Senior,Full-time,In-person,United States,M,147200.0,100.0,160000.0
2023,Data Engineer,Data Engineering,USD,94000,94000,United States,Senior,Full-time,In-person,United States,M,86480.0,100.0,94000.0
2023,Data Manager,Leadership and Management,USD,127000,127000,United States,Mid-level,Full-time,Remote,United States,M,116840.0,100.0,127000.0
2023,Data Manager,Leadership and Management,USD,65000,65000,United States,Mid-level,Full-time,Remote,United States,M,59800.0,100.0,65000.0
2023,ML Engineer,Machine Learning and AI,USD,276000,276000,United States,Senior,Full-time,In-person,United States,M,253920.0,100.0,276000.0
2023,ML Engineer,Machine Learning and AI,USD,174000,174000,United States,Senior,Full-time,In-person,United States,M,160080.0,100.0,174000.0
2023,Applied Scientist,Data Science and Research,USD,260000,260000,United States,Senior,Full-time,In-person,United States,L,239200.0,100.0,260000.0
2023,Applied Scientist,Data Science and Research,USD,136000,136000,United States,Senior,Full-time,In-person,United States,L,125120.0,100.0,136000.0
2023,Analytics Engineer,Leadership and Management,USD,250000,250000,United States,Executive,Full-time,Remote,United States,M,230000.0,100.0,250000.0
2023,Analytics Engineer,Leadership and Management,USD,210000,210000,United States,Executive,Full-time,Remote,United States,M,193200.0,100.0,210000.0
2023,Machine Learning Engineer,Machine Learning and AI,USD,238000,238000,United States,Senior,Full-time,In-person,United States,M,218960.0,100.0,238000.0
2023,Data Science Director,Data Science and Research,USD,212000,212000,United States,Executive,Full-time,In-person,United States,M,195040.0,100.0,212000.0
2023,Data Science Director,Data Science and Research,USD,190000,190000,United States,Executive,Full-time,In-person,United States,M,174800.0,100.0,190000.0
2023,Research Engineer,Data Science and Research,USD,261500,261500,United States,Senior,Full-time,In-person,United States,L,240580.0,100.0,261500.0
2023,Research Engineer,Data Science and Research,USD,134500,134500,United States,Senior,Full-time,In-person,United States,L,123740.0,100.0,134500.0
2023,Data Architect,Data Architecture and Modeling,USD,239000,239000,United States,Senior,Full-time,In-person,United States,L,219880.0,100.0,239000.0
2023,Data Architect,Data Architecture and Modeling,USD,122900,122900,United States,Senior,Full-time,In-person,United States,L,113068.0,100.0,122900.0
2023,Data Scientist,Data Science and Research,USD,158500,158500,Canada,Senior,Full-time,Remote,Canada,M,145820.0,79.3,199873.9
2023,Data Scientist,Data Science and Research,USD,115000,115000,Canada,Senior,Full-time,Remote,Canada,M,105800.0,79.3,145018.92
2023,ML Engineer,Machine Learning and AI,USD,331640,331640,United States,Senior,Full-time,In-person,United States,M,305108.8,100.0,331640.0
2023,ML Engineer,Machine Learning and AI,USD,267720,267720,United States,Senior,Full-time,In-person,United States,M,246302.4,100.0,267720.0
2023,Data Engineer,Data Engineering,USD,180000,180000,United States,Senior,Full-time,In-person,United States,M,165600.0,100.0,180000.0
2023,Data Engineer,Data Engineering,USD,90000,90000,United States,Senior,Full-time,In-person,United States,M,82800.0,100.0,90000.0
2023,Data Analyst,Data Analysis,USD,83000,83000,United States,Mid-level,Full-time,Remote,United States,M,76360.0,100.0,83000.0
2023,Data Analyst,Data Analysis,USD,66000,66000,United States,Mid-level,Full-time,Remote,United States,M,60720.0,100.0,66000.0
2023,Data Scientist,Data Science and Research,USD,224250,224250,United States,Senior,Full-time,In-person,United States,M,206310.0,100.0,224250.0
2023,Data Scientist,Data Science and Research,USD,121550,121550,United States,Senior,Full-time,In-person,United States,M,111826.0,100.0,121550.0
2023,Data Engineer,Data Engineering,USD,109000,109000,United States,Mid-level,Full-time,Remote,United States,M,100280.0,100.0,109000.0
2023,Data Engineer,Data Engineering,USD,100000,100000,United States,Mid-level,Full-time,Remote,United States,M,92000.0,100.0,100000.0
2023,Data Scientist,Data Science and Research,USD,205400,205400,United States,Senior,Full-time,In-person,United States,M,188968.0,100.0,205400.0
2023,Data Scientist,Data Science and Research,USD,92900,92900,United States,Senior,Full-time,In-person,United States,M,85468.0,100.0,92900.0
2023,ML Engineer,Machine Learning and AI,USD,220000,220000,United States,Entry-level,Full-time,In-person,United States,M,202400.0,100.0,220000.0
2023,ML Engineer,Machine Learning and AI,USD,130000,130000,United States,Entry-level,Full-time,In-person,United States,M,119600.0,100.0,130000.0
2023,Data Scientist,Data Science and Research,USD,160000,160000,United States,Mid-level,Full-time,Remote,United States,M,147200.0,100.0,160000.0
2023,Data Scientist,Data Science and Research,USD,110000,110000,United States,Mid-level,Full-time,Remote,United States,M,101200.0,100.0,110000.0
2023,Data Engineer,Data Engineering,USD,230000,230000,United States,Senior,Full-time,In-person,United States,M,211600.0,100.0,230000.0
2023,Business Intelligence Engineer,BI and Visualization,USD,186030,186030,United States,Senior,Full-time,Remote,United States,M,171147.6,100.0,186030.0
2023,Business Intelligence Engineer,BI and Visualization,USD,110200,110200,United States,Senior,Full-time,Remote,United States,M,101384.0,100.0,110200.0
2023,Research Engineer,Data Science and Research,USD,130000,130000,United States,Mid-level,Full-time,Remote,United States,M,119600.0,100.0,130000.0
2023,Research Engineer,Data Science and Research,USD,100000,100000,United States,Mid-level,Full-time,Remote,United States,M,92000.0,100.0,100000.0
2023,Data Scientist,Data Science and Research,USD,242000,242000,United States,Mid-level,Full-time,In-person,United States,M,222640.0,100.0,242000.0
2023,Data Scientist,Data Science and Research,USD,106200,106200,United States,Mid-level,Full-time,In-person,United States,M,97704.0,100.0,106200.0
2023,Data Scientist,Data Science and Research,USD,220000,220000,United States,Executive,Full-time,Remote,United States,M,202400.0,100.0,220000.0
2023,Data Scientist,Data Science and Research,USD,120000,120000,United States,Executive,Full-time,Remote,United States,M,110400.0,100.0,120000.0
2023,Research Analyst,Data Science and Research,USD,91200,91200,United States,Entry-level,Full-time,In-person,United States,M,83904.0,100.0,91200.0
2023,Research Analyst,Data Science and Research,USD,58200,58200,United States,Entry-level,Full-time,In-person,United States,M,53544.0,100.0,58200.0
2023,Data Scientist,Data Science and Research,USD,192000,192000,United States,Senior,Full-time,Remote,United States,M,176640.0,100.0,192000.0
2023,Data Scientist,Data Science and Research,USD,178000,178000,United States,Senior,Full-time,Remote,United States,M,163760.0,100.0,178000.0
2023,Data Engineer,Data Engineering,USD,210000,210000,United States,Senior,Full-time,Remote,United States,M,193200.0,100.0,210000.0
2023,Data Engineer,Data Engineering,USD,130000,130000,United States,Senior,Full-time,Remote,United States,M,119600.0,100.0,130000.0
2023,Research Engineer,Data Science and Research,USD,160000,160000,United States,Entry-level,Full-time,In-person,United States,M,147200.0,100.0,160000.0
2023,Research Engineer,Data Science and Research,USD,150000,150000,United States,Entry-level,Full-time,In-person,United States,M,138000.0,100.0,150000.0
2023,Data Architect,Data Architecture and Modeling,USD,206000,206000,United States,Senior,Full-time,In-person,United States,M,189520.0,100.0,206000.0
2023,Data Architect,Data Architecture and Modeling,USD,134000,134000,United States,Senior,Full-time,In-person,United States,M,123280.0,100.0,134000.0
2023,Data Scientist,Data Science and Research,USD,180000,180000,United States,Senior,Full-time,Remote,United States,M,165600.0,100.0,180000.0
2023,Data Scientist,Data Science and Research,USD,135000,135000,United States,Senior,Full-time,Remote,United States,M,124200.0,100.0,135000.0
2023,Data Scientist,Data Science and Research,USD,200000,200000,United States,Senior,Full-time,In-person,United States,M,184000.0,100.0,200000.0
2023,Data Scientist,Data Science and Research,USD,120000,120000,United States,Senior,Full-time,In-person,United States,M,110400.0,100.0,120000.0
2023,Machine Learning Engineer,Machine Learning and AI,USD,212000,212000,United States,Senior,Full-time,In-person,United States,M,195040.0,100.0,212000.0
2023,Machine Learning Engineer,Machine Learning and AI,USD,93300,93300,United States,Senior,Full-time,In-person,United States,M,85836.0,100.0,93300.0
2023,Data Engineer,Data Engineering,USD,106700,106700,United States,Mid-level,Full-time,In-person,United States,M,98164.0,100.0,106700.0
2023,Data Engineer,Data Engineering,USD,57700,57700,United States,Mid-level,Full-time,In-person,United States,M,53084.0,100.0,57700.0
2023,Machine Learning Engineer,Machine Learning and AI,USD,266400,266400,United States,Senior,Full-time,In-person,United States,M,245088.0,100.0,266400.0
2023,Machine Learning Engineer,Machine Learning and AI,USD,173300,173300,United States,Senior,Full-time,In-person,United States,M,159436.0,100.0,173300.0
2023,Data Analyst,Data Analysis,USD,125000,125000,United States,Mid-level,Full-time,In-person,United States,M,115000.0,100.0,125000.0
2023,Data Analyst,Data Analysis,USD,100000,100000,United States,Mid-level,Full-time,In-person,United States,M,92000.0,100.0,100000.0
2023,Business Intelligence Engineer,BI and Visualization,USD,165600,165600,United States,Senior,Full-time,In-person,United States,L,152352.0,100.0,165600.0
2023,Business Intelligence Engineer,BI and Visualization,USD,65800,65800,United States,Senior,Full-time,In-person,United States,L,60536.0,100.0,65800.0
2023,Data Scientist,Data Science and Research,USD,210400,210400,United States,Mid-level,Full-time,In-person,United States,M,193568.0,100.0,210400.0
2023,Data Scientist,Data Science and Research,USD,170500,170500,United States,Mid-level,Full-time,In-person,United States,M,156860.0,100.0,170500.0
2023,Data Engineer,Data Engineering,USD,170000,170000,United States,Mid-level,Full-time,Remote,United States,M,156400.0,100.0,170000.0
2023,Data Engineer,Data Engineering,USD,160000,160000,United States,Mid-level,Full-time,Remote,United States,M,147200.0,100.0,160000.0
2023,Data Scientist,Data Science and Research,USD,185400,185400,United States,Senior,Full-time,Remote,United States,M,170568.0,100.0,185400.0
2023,Data Scientist,Data Science and Research,USD,81536,81536,United States,Senior,Full-time,Remote,United States,M,75013.12,100.0,81536.0
2023,Data Analyst,Data Analysis,USD,193000,193000,United States,Senior,Full-time,In-person,United States,M,177560.0,100.0,193000.0
2023,Data Analyst,Data Analysis,USD,158000,158000,United States,Senior,Full-time,In-person,United States,M,145360.0,100.0,158000.0
2023,Data Engineer,Data Engineering,USD,170000,170000,United States,Senior,Full-time,Remote,United States,M,156400.0,100.0,170000.0
2023,Data Engineer,Data Engineering,USD,100000,100000,United States,Senior,Full-time,Remote,United States,M,92000.0,100.0,100000.0
2023,Data Analyst,Data Analysis,USD,95000,95000,United States,Mid-level,Full-time,Remote,United States,M,87400.0,100.0,95000.0
2023,Data Analyst,Data Analysis,USD,75000,75000,United States,Mid-level,Full-time,Remote,United States,M,69000.0,100.0,75000.0
2023,Data Analyst,Data Analysis,USD,115000,115000,United States,Mid-level,Full-time,In-person,United States,M,105800.0,100.0,115000.0
2023,Data Analyst,Data Analysis,USD,105000,105000,United States,Mid-level,Full-time,In-person,United States,M,96600.0,100.0,105000.0
2023,Data Engineer,Data Engineering,USD,161900,161900,United States,Senior,Full-time,In-person,United States,M,148948.0,100.0,161900.0
2023,Data Analyst,Data Analysis,USD,80000,80000,United States,Mid-level,Full-time,Remote,United States,M,73600.0,100.0,80000.0
2023,Data Analyst,Data Analysis,USD,192500,192500,United States,Senior,Full-time,Remote,United States,M,177100.0,100.0,192500.0
2023,Analytics Engineer,Leadership and Management,USD,100000,100000,United States,Mid-level,Full-time,In-person,United States,M,92000.0,100.0,100000.0
2023,Analytics Engineer,Leadership and Management,USD,75000,75000,United States,Mid-level,Full-time,In-person,United States,M,69000.0,100.0,75000.0
2023,Data Engineer,Data Engineering,USD,91000,91000,United States,Mid-level,Full-time,In-person,United States,M,83720.0,100.0,91000.0
2023,Machine Learning Engineer,Machine Learning and AI,USD,216600,216600,Canada,Senior,Full-time,In-person,Canada,M,199272.0,79.3,273139.97
2023,Data Scientist,Data Science and Research,USD,166000,166000,United States,Senior,Full-time,In-person,United States,M,152720.0,100.0,166000.0
2023,Data Scientist,Data Science and Research,USD,73100,73100,United States,Senior,Full-time,In-person,United States,M,67252.0,100.0,73100.0
2023,ML Engineer,Machine Learning and AI,USD,336300,336300,United States,Senior,Full-time,In-person,United States,M,309396.0,100.0,336300.0
2023,ML Engineer,Machine Learning and AI,USD,179000,179000,United States,Senior,Full-time,In-person,United States,M,164680.0,100.0,179000.0
2023,Machine Learning Engineer,Machine Learning and AI,USD,296400,296400,United States,Senior,Full-time,In-person,United States,M,272688.0,100.0,296400.0
2023,Machine Learning Engineer,Machine Learning and AI,USD,159600,159600,United States,Senior,Full-time,In-person,United States,M,146832.0,100.0,159600.0
2023,Head of Data,Leadership and Management,USD,258500,258500,United States,Senior,Full-time,Remote,United States,M,237820.0,100.0,258500.0
2023,Head of Data,Leadership and Management,USD,226500,226500,United States,Senior,Full-time,Remote,United States,M,208380.0,100.0,226500.0
2023,Research Scientist,Data Science and Research,USD,247250,247250,United States,Senior,Full-time,In-person,United States,M,227470.0,100.0,247250.0
2023,Research Scientist,Data Science and Research,USD,118400,118400,United States,Senior,Full-time,In-person,United States,M,108928.0,100.0,118400.0
2023,BI Analyst,BI and Visualization,USD,160000,160000,United States,Mid-level,Full-time,In-person,United States,M,147200.0,100.0,160000.0
2023,BI Analyst,BI and Visualization,USD,140000,140000,United States,Mid-level,Full-time,In-person,United States,M,128800.0,100.0,140000.0
2023,Machine Learning Engineer,Machine Learning and AI,USD,93400,93400,United States,Senior,Full-time,In-person,United States,M,85928.0,100.0,93400.0
2023,Data Scientist,Data Science and Research,GBP,140000,172256,United Kingdom,Senior,Full-time,Remote,United Kingdom,M,158475.52,82.7,208290.21
2023,Data Scientist,Data Science and Research,GBP,100000,123040,United Kingdom,Senior,Full-time,Remote,United Kingdom,M,113196.8,82.7,148778.72
2023,Data Scientist,Data Science and Research,USD,219000,219000,United States,Senior,Full-time,In-person,United States,M,201480.0,100.0,219000.0
2023,Data Scientist,Data Science and Research,USD,132000,132000,United States,Senior,Full-time,In-person,United States,M,121440.0,100.0,132000.0
2023,Data Scientist,Data Science and Research,USD,130500,130500,United States,Senior,Full-time,In-person,United States,M,120060.0,100.0,130500.0
2023,Data Scientist,Data Science and Research,USD,116000,116000,United States,Senior,Full-time,In-person,United States,M,106720.0,100.0,116000.0
2023,Research Scientist,Data Science and Research,USD,323300,323300,United States,Senior,Full-time,In-person,United States,M,297436.0,100.0,323300.0
2023,Research Scientist,Data Science and Research,USD,184700,184700,United States,Senior,Full-time,In-person,United States,M,169924.0,100.0,184700.0
2023,Machine Learning Scientist,Machine Learning and AI,USD,250000,250000,United States,Senior,Full-time,In-person,United States,M,230000.0,100.0,250000.0
2023,Machine Learning Scientist,Machine Learning and AI,USD,200000,200000,United States,Senior,Full-time,In-person,United States,M,184000.0,100.0,200000.0
2023,Data Scientist,Data Science and Research,USD,136000,136000,United States,Mid-level,Full-time,In-person,United States,M,125120.0,100.0,136000.0
2023,Data Scientist,Data Science and Research,USD,91000,91000,United States,Mid-level,Full-time,In-person,United States,M,83720.0,100.0,91000.0
2023,Data Analyst,Data Analysis,USD,143000,143000,Canada,Senior,Full-time,Remote,Canada,M,131560.0,79.3,180327.87
2023,Data Analyst,Data Analysis,USD,78000,78000,Canada,Senior,Full-time,Remote,Canada,M,71760.0,79.3,98360.66
2023,Data Scientist,Data Science and Research,USD,135000,135000,United States,Entry-level,Full-time,In-person,United States,M,124200.0,100.0,135000.0
2023,Data Scientist,Data Science and Research,USD,110000,110000,United States,Entry-level,Full-time,In-person,United States,M,101200.0,100.0,110000.0
2023,Data Engineer,Data Engineering,USD,142000,142000,Canada,Mid-level,Full-time,In-person,Canada,M,130640.0,79.3,179066.83
2023,Data Engineer,Data Engineering,USD,102200,102200,Canada,Mid-level,Full-time,In-person,Canada,M,94024.0,79.3,128877.68
2023,Data Scientist,Data Science and Research,USD,137500,137500,United States,Senior,Full-time,In-person,United States,M,126500.0,100.0,137500.0
2023,Data Scientist,Data Science and Research,USD,81500,81500,United States,Senior,Full-time,In-person,United States,M,74980.0,100.0,81500.0
2023,BI Analyst,BI and Visualization,USD,202000,202000,United States,Senior,Full-time,Remote,United States,M,185840.0,100.0,202000.0
2023,BI Analyst,BI and Visualization,USD,147000,147000,United States,Senior,Full-time,Remote,United States,M,135240.0,100.0,147000.0
2023,Data Scientist,Data Science and Research,USD,140000,140000,United States,Senior,Full-time,In-person,United States,M,128800.0,100.0,140000.0
2023,Data Scientist,Data Science and Research,USD,125000,125000,United States,Senior,Full-time,In-person,United States,M,115000.0,100.0,125000.0
2023,Data Scientist,Data Science and Research,USD,170625,170625,United States,Senior,Full-time,In-person,United States,M,156975.0,100.0,170625.0
2023,Data Scientist,Data Science and Research,USD,127950,127950,United States,Senior,Full-time,In-person,United States,M,117714.0,100.0,127950.0
2023,Data Scientist,Data Science and Research,GBP,100000,123040,United Kingdom,Mid-level,Full-time,In-person,United Kingdom,M,113196.8,82.7,148778.72
2023,Data Scientist,Data Science and Research,GBP,70000,86128,United Kingdom,Mid-level,Full-time,In-person,United Kingdom,M,79237.76,82.7,104145.1
2023,Data Analyst,Data Analysis,USD,85256,85256,United States,Entry-level,Full-time,In-person,United States,M,78435.52,100.0,85256.0
2023,Data Analyst,Data Analysis,USD,71615,71615,United States,Entry-level,Full-time,In-person,United States,M,65885.8,100.0,71615.0
2023,Data Scientist,Data Science and Research,USD,100000,100000,United States,Entry-level,Full-time,In-person,United States,L,92000.0,100.0,100000.0
2023,Research Analyst,Data Science and Research,USD,100000,100000,United States,Mid-level,Full-time,In-person,United States,S,92000.0,100.0,100000.0
2023,Data Engineer,Data Engineering,USD,185000,185000,United States,Executive,Full-time,In-person,United States,M,170200.0,100.0,185000.0
2023,Data Engineer,Data Engineering,USD,125000,125000,United States,Executive,Full-time,In-person,United States,M,115000.0,100.0,125000.0
2023,Data Management Analyst,Data Management and Strategy,USD,60000,60000,United States,Entry-level,Full-time,Remote,United States,M,55200.0,100.0,60000.0
2023,Data Management Analyst,Data Management and Strategy,USD,52000,52000,United States,Entry-level,Full-time,Remote,United States,M,47840.0,100.0,52000.0
2023,Machine Learning Engineer,Machine Learning and AI,USD,300000,300000,United States,Senior,Full-time,In-person,United States,M,276000.0,100.0,300000.0
2023,Machine Learning Engineer,Machine Learning and AI,USD,260000,260000,United States,Senior,Full-time,In-person,United States,M,239200.0,100.0,260000.0
2023,Data Scientist,Data Science and Research,USD,225000,225000,United States,Senior,Full-time,In-person,United States,M,207000.0,100.0,225000.0
2023,Data Scientist,Data Science and Research,USD,170000,170000,United States,Senior,Full-time,In-person,United States,M,156400.0,100.0,170000.0
2023,Business Intelligence Analyst,BI and Visualization,USD,100000,100000,United States,Senior,Full-time,Remote,United States,M,92000.0,100.0,100000.0
2023,Business Intelligence Analyst,BI and Visualization,USD,80000,80000,United States,Senior,Full-time,Remote,United States,M,73600.0,100.0,80000.0
2023,Machine Learning Modeler,Machine Learning and AI,USD,204500,204500,United States,Senior,Full-time,In-person,United States,M,188140.0,100.0,204500.0
2023,Machine Learning Modeler,Machine Learning and AI,USD,142200,142200,United States,Senior,Full-time,In-person,United States,M,130824.0,100.0,142200.0
2023,Data Scientist,Data Science and Research,USD,297300,297300,United States,Senior,Full-time,Remote,United States,M,273516.0,100.0,297300.0
2023,Data Scientist,Data Science and Research,USD,198200,198200,United States,Senior,Full-time,Remote,United States,M,182344.0,100.0,198200.0
2023,Machine Learning Engineer,Machine Learning and AI,USD,240000,240000,United States,Senior,Full-time,Remote,United States,M,220800.0,100.0,240000.0
2023,Business Intelligence Engineer,BI and Visualization,USD,185000,185000,United States,Senior,Full-time,In-person,United States,L,170200.0,100.0,185000.0
2023,Business Intelligence Engineer,BI and Visualization,USD,79600,79600,United States,Senior,Full-time,In-person,United States,L,73232.0,100.0,79600.0
2023,Applied Scientist,Data Science and Research,USD,222200,222200,United States,Senior,Full-time,In-person,United States,L,204424.0,100.0,222200.0
2023,Data Engineer,Data Engineering,USD,110000,110000,United States,Senior,Full-time,Remote,United States,M,101200.0,100.0,110000.0
2023,Data Engineer,Data Engineering,USD,95000,95000,United States,Senior,Full-time,Remote,United States,M,87400.0,100.0,95000.0
2023,Machine Learning Engineer,Machine Learning and AI,USD,324000,324000,United States,Senior,Full-time,In-person,United States,M,298080.0,100.0,324000.0
2023,Machine Learning Engineer,Machine Learning and AI,USD,159000,159000,United States,Senior,Full-time,In-person,United States,M,146280.0,100.0,159000.0
2023,Machine Learning Engineer,Machine Learning and AI,USD,207700,207700,Canada,Senior,Full-time,In-person,Canada,M,191084.0,79.3,261916.77
2023,Machine Learning Engineer,Machine Learning and AI,USD,133700,133700,Canada,Senior,Full-time,In-person,Canada,M,123004.0,79.3,168600.25
2023,Research Analyst,Data Science and Research,USD,71000,71000,United States,Mid-level,Full-time,Remote,United States,M,65320.0,100.0,71000.0
2023,Research Analyst,Data Science and Research,USD,57000,57000,United States,Mid-level,Full-time,Remote,United States,M,52440.0,100.0,57000.0
2023,Data Analyst,Data Analysis,USD,59000,59000,United States,Mid-level,Full-time,Remote,United States,M,54280.0,100.0,59000.0
2023,Data Analyst,Data Analysis,USD,50000,50000,United States,Mid-level,Full-time,Remote,United States,M,46000.0,100.0,50000.0
2023,Machine Learning Engineer,Machine Learning and AI,USD,234000,234000,United States,Senior,Full-time,Remote,United States,M,215280.0,100.0,234000.0
2023,Machine Learning Engineer,Machine Learning and AI,USD,208000,208000,United States,Senior,Full-time,Remote,United States,M,191360.0,100.0,208000.0
2023,Analytics Engineer,Leadership and Management,USD,187000,187000,United States,Senior,Full-time,Remote,United States,M,172040.0,100.0,187000.0
2023,Analytics Engineer,Leadership and Management,USD,128000,128000,United States,Senior,Full-time,Remote,United States,M,117760.0,100.0,128000.0
2023,AI Engineer,Machine Learning and AI,USD,50000,50000,Czech Republic,Mid-level,Contract,Remote,Canada,L,46000.0,79.3,63051.7
2023,Data Scientist,Data Science and Research,EUR,60000,64781,Spain,Mid-level,Full-time,Remote,Spain,L,59598.52,62.8,103154.46
2023,Data Scientist,Data Science and Research,EUR,53000,57223,Netherlands,Entry-level,Full-time,Hybrid,Netherlands,L,52645.16,82.6,69277.24
2023,Data Science Consultant,Data Science and Research,USD,21000,21000,Pakistan,Mid-level,Freelance,Remote,Luxembourg,S,19320.0,102.4,20507.81
2023,Data Analyst,Data Analysis,USD,135000,135000,United States,Mid-level,Full-time,In-person,United States,M,124200.0,100.0,135000.0
2023,Data Analyst,Data Analysis,USD,120000,120000,United States,Mid-level,Full-time,In-person,United States,M,110400.0,100.0,120000.0
2023,Data Architect,Data Architecture and Modeling,USD,150000,150000,United States,Mid-level,Full-time,Remote,United States,M,138000.0,100.0,150000.0
2023,Data Architect,Data Architecture and Modeling,USD,140000,140000,United States,Mid-level,Full-time,Remote,United States,M,128800.0,100.0,140000.0
2023,Data Scientist,Data Science and Research,USD,280000,280000,United States,Senior,Full-time,Remote,United States,M,257600.0,100.0,280000.0
2023,Data Scientist,Data Science and Research,USD,190000,190000,United States,Senior,Full-time,Remote,United States,M,174800.0,100.0,190000.0
2023,Business Intelligence Engineer,BI and Visualization,GBP,35000,43064,United Kingdom,Mid-level,Full-time,In-person,United Kingdom,M,39618.88,82.7,52072.55
2023,Machine Learning Engineer,Machine Learning and AI,USD,245700,245700,United States,Senior,Full-time,In-person,United States,M,226044.0,100.0,245700.0
2023,Machine Learning Engineer,Machine Learning and AI,USD,132300,132300,United States,Senior,Full-time,In-person,United States,M,121716.0,100.0,132300.0
2023,Data Specialist,Data Management and Strategy,USD,90000,90000,United States,Mid-level,Full-time,In-person,United States,M,82800.0,100.0,90000.0
2023,Data Specialist,Data Management and Strategy,USD,80000,80000,United States,Mid-level,Full-time,In-person,United States,M,73600.0,100.0,80000.0
2023,Data Scientist,Data Science and Research,USD,212000,212000,United States,Mid-level,Full-time,In-person,United States,M,195040.0,100.0,212000.0
2023,Data Scientist,Data Science and Research,USD,93300,93300,United States,Mid-level,Full-time,In-person,United States,M,85836.0,100.0,93300.0
2023,Data Engineer,Data Engineering,USD,58300,58300,United States,Mid-level,Full-time,In-person,United States,M,53636.0,100.0,58300.0
2023,Data Analyst,Data Analysis,USD,145640,145640,United States,Senior,Full-time,In-person,United States,M,133988.8,100.0,145640.0
2023,Data Analyst,Data Analysis,USD,84400,84400,United States,Senior,Full-time,In-person,United States,M,77648.0,100.0,84400.0
2023,Data Engineer,Data Engineering,USD,300000,300000,United States,Senior,Full-time,Remote,United States,M,276000.0,100.0,300000.0
2023,Data Engineer,Data Engineering,USD,195000,195000,United States,Senior,Full-time,Remote,United States,M,179400.0,100.0,195000.0
2023,Data Architect,Data Architecture and Modeling,USD,190000,190000,Canada,Senior,Full-time,Remote,Canada,M,174800.0,79.3,239596.47
2023,Data Architect,Data Architecture and Modeling,USD,107500,107500,Canada,Senior,Full-time,Remote,Canada,M,98900.0,79.3,135561.16
2023,Data Analyst,Data Analysis,USD,105000,105000,United States,Senior,Full-time,In-person,United States,M,96600.0,100.0,105000.0
2023,Data Analyst,Data Analysis,USD,75000,75000,United States,Senior,Full-time,In-person,United States,M,69000.0,100.0,75000.0
2023,Data Analyst,Data Analysis,USD,98000,98000,United States,Senior,Full-time,Remote,United States,M,90160.0,100.0,98000.0
2023,Data Scientist,Data Science and Research,USD,236160,236160,United States,Senior,Full-time,Remote,United States,M,217267.2,100.0,236160.0
2023,Data Scientist,Data Science and Research,USD,159408,159408,United States,Senior,Full-time,Remote,United States,M,146655.36,100.0,159408.0
2023,Data Analyst,Data Analysis,USD,115000,115000,United States,Senior,Full-time,Remote,United States,M,105800.0,100.0,115000.0
2023,Data Analyst,Data Analysis,USD,85000,85000,United States,Senior,Full-time,Remote,United States,M,78200.0,100.0,85000.0
2023,Data Product Manager,Leadership and Management,USD,145000,145000,United States,Senior,Full-time,In-person,United States,M,133400.0,100.0,145000.0
2023,Data Product Manager,Leadership and Management,USD,120000,120000,United States,Senior,Full-time,In-person,United States,M,110400.0,100.0,120000.0
2023,Data Analyst,Data Analysis,USD,120350,120350,United States,Senior,Full-time,Remote,United States,M,110722.0,100.0,120350.0
2023,Data Analyst,Data Analysis,USD,74400,74400,United States,Senior,Full-time,Remote,United States,M,68448.0,100.0,74400.0
2023,Data Analyst,Data Analysis,USD,158494,158494,United States,Senior,Full-time,Remote,United States,M,145814.48,100.0,158494.0
2023,Data Analyst,Data Analysis,USD,88052,88052,United States,Senior,Full-time,Remote,United States,M,81007.84,100.0,88052.0
2023,Analytics Engineer,Leadership and Management,USD,181500,181500,United States,Senior,Full-time,In-person,United States,M,166980.0,100.0,181500.0
2023,Analytics Engineer,Leadership and Management,USD,127000,127000,United States,Senior,Full-time,In-person,United States,M,116840.0,100.0,127000.0
2023,Machine Learning Engineer,Machine Learning and AI,USD,300000,300000,United States,Mid-level,Full-time,In-person,United States,M,276000.0,100.0,300000.0
2023,Machine Learning Engineer,Machine Learning and AI,USD,260000,260000,United States,Mid-level,Full-time,In-person,United States,M,239200.0,100.0,260000.0
2023,BI Data Analyst,Data Analysis,USD,25000,25000,Ukraine,Entry-level,Full-time,Remote,Netherlands,M,23000.0,82.6,30266.34
2023,Machine Learning Engineer,Machine Learning and AI,USD,225300,225300,United States,Senior,Full-time,In-person,United States,M,207276.0,100.0,225300.0
2023,Machine Learning Engineer,Machine Learning and AI,USD,197400,197400,United States,Senior,Full-time,In-person,United States,M,181608.0,100.0,197400.0
2023,Data Engineer,Data Engineering,USD,205500,205500,United States,Senior,Full-time,In-person,United States,M,189060.0,100.0,205500.0
2023,Data Engineer,Data Engineering,USD,128500,128500,United States,Senior,Full-time,In-person,United States,M,118220.0,100.0,128500.0
2023,Data Architect,Data Architecture and Modeling,USD,191600,191600,United States,Senior,Full-time,In-person,United States,M,176272.0,100.0,191600.0
2023,Data Architect,Data Architecture and Modeling,USD,125600,125600,United States,Senior,Full-time,In-person,United States,M,115552.0,100.0,125600.0
2023,Data Scientist,Data Science and Research,USD,130410,130410,United States,Mid-level,Full-time,In-person,United States,M,119977.2,100.0,130410.0
2023,Data Scientist,Data Science and Research,USD,92000,92000,United States,Mid-level,Full-time,In-person,United States,M,84640.0,100.0,92000.0
2023,Data Scientist,Data Science and Research,USD,183900,183900,United States,Senior,Full-time,In-person,United States,M,169188.0,100.0,183900.0
2023,Data Scientist,Data Science and Research,USD,108800,108800,United States,Senior,Full-time,In-person,United States,M,100096.0,100.0,108800.0
2023,Machine Learning Engineer,Machine Learning and AI,USD,275000,275000,United States,Senior,Full-time,In-person,United States,M,253000.0,100.0,275000.0
2023,Machine Learning Engineer,Machine Learning and AI,USD,121200,121200,United States,Senior,Full-time,In-person,United States,M,111504.0,100.0,121200.0
2023,Data Scientist,Data Science and Research,USD,231250,231250,United States,Senior,Full-time,In-person,United States,M,212750.0,100.0,231250.0
2023,Data Scientist,Data Science and Research,USD,111000,111000,United States,Senior,Full-time,In-person,United States,M,102120.0,100.0,111000.0
2023,Data Engineer,Data Engineering,USD,300000,300000,United States,Senior,Full-time,In-person,United States,M,276000.0,100.0,300000.0
2023,Data Engineer,Data Engineering,USD,130000,130000,United States,Senior,Full-time,In-person,United States,M,119600.0,100.0,130000.0
2023,Data Engineer,Data Engineering,USD,210500,210500,United States,Mid-level,Full-time,In-person,United States,M,193660.0,100.0,210500.0
2023,Data Engineer,Data Engineering,USD,105300,105300,United States,Mid-level,Full-time,In-person,United States,M,96876.0,100.0,105300.0
2023,Data Engineer,Data Engineering,USD,158400,158400,United States,Mid-level,Full-time,In-person,United States,M,145728.0,100.0,158400.0
2023,Data Engineer,Data Engineering,USD,85800,85800,United States,Mid-level,Full-time,In-person,United States,M,78936.0,100.0,85800.0
2023,Data Scientist,Data Science and Research,USD,156100,156100,Canada,Senior,Full-time,In-person,Canada,M,143612.0,79.3,196847.41
2023,Data Scientist,Data Science and Research,USD,100400,100400,Canada,Senior,Full-time,In-person,Canada,M,92368.0,79.3,126607.82
2023,Data Analyst,Data Analysis,USD,134200,134200,United States,Senior,Full-time,In-person,United States,M,123464.0,100.0,134200.0
2023,Data Analyst,Data Analysis,USD,103200,103200,United States,Senior,Full-time,In-person,United States,M,94944.0,100.0,103200.0
2023,Data Analyst,Data Analysis,USD,85000,85000,United States,Mid-level,Full-time,In-person,United States,M,78200.0,100.0,85000.0
2023,Data Scientist,Data Science and Research,USD,220000,220000,United States,Senior,Full-time,In-person,United States,M,202400.0,100.0,220000.0
2023,Data Scientist,Data Science and Research,USD,160000,160000,United States,Senior,Full-time,In-person,United States,M,147200.0,100.0,160000.0
2023,Data Analyst,Data Analysis,USD,95000,95000,United States,Senior,Full-time,Remote,United States,M,87400.0,100.0,95000.0
2023,Data Analyst,Data Analysis,USD,95400,95400,United States,Mid-level,Full-time,Remote,United States,M,87768.0,100.0,95400.0
2023,Data Analyst,Data Analysis,USD,57800,57800,United States,Mid-level,Full-time,Remote,United States,M,53176.0,100.0,57800.0
2023,Data Scientist,Data Science and Research,USD,86000,86000,United States,Mid-level,Full-time,In-person,United States,M,79120.0,100.0,86000.0
2023,Data Analyst,Data Analysis,USD,125000,125000,United States,Executive,Full-time,In-person,United States,M,115000.0,100.0,125000.0
2023,Data Analyst,Data Analysis,USD,87500,87500,United States,Executive,Full-time,In-person,United States,M,80500.0,100.0,87500.0
2023,Machine Learning Engineer,Machine Learning and AI,USD,170000,170000,United States,Senior,Full-time,In-person,United States,M,156400.0,100.0,170000.0
2023,Data Engineer,Data Engineering,USD,133200,133200,United States,Senior,Full-time,Remote,United States,M,122544.0,100.0,133200.0
2023,Data Engineer,Data Engineering,USD,84000,84000,United States,Senior,Full-time,Remote,United States,M,77280.0,100.0,84000.0
2023,Data Analyst,Data Analysis,USD,171000,171000,United States,Senior,Full-time,In-person,United States,M,157320.0,100.0,171000.0
2023,Data Analyst,Data Analysis,USD,93000,93000,United States,Senior,Full-time,In-person,United States,M,85560.0,100.0,93000.0
2023,Analytics Engineer,Leadership and Management,USD,216450,216450,United States,Senior,Full-time,In-person,United States,M,199134.0,100.0,216450.0
2023,Analytics Engineer,Leadership and Management,USD,123750,123750,United States,Senior,Full-time,In-person,United States,M,113850.0,100.0,123750.0
2023,Research Scientist,Data Science and Research,USD,212800,212800,United States,Senior,Full-time,In-person,United States,L,195776.0,100.0,212800.0
2023,Research Scientist,Data Science and Research,USD,124100,124100,United States,Senior,Full-time,In-person,United States,L,114172.0,100.0,124100.0
2023,Data Scientist,Data Science and Research,USD,205000,205000,United States,Mid-level,Full-time,Remote,United States,M,188600.0,100.0,205000.0
2023,Data Scientist,Data Science and Research,USD,166000,166000,United States,Mid-level,Full-time,Remote,United States,M,152720.0,100.0,166000.0
2023,Data Scientist,Data Science and Research,USD,231650,231650,United States,Senior,Full-time,In-person,United States,M,213118.0,100.0,231650.0
2023,Data Scientist,Data Science and Research,USD,189100,189100,United States,Senior,Full-time,In-person,United States,M,173972.0,100.0,189100.0
2023,Data Engineer,Data Engineering,USD,160000,160000,Canada,Senior,Full-time,Remote,Canada,M,147200.0,79.3,201765.45
2023,Data Engineer,Data Engineering,USD,120000,120000,Canada,Senior,Full-time,Remote,Canada,M,110400.0,79.3,151324.09
2023,Data Engineer,Data Engineering,USD,266875,266875,United States,Senior,Full-time,In-person,United States,M,245525.0,100.0,266875.0
2023,Data Engineer,Data Engineering,USD,128250,128250,United States,Senior,Full-time,In-person,United States,M,117990.0,100.0,128250.0
2023,Data Engineer,Data Engineering,USD,158600,158600,United States,Mid-level,Full-time,Remote,United States,M,145912.0,100.0,158600.0
2023,Data Engineer,Data Engineering,USD,115300,115300,United States,Mid-level,Full-time,Remote,United States,M,106076.0,100.0,115300.0
2023,Data Engineer,Data Engineering,USD,225300,225300,United States,Senior,Full-time,In-person,United States,M,207276.0,100.0,225300.0
2023,Data Engineer,Data Engineering,USD,197400,197400,United States,Senior,Full-time,In-person,United States,M,181608.0,100.0,197400.0
2023,Data Analyst,Data Analysis,USD,109900,109900,United States,Entry-level,Full-time,In-person,United States,M,101108.0,100.0,109900.0
2023,Data Analyst,Data Analysis,USD,61200,61200,United States,Entry-level,Full-time,In-person,United States,M,56304.0,100.0,61200.0
2023,Data Integration Engineer,Data Engineering,USD,161000,161000,United States,Senior,Full-time,Remote,United States,M,148120.0,100.0,161000.0
2023,Data Integration Engineer,Data Engineering,USD,75000,75000,United States,Senior,Full-time,Remote,United States,M,69000.0,100.0,75000.0
2023,Data Analyst,Data Analysis,USD,166000,166000,United States,Mid-level,Full-time,In-person,United States,M,152720.0,100.0,166000.0
2023,Data Analyst,Data Analysis,USD,73100,73100,United States,Mid-level,Full-time,In-person,United States,M,67252.0,100.0,73100.0
2023,Data Scientist,Data Science and Research,USD,138510,138510,United States,Mid-level,Full-time,In-person,United States,M,127429.2,100.0,138510.0
2023,Data Scientist,Data Science and Research,USD,95490,95490,United States,Mid-level,Full-time,In-person,United States,M,87850.8,100.0,95490.0
2023,Data Analyst,Data Analysis,USD,150000,150000,United States,Mid-level,Full-time,Remote,United States,M,138000.0,100.0,150000.0
2023,Data Analyst,Data Analysis,USD,110000,110000,United States,Mid-level,Full-time,Remote,United States,M,101200.0,100.0,110000.0
2023,Data Scientist,Data Science and Research,USD,232200,232200,United States,Senior,Full-time,In-person,United States,M,213624.0,100.0,232200.0
2023,Data Scientist,Data Science and Research,USD,133300,133300,United States,Senior,Full-time,In-person,United States,M,122636.0,100.0,133300.0
2023,Machine Learning Engineer,Machine Learning and AI,EUR,112800,121788,Lithuania,Senior,Full-time,In-person,Lithuania,M,112044.96,57.8,210705.88
2023,Machine Learning Engineer,Machine Learning and AI,EUR,73200,79032,Lithuania,Senior,Full-time,In-person,Lithuania,M,72709.44,57.8,136733.56
2023,Analytics Engineer,Leadership and Management,USD,178250,178250,United States,Senior,Full-time,In-person,United States,M,163990.0,100.0,178250.0
2023,Analytics Engineer,Leadership and Management,USD,110500,110500,United States,Senior,Full-time,In-person,United States,M,101660.0,100.0,110500.0
2023,AI Engineer,Machine Learning and AI,USD,190000,190000,United States,Senior,Full-time,In-person,United States,M,174800.0,100.0,190000.0
2023,AI Engineer,Machine Learning and AI,USD,160000,160000,United States,Senior,Full-time,In-person,United States,M,147200.0,100.0,160000.0
2023,Applied Scientist,Data Science and Research,USD,216000,216000,United States,Senior,Full-time,Remote,United States,M,198720.0,100.0,216000.0
2023,Applied Scientist,Data Science and Research,USD,184000,184000,United States,Senior,Full-time,Remote,United States,M,169280.0,100.0,184000.0
2023,Data Scientist,Data Science and Research,USD,166000,166000,Canada,Senior,Full-time,Remote,Canada,M,152720.0,79.3,209331.65
2023,Data Scientist,Data Science and Research,USD,104000,104000,Canada,Senior,Full-time,Remote,Canada,M,95680.0,79.3,131147.54
2023,Machine Learning Engineer,Machine Learning and AI,USD,230000,230000,United States,Senior,Full-time,In-person,United States,M,211600.0,100.0,230000.0
2023,Machine Learning Engineer,Machine Learning and AI,USD,196000,196000,United States,Senior,Full-time,In-person,United States,M,180320.0,100.0,196000.0
2023,Business Intelligence Engineer,BI and Visualization,USD,165600,165600,United States,Mid-level,Full-time,In-person,United States,L,152352.0,100.0,165600.0
2023,Business Intelligence Engineer,BI and Visualization,USD,65800,65800,United States,Mid-level,Full-time,In-person,United States,L,60536.0,100.0,65800.0
2023,Data Engineer,Data Engineering,USD,186000,186000,United States,Senior,Full-time,In-person,United States,M,171120.0,100.0,186000.0
2023,Data Engineer,Data Engineering,USD,81800,81800,United States,Senior,Full-time,In-person,United States,M,75256.0,100.0,81800.0
2023,Data Analyst,Data Analysis,USD,135000,135000,United States,Senior,Full-time,In-person,United States,M,124200.0,100.0,135000.0
2023,Data Analyst,Data Analysis,USD,82500,82500,United States,Senior,Full-time,In-person,United States,M,75900.0,100.0,82500.0
2023,Data Engineer,Data Engineering,USD,247250,247250,United States,Senior,Full-time,In-person,United States,M,227470.0,100.0,247250.0
2023,Machine Learning Scientist,Machine Learning and AI,USD,169000,169000,United States,Senior,Full-time,In-person,United States,M,155480.0,100.0,169000.0
2023,Machine Learning Scientist,Machine Learning and AI,USD,105500,105500,United States,Senior,Full-time,In-person,United States,M,97060.0,100.0,105500.0
2023,Data Scientist,Data Science and Research,USD,195800,195800,United States,Senior,Full-time,In-person,United States,M,180136.0,100.0,195800.0
2023,Data Scientist,Data Science and Research,USD,161900,161900,United States,Senior,Full-time,In-person,United States,M,148948.0,100.0,161900.0
2023,Business Intelligence Engineer,BI and Visualization,USD,108500,108500,United States,Senior,Full-time,Remote,United States,M,99820.0,100.0,108500.0
2023,Business Intelligence Engineer,BI and Visualization,USD,78800,78800,United States,Senior,Full-time,Remote,United States,M,72496.0,100.0,78800.0
2023,Research Scientist,Data Science and Research,USD,225000,225000,United States,Senior,Full-time,In-person,United States,M,207000.0,100.0,225000.0
2023,Research Scientist,Data Science and Research,USD,166000,166000,United States,Senior,Full-time,In-person,United States,M,152720.0,100.0,166000.0
2023,Business Intelligence Manager,BI and Visualization,USD,160000,160000,United States,Mid-level,Full-time,Remote,United States,M,147200.0,100.0,160000.0
2023,Business Intelligence Manager,BI and Visualization,USD,110000,110000,United States,Mid-level,Full-time,Remote,United States,M,101200.0,100.0,110000.0
2023,Data Analyst,Data Analysis,USD,120000,120000,Canada,Senior,Full-time,In-person,Canada,M,110400.0,79.3,151324.09
2023,Data Analyst,Data Analysis,USD,105000,105000,Canada,Senior,Full-time,In-person,Canada,M,96600.0,79.3,132408.58
2023,Data Analyst,Data Analysis,USD,87500,87500,United States,Mid-level,Full-time,Remote,United States,M,80500.0,100.0,87500.0
2023,Data Engineer,Data Engineering,USD,135000,135000,United States,Executive,Full-time,In-person,United States,M,124200.0,100.0,135000.0
2023,Data Engineer,Data Engineering,USD,100000,100000,United States,Executive,Full-time,In-person,United States,M,92000.0,100.0,100000.0
2023,Machine Learning Engineer,Machine Learning and AI,USD,105000,105000,Portugal,Mid-level,Full-time,Remote,Portugal,M,96600.0,62.4,168269.23
2023,Machine Learning Engineer,Machine Learning and AI,USD,95000,95000,Portugal,Mid-level,Full-time,Remote,Portugal,M,87400.0,62.4,152243.59
2023,Analytics Engineer,Leadership and Management,USD,289800,289800,United States,Senior,Full-time,In-person,United States,M,266616.0,100.0,289800.0
2023,Analytics Engineer,Leadership and Management,USD,214200,214200,United States,Senior,Full-time,In-person,United States,M,197064.0,100.0,214200.0
2023,Data Engineer,Data Engineering,USD,167500,167500,United States,Mid-level,Full-time,In-person,United States,M,154100.0,100.0,167500.0
2023,Data Engineer,Data Engineering,USD,106500,106500,United States,Mid-level,Full-time,In-person,United States,M,97980.0,100.0,106500.0
2023,Data Scientist,Data Science and Research,USD,146000,146000,United States,Senior,Full-time,In-person,United States,M,134320.0,100.0,146000.0
2023,Data Engineer,Data Engineering,USD,128000,128000,United States,Senior,Full-time,In-person,United States,M,117760.0,100.0,128000.0
2023,Data Engineer,Data Engineering,USD,81500,81500,United States,Senior,Full-time,In-person,United States,M,74980.0,100.0,81500.0
2023,Research Scientist,Data Science and Research,USD,370000,370000,United States,Senior,Full-time,In-person,United States,M,340400.0,100.0,370000.0
2023,Research Scientist,Data Science and Research,USD,200000,200000,United States,Senior,Full-time,In-person,United States,M,184000.0,100.0,200000.0
2023,Analytics Engineer,Leadership and Management,USD,175000,175000,United States,Senior,Full-time,Remote,United States,M,161000.0,100.0,175000.0
2023,Analytics Engineer,Leadership and Management,USD,160000,160000,United States,Senior,Full-time,Remote,United States,M,147200.0,100.0,160000.0
2023,Data Integration Specialist,Data Management and Strategy,USD,240000,240000,United States,Entry-level,Full-time,Remote,United States,M,220800.0,100.0,240000.0
2023,Data Integration Specialist,Data Management and Strategy,USD,100000,100000,United States,Entry-level,Full-time,Remote,United States,M,92000.0,100.0,100000.0
2023,Data Scientist,Data Science and Research,USD,180000,180000,United States,Senior,Full-time,In-person,United States,M,165600.0,100.0,180000.0
2023,Business Intelligence Engineer,BI and Visualization,USD,143000,143000,Canada,Senior,Full-time,In-person,Canada,M,131560.0,79.3,180327.87
2023,Business Intelligence Engineer,BI and Visualization,USD,127000,127000,Canada,Senior,Full-time,In-person,Canada,M,116840.0,79.3,160151.32
2023,Applied Scientist,Data Science and Research,USD,249300,249300,United States,Mid-level,Full-time,In-person,United States,L,229356.0,100.0,249300.0
2023,Applied Scientist,Data Science and Research,USD,149300,149300,United States,Mid-level,Full-time,In-person,United States,L,137356.0,100.0,149300.0
2023,Data Engineer,Data Engineering,USD,190000,190000,United States,Senior,Full-time,Remote,United States,M,174800.0,100.0,190000.0
2023,Data Engineer,Data Engineering,USD,160000,160000,United States,Senior,Full-time,Remote,United States,M,147200.0,100.0,160000.0
2023,Research Scientist,Data Science and Research,USD,248100,248100,United States,Senior,Full-time,In-person,United States,M,228252.0,100.0,248100.0
2023,Research Scientist,Data Science and Research,USD,145900,145900,United States,Senior,Full-time,In-person,United States,M,134228.0,100.0,145900.0
2023,Data Science Practitioner,Data Science and Research,USD,170200,170200,United States,Senior,Full-time,In-person,United States,M,156584.0,100.0,170200.0
2023,Data Science Practitioner,Data Science and Research,USD,83900,83900,United States,Senior,Full-time,In-person,United States,M,77188.0,100.0,83900.0
2023,Data Scientist,Data Science and Research,USD,166000,166000,United Kingdom,Senior,Full-time,In-person,United Kingdom,M,152720.0,82.7,200725.51
2023,Data Scientist,Data Science and Research,USD,90000,90000,United Kingdom,Senior,Full-time,In-person,United Kingdom,M,82800.0,82.7,108827.09
2023,Data Scientist,Data Science and Research,USD,94100,94100,United States,Senior,Full-time,In-person,United States,M,86572.0,100.0,94100.0
2023,Machine Learning Engineer,Machine Learning and AI,USD,226600,226600,United States,Senior,Full-time,In-person,United States,M,208472.0,100.0,226600.0
2023,Machine Learning Engineer,Machine Learning and AI,USD,140100,140100,United States,Senior,Full-time,In-person,United States,M,128892.0,100.0,140100.0
2023,Data Analyst,Data Analysis,USD,156000,156000,United States,Senior,Full-time,In-person,United States,M,143520.0,100.0,156000.0
2023,Data Analyst,Data Analysis,USD,124000,124000,United States,Senior,Full-time,In-person,United States,M,114080.0,100.0,124000.0
2023,Data Engineer,Data Engineering,USD,132600,132600,United States,Senior,Full-time,In-person,United States,M,121992.0,100.0,132600.0
2023,Research Engineer,Data Science and Research,USD,308000,308000,United States,Senior,Full-time,In-person,United States,M,283360.0,100.0,308000.0
2023,Research Engineer,Data Science and Research,USD,190400,190400,United States,Senior,Full-time,In-person,United States,M,175168.0,100.0,190400.0
2023,Data Architect,Data Architecture and Modeling,USD,155000,155000,United States,Senior,Full-time,In-person,United States,M,142600.0,100.0,155000.0
2023,Data Architect,Data Architecture and Modeling,USD,136000,136000,United States,Senior,Full-time,In-person,United States,M,125120.0,100.0,136000.0
2023,Data Engineer,Data Engineering,USD,75000,75000,United States,Senior,Full-time,Remote,United States,M,69000.0,100.0,75000.0
2023,Machine Learning Engineer,Machine Learning and AI,USD,214500,214500,United States,Senior,Full-time,In-person,United States,M,197340.0,100.0,214500.0
2023,Machine Learning Engineer,Machine Learning and AI,USD,132600,132600,United States,Senior,Full-time,In-person,United States,M,121992.0,100.0,132600.0
2023,Data Analyst,Data Analysis,USD,111000,111000,United States,Mid-level,Full-time,In-person,United States,M,102120.0,100.0,111000.0
2023,Data Analyst,Data Analysis,USD,104000,104000,United States,Mid-level,Full-time,In-person,United States,M,95680.0,100.0,104000.0
2023,Data Engineer,Data Engineering,USD,85000,85000,United States,Mid-level,Full-time,In-person,United States,M,78200.0,100.0,85000.0
2023,Data Engineer,Data Engineering,USD,75000,75000,United States,Mid-level,Full-time,In-person,United States,M,69000.0,100.0,75000.0
2023,Data Scientist,Data Science and Research,USD,180250,180250,United States,Senior,Full-time,Remote,United States,M,165830.0,100.0,180250.0
2023,Data Scientist,Data Science and Research,USD,118000,118000,United States,Senior,Full-time,Remote,United States,M,108560.0,100.0,118000.0
2023,Data Scientist,Data Science and Research,USD,212800,212800,United States,Senior,Full-time,In-person,United States,L,195776.0,100.0,212800.0
2023,Data Scientist,Data Science and Research,USD,111600,111600,United States,Senior,Full-time,In-person,United States,L,102672.0,100.0,111600.0
2023,Data Analyst,Data Analysis,USD,157500,157500,United States,Senior,Full-time,Remote,United States,M,144900.0,100.0,157500.0
2023,Data Analyst,Data Analysis,USD,132500,132500,United States,Senior,Full-time,Remote,United States,M,121900.0,100.0,132500.0
2023,Data Analyst,Data Analysis,USD,75000,75000,United States,Mid-level,Full-time,In-person,United States,M,69000.0,100.0,75000.0
2023,Data Analyst,Data Analysis,USD,93918,93918,United States,Senior,Full-time,In-person,United States,M,86404.56,100.0,93918.0
2023,Data Analyst,Data Analysis,USD,51962,51962,United States,Senior,Full-time,In-person,United States,M,47805.04,100.0,51962.0
2023,Business Intelligence Analyst,BI and Visualization,USD,171000,171000,United States,Senior,Full-time,Remote,United States,M,157320.0,100.0,171000.0
2023,Business Intelligence Analyst,BI and Visualization,USD,152000,152000,United States,Senior,Full-time,Remote,United States,M,139840.0,100.0,152000.0
2023,Machine Learning Engineer,Machine Learning and AI,USD,223600,223600,United States,Senior,Full-time,In-person,United States,L,205712.0,100.0,223600.0
2023,Machine Learning Engineer,Machine Learning and AI,USD,115000,115000,United States,Senior,Full-time,In-person,United States,L,105800.0,100.0,115000.0
2023,Business Intelligence Developer,BI and Visualization,USD,140000,140000,United States,Mid-level,Full-time,Remote,United States,M,128800.0,100.0,140000.0
2023,Business Intelligence Developer,BI and Visualization,USD,110000,110000,United States,Mid-level,Full-time,Remote,United States,M,101200.0,100.0,110000.0
2023,Data Scientist,Data Science and Research,USD,130900,130900,United States,Mid-level,Full-time,In-person,United States,M,120428.0,100.0,130900.0
2023,Data Scientist,Data Science and Research,USD,72700,72700,United States,Mid-level,Full-time,In-person,United States,M,66884.0,100.0,72700.0
2023,Machine Learning Engineer,Machine Learning and AI,USD,333500,333500,United States,Senior,Full-time,In-person,United States,M,306820.0,100.0,333500.0
2023,Machine Learning Engineer,Machine Learning and AI,USD,144000,144000,United States,Senior,Full-time,In-person,United States,M,132480.0,100.0,144000.0
2023,Business Intelligence Engineer,BI and Visualization,USD,180000,180000,United States,Senior,Full-time,Remote,United States,M,165600.0,100.0,180000.0
2023,Business Intelligence Engineer,BI and Visualization,USD,118200,118200,United States,Senior,Full-time,Remote,United States,M,108744.0,100.0,118200.0
2023,Data Architect,Data Architecture and Modeling,USD,354200,354200,United States,Senior,Full-time,Remote,United States,M,325864.0,100.0,354200.0
2023,Data Architect,Data Architecture and Modeling,USD,221800,221800,United States,Senior,Full-time,Remote,United States,M,204056.0,100.0,221800.0
2023,Data Analyst,Data Analysis,USD,73000,73000,United States,Senior,Full-time,In-person,United States,M,67160.0,100.0,73000.0
2023,Data Engineer,Data Engineering,USD,156600,156600,United States,Senior,Full-time,Remote,United States,M,144072.0,100.0,156600.0
2023,Data Engineer,Data Engineering,USD,137200,137200,United States,Senior,Full-time,Remote,United States,M,126224.0,100.0,137200.0
2023,Data Analyst,Data Analysis,USD,149000,149000,United States,Mid-level,Full-time,In-person,United States,M,137080.0,100.0,149000.0
2023,Data Analyst,Data Analysis,USD,65300,65300,United States,Mid-level,Full-time,In-person,United States,M,60076.0,100.0,65300.0
2023,Data Engineer,Data Engineering,USD,187000,187000,United States,Mid-level,Full-time,Remote,United States,M,172040.0,100.0,187000.0
2023,Data Engineer,Data Engineering,USD,180000,180000,United States,Mid-level,Full-time,Remote,United States,M,165600.0,100.0,180000.0
2023,Data Analyst,Data Analysis,USD,119636,119636,United States,Senior,Full-time,In-person,United States,M,110065.12,100.0,119636.0
2023,Data Analyst,Data Analysis,USD,70374,70374,United States,Senior,Full-time,In-person,United States,M,64744.08,100.0,70374.0
2023,Data Analyst,Data Analysis,USD,105000,105000,United States,Senior,Full-time,Remote,United States,M,96600.0,100.0,105000.0
2023,Data Analyst,Data Analysis,USD,67000,67000,United States,Senior,Full-time,Remote,United States,M,61640.0,100.0,67000.0
2023,Data Analyst,Data Analysis,USD,102000,102000,United States,Senior,Full-time,Remote,United States,M,93840.0,100.0,102000.0
2023,Data Analyst,Data Analysis,USD,94770,94770,United States,Senior,Full-time,Remote,United States,M,87188.4,100.0,94770.0
2023,Data Scientist,Data Science and Research,USD,133000,133000,United States,Entry-level,Full-time,In-person,United States,M,122360.0,100.0,133000.0
2023,Data Scientist,Data Science and Research,USD,58400,58400,United States,Entry-level,Full-time,In-person,United States,M,53728.0,100.0,58400.0
2023,Analytics Engineer,Leadership and Management,USD,169900,169900,United States,Senior,Full-time,Remote,United States,M,156308.0,100.0,169900.0
2023,Analytics Engineer,Leadership and Management,USD,164100,164100,United States,Senior,Full-time,Remote,United States,M,150972.0,100.0,164100.0
2023,Data Scientist,Data Science and Research,USD,305600,305600,United States,Senior,Full-time,In-person,United States,M,281152.0,100.0,305600.0
2023,Data Analyst,Data Analysis,USD,75000,75000,United States,Senior,Full-time,Remote,United States,M,69000.0,100.0,75000.0
2023,Analytics Engineer,Leadership and Management,EUR,34800,37573,Netherlands,Entry-level,Full-time,Remote,Netherlands,M,34567.16,82.6,45487.89
2022,AI Research Engineer,Data Science and Research,GBP,30000,36940,United Kingdom,Entry-level,Full-time,Remote,United Kingdom,L,33984.8,82.7,44667.47
2023,Machine Learning Engineer,Machine Learning and AI,USD,180240,180240,United States,Senior,Full-time,In-person,United States,M,165820.8,100.0,180240.0
2023,Machine Learning Engineer,Machine Learning and AI,USD,120160,120160,United States,Senior,Full-time,In-person,United States,M,110547.2,100.0,120160.0
2023,Data Scientist,Data Science and Research,USD,93400,93400,United States,Mid-level,Full-time,In-person,United States,M,85928.0,100.0,93400.0
2023,Data Scientist,Data Science and Research,USD,119000,119000,United States,Senior,Full-time,In-person,United States,M,109480.0,100.0,119000.0
2023,Data Scientist,Data Science and Research,USD,71400,71400,United States,Senior,Full-time,In-person,United States,M,65688.0,100.0,71400.0
2023,Data Analyst,Data Analysis,USD,115950,115950,United States,Mid-level,Full-time,In-person,United States,M,106674.0,100.0,115950.0
2023,Data Analyst,Data Analysis,USD,69570,69570,United States,Mid-level,Full-time,In-person,United States,M,64004.4,100.0,69570.0
2023,Data Scientist,Data Science and Research,USD,225100,225100,United States,Senior,Full-time,Remote,United States,M,207092.0,100.0,225100.0
2023,Data Scientist,Data Science and Research,USD,140900,140900,United States,Senior,Full-time,Remote,United States,M,129628.0,100.0,140900.0
2023,ML Engineer,Machine Learning and AI,USD,179000,179000,United States,Mid-level,Full-time,In-person,United States,M,164680.0,100.0,179000.0
2023,ML Engineer,Machine Learning and AI,USD,144000,144000,United States,Mid-level,Full-time,In-person,United States,M,132480.0,100.0,144000.0
2023,Research Scientist,Data Science and Research,USD,250800,250800,United States,Entry-level,Full-time,In-person,United States,M,230736.0,100.0,250800.0
2023,Research Scientist,Data Science and Research,USD,167200,167200,United States,Entry-level,Full-time,In-person,United States,M,153824.0,100.0,167200.0
2023,Research Scientist,Data Science and Research,USD,144000,144000,United States,Mid-level,Full-time,In-person,United States,M,132480.0,100.0,144000.0
2023,Research Scientist,Data Science and Research,USD,76000,76000,United States,Mid-level,Full-time,In-person,United States,M,69920.0,100.0,76000.0
2023,Data Lead,Leadership and Management,USD,230000,230000,United States,Executive,Full-time,In-person,United States,M,211600.0,100.0,230000.0
2023,Data Lead,Leadership and Management,USD,180000,180000,United States,Executive,Full-time,In-person,United States,M,165600.0,100.0,180000.0
2023,Data Scientist,Data Science and Research,USD,156450,156450,United States,Entry-level,Full-time,Remote,United States,M,143934.0,100.0,156450.0
2023,Data Scientist,Data Science and Research,USD,119200,119200,United States,Entry-level,Full-time,Remote,United States,M,109664.0,100.0,119200.0
2023,Research Scientist,Data Science and Research,USD,150000,150000,United States,Senior,Full-time,Remote,United States,M,138000.0,100.0,150000.0
2023,Research Scientist,Data Science and Research,USD,130000,130000,United States,Senior,Full-time,Remote,United States,M,119600.0,100.0,130000.0
2023,Head of Data,Leadership and Management,USD,247500,247500,United States,Executive,Full-time,In-person,United States,M,227700.0,100.0,247500.0
2023,Head of Data,Leadership and Management,USD,172200,172200,United States,Executive,Full-time,In-person,United States,M,158424.0,100.0,172200.0
2023,ML Engineer,Machine Learning and AI,USD,155000,155000,United States,Mid-level,Full-time,In-person,United States,M,142600.0,100.0,155000.0
2023,ML Engineer,Machine Learning and AI,USD,125000,125000,United States,Mid-level,Full-time,In-person,United States,M,115000.0,100.0,125000.0
2023,Data Engineer,Data Engineering,USD,175000,175000,United States,Senior,Full-time,Remote,United States,M,161000.0,100.0,175000.0
2023,Data Engineer,Data Engineering,USD,97500,97500,United States,Senior,Full-time,Remote,United States,M,89700.0,100.0,97500.0
2023,Research Scientist,Data Science and Research,USD,220000,220000,United States,Executive,Full-time,In-person,United States,M,202400.0,100.0,220000.0
2023,Research Scientist,Data Science and Research,USD,185000,185000,United States,Executive,Full-time,In-person,United States,M,170200.0,100.0,185000.0
2023,Research Scientist,Data Science and Research,USD,303050,303050,United States,Senior,Full-time,In-person,United States,M,278806.0,100.0,303050.0
2023,Research Scientist,Data Science and Research,USD,202350,202350,United States,Senior,Full-time,In-person,United States,M,186162.0,100.0,202350.0
2023,AI Engineer,Machine Learning and AI,EUR,20000,21593,Portugal,Entry-level,Full-time,Hybrid,Portugal,L,19865.56,62.4,34604.17
2023,Data Scientist,Data Science and Research,USD,201650,201650,United States,Senior,Full-time,In-person,United States,M,185518.0,100.0,201650.0
2023,Data Scientist,Data Science and Research,USD,124600,124600,United States,Senior,Full-time,In-person,United States,M,114632.0,100.0,124600.0
2023,Data Scientist,Data Science and Research,USD,93400,93400,United States,Senior,Full-time,In-person,United States,M,85928.0,100.0,93400.0
2023,Data Analyst,Data Analysis,USD,145000,145000,United States,Senior,Full-time,In-person,United States,M,133400.0,100.0,145000.0
2023,Data Analyst,Data Analysis,USD,110000,110000,United States,Senior,Full-time,In-person,United States,M,101200.0,100.0,110000.0
2023,Business Intelligence Engineer,BI and Visualization,USD,89500,89500,United States,Mid-level,Full-time,Remote,United States,M,82340.0,100.0,89500.0
2023,Business Intelligence Engineer,BI and Visualization,USD,65000,65000,United States,Mid-level,Full-time,Remote,United States,M,59800.0,100.0,65000.0
2023,Machine Learning Engineer,Machine Learning and AI,USD,328400,328400,United States,Senior,Full-time,Remote,United States,M,302128.0,100.0,328400.0
2023,Machine Learning Engineer,Machine Learning and AI,USD,205600,205600,United States,Senior,Full-time,Remote,United States,M,189152.0,100.0,205600.0
2023,Data Scientist,Data Science and Research,USD,184800,184800,United States,Senior,Full-time,In-person,United States,M,170016.0,100.0,184800.0
2023,Data Engineer,Data Engineering,USD,85000,85000,United States,Entry-level,Full-time,Remote,United States,M,78200.0,100.0,85000.0
2023,Data Engineer,Data Engineering,USD,61800,61800,United States,Entry-level,Full-time,Remote,United States,M,56856.0,100.0,61800.0
2023,Data Engineer,Data Engineering,GBP,57500,70748,United Kingdom,Mid-level,Full-time,In-person,United Kingdom,M,65088.16,82.7,85547.76
2023,Data Engineer,Data Engineering,GBP,54500,67056,United Kingdom,Mid-level,Full-time,In-person,United Kingdom,M,61691.52,82.7,81083.43
2023,Data Analyst,Data Analysis,USD,116000,116000,United States,Entry-level,Full-time,In-person,United States,M,106720.0,100.0,116000.0
2023,Data Analyst,Data Analysis,USD,72500,72500,United States,Entry-level,Full-time,In-person,United States,M,66700.0,100.0,72500.0
2023,Machine Learning Engineer,Machine Learning and AI,USD,215000,215000,United States,Senior,Full-time,Remote,United States,M,197800.0,100.0,215000.0
2023,Machine Learning Engineer,Machine Learning and AI,USD,169850,169850,United States,Senior,Full-time,Remote,United States,M,156262.0,100.0,169850.0
2023,Business Intelligence Engineer,BI and Visualization,USD,225000,225000,United States,Senior,Full-time,In-person,United States,M,207000.0,100.0,225000.0
2023,Business Intelligence Engineer,BI and Visualization,USD,180000,180000,United States,Senior,Full-time,In-person,United States,M,165600.0,100.0,180000.0
2023,Data Scientist,Data Science and Research,USD,147400,147400,United States,Senior,Full-time,In-person,United States,M,135608.0,100.0,147400.0
2023,Data Scientist,Data Science and Research,USD,107682,107682,United States,Senior,Full-time,In-person,United States,M,99067.44,100.0,107682.0
2023,Data Scientist,Data Science and Research,USD,225300,225300,United States,Mid-level,Full-time,In-person,United States,M,207276.0,100.0,225300.0
2023,Data Scientist,Data Science and Research,USD,197400,197400,United States,Mid-level,Full-time,In-person,United States,M,181608.0,100.0,197400.0
2023,Analytics Engineer,Leadership and Management,USD,160000,160000,United States,Senior,Full-time,In-person,United States,M,147200.0,100.0,160000.0
2023,Analytics Engineer,Leadership and Management,USD,136000,136000,United States,Senior,Full-time,In-person,United States,M,125120.0,100.0,136000.0
2023,Machine Learning Engineer,Machine Learning and AI,USD,204600,204600,United States,Senior,Full-time,In-person,United States,M,188232.0,100.0,204600.0
2023,Machine Learning Engineer,Machine Learning and AI,USD,126500,126500,United States,Senior,Full-time,In-person,United States,M,116380.0,100.0,126500.0
2023,Data Architect,Data Architecture and Modeling,USD,210000,210000,United States,Senior,Full-time,Remote,United States,M,193200.0,100.0,210000.0
2023,Data Architect,Data Architecture and Modeling,USD,115000,115000,United States,Senior,Full-time,Remote,United States,M,105800.0,100.0,115000.0
2023,Data Analyst,Data Analysis,USD,86500,86500,United States,Entry-level,Full-time,In-person,United States,L,79580.0,100.0,86500.0
2023,Data Analyst,Data Analysis,USD,40400,40400,United States,Entry-level,Full-time,In-person,United States,L,37168.0,100.0,40400.0
2023,Data Scientist,Data Science and Research,USD,329700,329700,United States,Senior,Full-time,In-person,United States,M,303324.0,100.0,329700.0
2023,Data Scientist,Data Science and Research,USD,192351,192351,United States,Senior,Full-time,In-person,United States,M,176962.92,100.0,192351.0
2023,Data Engineer,Data Engineering,USD,280000,280000,United States,Senior,Full-time,In-person,United States,M,257600.0,100.0,280000.0
2023,Business Intelligence Analyst,BI and Visualization,USD,106700,106700,United States,Mid-level,Full-time,In-person,United States,M,98164.0,100.0,106700.0
2023,Business Intelligence Analyst,BI and Visualization,USD,97000,97000,United States,Mid-level,Full-time,In-person,United States,M,89240.0,100.0,97000.0
2023,Data Analyst,Data Analysis,USD,175000,175000,United States,Senior,Full-time,Remote,United States,M,161000.0,100.0,175000.0
2023,Data Analyst,Data Analysis,USD,150000,150000,United States,Senior,Full-time,Remote,United States,M,138000.0,100.0,150000.0
2023,Data Engineer,Data Engineering,USD,88000,88000,United States,Entry-level,Full-time,In-person,United States,M,80960.0,100.0,88000.0
2023,Data Engineer,Data Engineering,USD,60000,60000,United States,Entry-level,Full-time,In-person,United States,M,55200.0,100.0,60000.0
2023,Data Management Specialist,Data Management and Strategy,USD,123000,123000,United States,Senior,Full-time,In-person,United States,M,113160.0,100.0,123000.0
2023,Data Management Specialist,Data Management and Strategy,USD,93593,93593,United States,Senior,Full-time,In-person,United States,M,86105.56,100.0,93593.0
2023,Machine Learning Engineer,Machine Learning and AI,USD,222405,222405,United States,Senior,Full-time,In-person,United States,M,204612.6,100.0,222405.0
2023,Machine Learning Engineer,Machine Learning and AI,USD,172800,172800,United States,Senior,Full-time,In-person,United States,M,158976.0,100.0,172800.0
2023,Data Engineer,Data Engineering,USD,205600,205600,United States,Senior,Full-time,In-person,United States,L,189152.0,100.0,205600.0
2023,Data Engineer,Data Engineering,USD,105700,105700,United States,Senior,Full-time,In-person,United States,L,97244.0,100.0,105700.0
2023,Machine Learning Engineer,Machine Learning and AI,USD,263500,263500,United States,Senior,Full-time,Remote,United States,M,242420.0,100.0,263500.0
2023,Machine Learning Engineer,Machine Learning and AI,USD,189360,189360,United States,Senior,Full-time,Remote,United States,M,174211.2,100.0,189360.0
2023,Machine Learning Engineer,Machine Learning and AI,USD,192000,192000,Canada,Senior,Full-time,In-person,Canada,M,176640.0,79.3,242118.54
2023,Machine Learning Engineer,Machine Learning and AI,USD,124000,124000,Canada,Senior,Full-time,In-person,Canada,M,114080.0,79.3,156368.22
2023,AI Developer,Machine Learning and AI,USD,230000,230000,United States,Senior,Full-time,In-person,United States,M,211600.0,100.0,230000.0
2023,AI Developer,Machine Learning and AI,USD,124000,124000,United States,Senior,Full-time,In-person,United States,M,114080.0,100.0,124000.0
2023,Data Engineer,Data Engineering,USD,148500,148500,Canada,Senior,Full-time,In-person,Canada,M,136620.0,79.3,187263.56
2023,Data Engineer,Data Engineering,USD,82500,82500,Canada,Senior,Full-time,In-person,Canada,M,75900.0,79.3,104035.31
2023,Data Engineer,Data Engineering,USD,184800,184800,United States,Senior,Full-time,In-person,United States,M,170016.0,100.0,184800.0
2023,Data Architect,Data Architecture and Modeling,USD,310000,310000,United States,Senior,Full-time,Remote,United States,M,285200.0,100.0,310000.0
2023,Data Architect,Data Architecture and Modeling,USD,206000,206000,United States,Senior,Full-time,Remote,United States,M,189520.0,100.0,206000.0
2023,AI Engineer,Machine Learning and AI,USD,372000,372000,United States,Senior,Full-time,In-person,United States,M,342240.0,100.0,372000.0
2023,AI Engineer,Machine Learning and AI,USD,223000,223000,United States,Senior,Full-time,In-person,United States,M,205160.0,100.0,223000.0
2023,Data Scientist,Data Science and Research,GBP,140000,172256,United Kingdom,Senior,Full-time,In-person,United Kingdom,M,158475.52,82.7,208290.21
2023,Data Scientist,Data Science and Research,GBP,100000,123040,United Kingdom,Senior,Full-time,In-person,United Kingdom,M,113196.8,82.7,148778.72
2023,Data Scientist,Data Science and Research,USD,131000,131000,United States,Mid-level,Full-time,Remote,United States,M,120520.0,100.0,131000.0
2023,Data Engineer,Data Engineering,USD,148500,148500,Canada,Mid-level,Full-time,In-person,Canada,M,136620.0,79.3,187263.56
2023,Data Engineer,Data Engineering,USD,82500,82500,Canada,Mid-level,Full-time,In-person,Canada,M,75900.0,79.3,104035.31
2023,Data Manager,Leadership and Management,USD,233500,233500,United States,Senior,Full-time,In-person,United States,M,214820.0,100.0,233500.0
2023,Data Manager,Leadership and Management,USD,146000,146000,United States,Senior,Full-time,In-person,United States,M,134320.0,100.0,146000.0
2023,Data Scientist,Data Science and Research,USD,280889,280889,United States,Senior,Full-time,In-person,United States,M,258417.88,100.0,280889.0
2023,Data Scientist,Data Science and Research,USD,187259,187259,United States,Senior,Full-time,In-person,United States,M,172278.28,100.0,187259.0
2023,AI Architect,Machine Learning and AI,USD,305100,305100,United States,Senior,Full-time,Remote,United States,M,280692.0,100.0,305100.0
2023,AI Architect,Machine Learning and AI,USD,146900,146900,United States,Senior,Full-time,Remote,United States,M,135148.0,100.0,146900.0
2023,Business Intelligence Analyst,BI and Visualization,USD,78800,78800,United States,Entry-level,Full-time,In-person,United States,M,72496.0,100.0,78800.0
2023,Business Intelligence Analyst,BI and Visualization,USD,44100,44100,United States,Entry-level,Full-time,In-person,United States,M,40572.0,100.0,44100.0
2023,MLOps Engineer,Machine Learning and AI,USD,166000,166000,United States,Mid-level,Full-time,In-person,United States,M,152720.0,100.0,166000.0
2023,MLOps Engineer,Machine Learning and AI,USD,73100,73100,United States,Mid-level,Full-time,In-person,United States,M,67252.0,100.0,73100.0
2023,Data Scientist,Data Science and Research,USD,80000,80000,United States,Senior,Full-time,Remote,United States,M,73600.0,100.0,80000.0
2023,Analytics Engineer,Leadership and Management,USD,150000,150000,United States,Senior,Full-time,Remote,United States,M,138000.0,100.0,150000.0
2023,Analytics Engineer,Leadership and Management,USD,80000,80000,United States,Senior,Full-time,Remote,United States,M,73600.0,100.0,80000.0
2023,Data Engineer,Data Engineering,USD,110000,110000,United States,Senior,Full-time,In-person,United States,M,101200.0,100.0,110000.0
2023,Business Intelligence Engineer,BI and Visualization,USD,202800,202800,United States,Senior,Full-time,In-person,United States,L,186576.0,100.0,202800.0
2023,Business Intelligence Engineer,BI and Visualization,USD,104300,104300,United States,Senior,Full-time,In-person,United States,L,95956.0,100.0,104300.0
2023,Data Science Manager,Data Science and Research,USD,272400,272400,United States,Executive,Full-time,In-person,United States,L,250608.0,100.0,272400.0
2023,Data Science Manager,Data Science and Research,USD,140100,140100,United States,Executive,Full-time,In-person,United States,L,128892.0,100.0,140100.0
2023,Data Engineer,Data Engineering,USD,154000,154000,United States,Mid-level,Full-time,In-person,United States,M,141680.0,100.0,154000.0
2023,Data Engineer,Data Engineering,USD,103000,103000,United States,Mid-level,Full-time,In-person,United States,M,94760.0,100.0,103000.0
2023,Business Intelligence Analyst,BI and Visualization,USD,80750,80750,Canada,Mid-level,Full-time,In-person,Canada,M,74290.0,79.3,101828.5
2023,Business Intelligence Analyst,BI and Visualization,USD,48450,48450,Canada,Mid-level,Full-time,In-person,Canada,M,44574.0,79.3,61097.1
2023,BI Developer,BI and Visualization,USD,85600,85600,United States,Entry-level,Full-time,In-person,United States,M,78752.0,100.0,85600.0
2023,BI Developer,BI and Visualization,USD,57000,57000,United States,Entry-level,Full-time,In-person,United States,M,52440.0,100.0,57000.0
2023,Data Engineer,Data Engineering,USD,190400,190400,United States,Senior,Full-time,In-person,United States,M,175168.0,100.0,190400.0
2023,Data Engineer,Data Engineering,USD,112000,112000,United States,Senior,Full-time,In-person,United States,M,103040.0,100.0,112000.0
2023,Data Strategist,Data Architecture and Modeling,USD,119636,119636,United States,Senior,Full-time,Remote,United States,M,110065.12,100.0,119636.0
2023,Data Strategist,Data Architecture and Modeling,USD,70374,70374,United States,Senior,Full-time,Remote,United States,M,64744.08,100.0,70374.0
2023,Data Engineer,Data Engineering,USD,304750,304750,United States,Senior,Full-time,In-person,United States,M,280370.0,100.0,304750.0
2023,Data Analyst,Data Analysis,USD,98873,98873,United States,Mid-level,Full-time,In-person,United States,M,90963.16,100.0,98873.0
2023,Data Analyst,Data Analysis,USD,58161,58161,United States,Mid-level,Full-time,In-person,United States,M,53508.12,100.0,58161.0
2023,Analytics Engineer,Leadership and Management,USD,138000,138000,United States,Senior,Full-time,In-person,United States,M,126960.0,100.0,138000.0
2023,Analytics Engineer,Leadership and Management,USD,85500,85500,United States,Senior,Full-time,In-person,United States,M,78660.0,100.0,85500.0
2023,Data Scientist,Data Science and Research,USD,307100,307100,United States,Senior,Full-time,In-person,United States,M,282532.0,100.0,307100.0
2023,Data Scientist,Data Science and Research,USD,216800,216800,United States,Senior,Full-time,In-person,United States,M,199456.0,100.0,216800.0
2023,Data Scientist,Data Science and Research,USD,153600,153600,United States,Senior,Full-time,In-person,United States,M,141312.0,100.0,153600.0
2023,Data Scientist,Data Science and Research,USD,106800,106800,United States,Senior,Full-time,In-person,United States,M,98256.0,100.0,106800.0
2023,Data Analyst,Data Analysis,USD,250000,250000,United States,Mid-level,Full-time,In-person,United States,M,230000.0,100.0,250000.0
2023,Machine Learning Engineer,Machine Learning and AI,USD,280000,280000,United States,Senior,Full-time,In-person,United States,M,257600.0,100.0,280000.0
2023,Machine Learning Engineer,Machine Learning and AI,USD,180000,180000,United States,Senior,Full-time,In-person,United States,M,165600.0,100.0,180000.0
2023,Data Engineer,Data Engineering,USD,160000,160000,United States,Executive,Full-time,In-person,United States,M,147200.0,100.0,160000.0
2023,Data Engineer,Data Engineering,USD,130000,130000,United States,Executive,Full-time,In-person,United States,M,119600.0,100.0,130000.0
2023,Data Scientist,Data Science and Research,USD,162000,162000,United States,Senior,Full-time,In-person,United States,M,149040.0,100.0,162000.0
2023,Data Analyst,Data Analysis,USD,164640,164640,United States,Senior,Full-time,In-person,United States,M,151468.8,100.0,164640.0
2023,Data Analyst,Data Analysis,USD,131712,131712,United States,Senior,Full-time,In-person,United States,M,121175.04,100.0,131712.0
2023,Data Analyst,Data Analysis,USD,74800,74800,United States,Mid-level,Full-time,In-person,United States,M,68816.0,100.0,74800.0
2023,Data Analyst,Data Analysis,USD,63600,63600,United States,Mid-level,Full-time,In-person,United States,M,58512.0,100.0,63600.0
2023,Machine Learning Engineer,Machine Learning and AI,GBP,75000,92280,United Kingdom,Mid-level,Full-time,Remote,United Kingdom,M,84897.6,82.7,111584.04
2023,Machine Learning Engineer,Machine Learning and AI,GBP,55000,67672,United Kingdom,Mid-level,Full-time,Remote,United Kingdom,M,62258.24,82.7,81828.3
2023,Machine Learning Engineer,Machine Learning and AI,USD,140000,140000,United States,Senior,Full-time,In-person,United States,M,128800.0,100.0,140000.0
2023,Data Engineer,Data Engineering,USD,253792,253792,United States,Senior,Full-time,In-person,United States,M,233488.64,100.0,253792.0
2023,Data Engineer,Data Engineering,USD,158620,158620,United States,Senior,Full-time,In-person,United States,M,145930.4,100.0,158620.0
2023,Business Intelligence Specialist,BI and Visualization,USD,259900,259900,United States,Senior,Full-time,In-person,United States,M,239108.0,100.0,259900.0
2023,Business Intelligence Specialist,BI and Visualization,USD,139200,139200,United States,Senior,Full-time,In-person,United States,M,128064.0,100.0,139200.0
2023,Machine Learning Infrastructure Engineer,Machine Learning and AI,GBP,96000,118118,United Kingdom,Senior,Full-time,Remote,United Kingdom,M,108668.56,82.7,142827.09
2023,Machine Learning Infrastructure Engineer,Machine Learning and AI,GBP,65000,79976,United Kingdom,Senior,Full-time,Remote,United Kingdom,M,73577.92,82.7,96706.17
2023,Research Scientist,Data Science and Research,USD,293000,293000,United States,Senior,Full-time,In-person,United States,M,269560.0,100.0,293000.0
2023,Research Scientist,Data Science and Research,USD,185000,185000,United States,Senior,Full-time,In-person,United States,M,170200.0,100.0,185000.0
2023,Data Scientist,Data Science and Research,USD,115500,115500,United States,Senior,Full-time,In-person,United States,M,106260.0,100.0,115500.0
2023,Data Engineer,Data Engineering,USD,70000,70000,United States,Senior,Full-time,In-person,United States,M,64400.0,100.0,70000.0
2023,Research Analyst,Data Science and Research,USD,142000,142000,United States,Mid-level,Full-time,In-person,United States,M,130640.0,100.0,142000.0
2023,Research Analyst,Data Science and Research,USD,102000,102000,United States,Mid-level,Full-time,In-person,United States,M,93840.0,100.0,102000.0
2023,Data Quality Engineer,Data Quality and Operations,USD,141600,141600,United States,Senior,Full-time,In-person,United States,M,130272.0,100.0,141600.0
2023,Data Quality Engineer,Data Quality and Operations,USD,121400,121400,United States,Senior,Full-time,In-person,United States,M,111688.0,100.0,121400.0
2023,Data Engineer,Data Engineering,USD,240000,240000,United States,Senior,Full-time,In-person,United States,M,220800.0,100.0,240000.0
2023,Data Analyst,Data Analysis,USD,55000,55000,United States,Mid-level,Full-time,In-person,United States,M,50600.0,100.0,55000.0
2023,Data Analyst,Data Analysis,USD,49000,49000,United States,Mid-level,Full-time,In-person,United States,M,45080.0,100.0,49000.0
2023,Data Engineer,Data Engineering,USD,135000,135000,United States,Senior,Full-time,Remote,United States,M,124200.0,100.0,135000.0
2023,Data Engineer,Data Engineering,USD,200000,200000,United States,Senior,Full-time,Remote,United States,M,184000.0,100.0,200000.0
2023,Data Engineer,Data Engineering,USD,180000,180000,United States,Senior,Full-time,Remote,United States,M,165600.0,100.0,180000.0
2023,Director of Data Science,Data Science and Research,GBP,200000,246080,United Kingdom,Executive,Full-time,Remote,United Kingdom,M,226393.6,82.7,297557.44
2023,Director of Data Science,Data Science and Research,GBP,150000,184560,United Kingdom,Executive,Full-time,Remote,United Kingdom,M,169795.2,82.7,223168.08
2023,Data Scientist,Data Science and Research,USD,168000,168000,United States,Senior,Full-time,Remote,United States,M,154560.0,100.0,168000.0
2023,Data Scientist,Data Science and Research,USD,105000,105000,United States,Entry-level,Full-time,In-person,United States,M,96600.0,100.0,105000.0
2023,Data Scientist,Data Science and Research,USD,70000,70000,United States,Entry-level,Full-time,In-person,United States,M,64400.0,100.0,70000.0
2023,Data Analyst,Data Analysis,USD,100000,100000,United States,Senior,Full-time,Remote,United States,M,92000.0,100.0,100000.0
2023,Data Engineer,Data Engineering,USD,243000,243000,Canada,Senior,Full-time,In-person,Canada,M,223560.0,79.3,306431.27
2023,Data Engineer,Data Engineering,USD,152000,152000,Canada,Senior,Full-time,In-person,Canada,M,139840.0,79.3,191677.18
2023,Business Data Analyst,Data Analysis,GBP,65000,79976,Spain,Senior,Full-time,Remote,Gibraltar,L,73577.92,92.4,86554.11
2023,Business Intelligence Analyst,BI and Visualization,USD,115600,115600,United States,Senior,Full-time,In-person,United States,M,106352.0,100.0,115600.0
2023,Business Intelligence Analyst,BI and Visualization,USD,79700,79700,United States,Senior,Full-time,In-person,United States,M,73324.0,100.0,79700.0
2023,Applied Scientist,Data Science and Research,USD,281700,281700,United States,Entry-level,Full-time,In-person,United States,M,259164.0,100.0,281700.0
2023,Applied Scientist,Data Science and Research,USD,141100,141100,United States,Entry-level,Full-time,In-person,United States,M,129812.0,100.0,141100.0
2023,Data Specialist,Data Management and Strategy,USD,173100,173100,United States,Senior,Full-time,In-person,United States,M,159252.0,100.0,173100.0
2023,Data Specialist,Data Management and Strategy,USD,86900,86900,United States,Senior,Full-time,In-person,United States,M,79948.0,100.0,86900.0
2023,Machine Learning Engineer,Machine Learning and AI,USD,258700,258700,United States,Mid-level,Full-time,In-person,United States,M,238004.0,100.0,258700.0
2023,Machine Learning Engineer,Machine Learning and AI,USD,133800,133800,United States,Mid-level,Full-time,In-person,United States,M,123096.0,100.0,133800.0
2023,Machine Learning Engineer,Machine Learning and AI,USD,225300,225300,United States,Mid-level,Full-time,In-person,United States,M,207276.0,100.0,225300.0
2023,Machine Learning Engineer,Machine Learning and AI,USD,197400,197400,United States,Mid-level,Full-time,In-person,United States,M,181608.0,100.0,197400.0
2023,Data Analyst,Data Analysis,USD,157000,157000,United States,Senior,Full-time,Remote,United States,M,144440.0,100.0,157000.0
2023,Data Analyst,Data Analysis,USD,125000,125000,United States,Senior,Full-time,Remote,United States,M,115000.0,100.0,125000.0
2023,Data Scientist,Data Science and Research,USD,208000,208000,United States,Senior,Full-time,In-person,United States,M,191360.0,100.0,208000.0
2023,Data Scientist,Data Science and Research,USD,134000,134000,United States,Senior,Full-time,In-person,United States,M,123280.0,100.0,134000.0
2023,Data Engineer,Data Engineering,USD,140000,140000,United States,Mid-level,Full-time,In-person,United States,M,128800.0,100.0,140000.0
2023,Data Engineer,Data Engineering,USD,65000,65000,United States,Mid-level,Full-time,In-person,United States,M,59800.0,100.0,65000.0
2023,Data Scientist,Data Science and Research,USD,188200,188200,United States,Senior,Full-time,In-person,United States,M,173144.0,100.0,188200.0
2023,Data Engineer,Data Engineering,GBP,40000,49216,United Kingdom,Mid-level,Full-time,In-person,United Kingdom,M,45278.72,82.7,59511.49
2023,Data Engineer,Data Engineering,USD,110000,110000,United States,Mid-level,Full-time,In-person,United States,M,101200.0,100.0,110000.0
2023,Data Engineer,Data Engineering,USD,73400,73400,United States,Mid-level,Full-time,In-person,United States,M,67528.0,100.0,73400.0
2023,Data Engineer,Data Engineering,USD,183414,183414,United States,Senior,Full-time,In-person,United States,M,168740.88,100.0,183414.0
2023,Data Engineer,Data Engineering,USD,97200,97200,United States,Senior,Full-time,In-person,United States,M,89424.0,100.0,97200.0
2023,Machine Learning Engineer,Machine Learning and AI,USD,299000,299000,United States,Senior,Full-time,In-person,United States,M,275080.0,100.0,299000.0
2023,Machine Learning Engineer,Machine Learning and AI,USD,187000,187000,United States,Senior,Full-time,In-person,United States,M,172040.0,100.0,187000.0
2023,Machine Learning Engineer,Machine Learning and AI,USD,66000,66000,United States,Senior,Full-time,In-person,United States,M,60720.0,100.0,66000.0
2023,Machine Learning Engineer,Machine Learning and AI,USD,140000,140000,United States,Senior,Full-time,Remote,United States,M,128800.0,100.0,140000.0
2023,Data Engineer,Data Engineering,USD,170200,170200,United States,Mid-level,Full-time,In-person,United States,M,156584.0,100.0,170200.0
2023,Data Engineer,Data Engineering,USD,83900,83900,United States,Mid-level,Full-time,In-person,United States,M,77188.0,100.0,83900.0
2023,Data Engineer,Data Engineering,USD,101570,101570,United States,Senior,Full-time,Remote,United States,M,93444.4,100.0,101570.0
2023,Data Analyst,Data Analysis,USD,177000,177000,United States,Senior,Full-time,Remote,United States,M,162840.0,100.0,177000.0
2023,Data Analyst,Data Analysis,USD,118000,118000,United States,Senior,Full-time,Remote,United States,M,108560.0,100.0,118000.0
2023,Machine Learning Engineer,Machine Learning and AI,USD,234500,234500,United States,Senior,Full-time,In-person,United States,M,215740.0,100.0,234500.0
2023,Machine Learning Engineer,Machine Learning and AI,USD,127000,127000,United States,Senior,Full-time,In-person,United States,M,116840.0,100.0,127000.0
2023,ML Engineer,Machine Learning and AI,AUD,170000,114979,Australia,Senior,Full-time,Remote,Australia,L,105780.68,76.8,149712.24
2023,Data Scientist,Data Science and Research,USD,287500,287500,United States,Senior,Full-time,In-person,United States,M,264500.0,100.0,287500.0
2023,Data Scientist,Data Science and Research,USD,168000,168000,United States,Senior,Full-time,In-person,United States,M,154560.0,100.0,168000.0
2023,Data Engineer,Data Engineering,USD,155000,155000,United States,Senior,Full-time,In-person,United States,M,142600.0,100.0,155000.0
2023,Data Scientist,Data Science and Research,USD,153000,153000,United States,Senior,Full-time,In-person,United States,M,140760.0,100.0,153000.0
2023,Data Scientist,Data Science and Research,USD,136000,136000,United States,Senior,Full-time,In-person,United States,M,125120.0,100.0,136000.0
2023,Machine Learning Engineer,Machine Learning and AI,USD,254000,254000,United States,Senior,Full-time,In-person,United States,M,233680.0,100.0,254000.0
2023,Data Engineer,Data Engineering,USD,214500,214500,United States,Senior,Full-time,In-person,United States,M,197340.0,100.0,214500.0
2023,Data Engineer,Data Engineering,USD,134500,134500,United States,Senior,Full-time,In-person,United States,M,123740.0,100.0,134500.0
2023,Data Scientist,Data Science and Research,USD,136000,136000,United States,Senior,Full-time,Remote,United States,M,125120.0,100.0,136000.0
2023,Data Scientist,Data Science and Research,USD,104000,104000,United States,Senior,Full-time,Remote,United States,M,95680.0,100.0,104000.0
2023,Data Scientist,Data Science and Research,USD,143000,143000,United States,Mid-level,Full-time,Remote,United States,M,131560.0,100.0,143000.0
2023,Data Scientist,Data Science and Research,USD,117000,117000,United States,Mid-level,Full-time,Remote,United States,M,107640.0,100.0,117000.0
2023,Data Scientist,Data Science and Research,USD,110000,110000,United States,Senior,Full-time,Remote,United States,M,101200.0,100.0,110000.0
2023,Data Scientist,Data Science and Research,GBP,60000,73824,United Kingdom,Mid-level,Full-time,In-person,United Kingdom,M,67918.08,82.7,89267.23
2023,Data Scientist,Data Science and Research,GBP,45000,55368,United Kingdom,Mid-level,Full-time,In-person,United Kingdom,M,50938.56,82.7,66950.42
2023,Research Engineer,Data Science and Research,USD,370000,370000,United States,Senior,Full-time,In-person,United States,M,340400.0,100.0,370000.0
2023,Research Engineer,Data Science and Research,USD,200000,200000,United States,Senior,Full-time,In-person,United States,M,184000.0,100.0,200000.0
2023,Data Scientist,Data Science and Research,USD,275300,275300,United States,Senior,Full-time,Remote,United States,M,253276.0,100.0,275300.0
2023,Data Scientist,Data Science and Research,USD,183500,183500,United States,Senior,Full-time,Remote,United States,M,168820.0,100.0,183500.0
2023,Applied Scientist,Data Science and Research,USD,230000,230000,United States,Senior,Full-time,Remote,United States,M,211600.0,100.0,230000.0
2023,Applied Scientist,Data Science and Research,USD,196000,196000,United States,Senior,Full-time,Remote,United States,M,180320.0,100.0,196000.0
2023,Machine Learning Engineer,Machine Learning and AI,USD,253000,253000,United States,Senior,Full-time,Remote,United States,M,232760.0,100.0,253000.0
2023,Machine Learning Engineer,Machine Learning and AI,USD,172040,172040,United States,Senior,Full-time,Remote,United States,M,158276.8,100.0,172040.0
2023,Data Engineer,Data Engineering,USD,234000,234000,United States,Senior,Full-time,Remote,United States,M,215280.0,100.0,234000.0
2023,Data Engineer,Data Engineering,USD,178000,178000,United States,Senior,Full-time,Remote,United States,M,163760.0,100.0,178000.0
2023,Data Scientist,Data Science and Research,USD,164000,164000,United States,Senior,Full-time,Remote,United States,M,150880.0,100.0,164000.0
2023,Business Intelligence Specialist,BI and Visualization,USD,109238,109238,United States,Mid-level,Full-time,In-person,United States,M,100498.96,100.0,109238.0
2023,Business Intelligence Specialist,BI and Visualization,USD,68274,68274,United States,Mid-level,Full-time,In-person,United States,M,62812.08,100.0,68274.0
2023,Data Engineer,Data Engineering,EUR,53000,57223,France,Mid-level,Full-time,Remote,France,M,52645.16,79.8,71708.02
2023,Data Engineer,Data Engineering,EUR,48000,51824,France,Mid-level,Full-time,Remote,France,M,47678.08,79.8,64942.36
2023,Data Analyst,Data Analysis,USD,80800,80800,United States,Entry-level,Full-time,In-person,United States,M,74336.0,100.0,80800.0
2023,Data Analyst,Data Analysis,USD,53800,53800,United States,Entry-level,Full-time,In-person,United States,M,49496.0,100.0,53800.0
2023,Data Engineer,Data Engineering,USD,258900,258900,United States,Senior,Full-time,Remote,United States,M,238188.0,100.0,258900.0
2023,Data Engineer,Data Engineering,USD,176080,176080,United States,Senior,Full-time,Remote,United States,M,161993.6,100.0,176080.0
2023,Business Intelligence Analyst,BI and Visualization,USD,120000,120000,United States,Mid-level,Full-time,Remote,United States,M,110400.0,100.0,120000.0
2023,Business Intelligence Analyst,BI and Visualization,USD,110000,110000,United States,Mid-level,Full-time,Remote,United States,M,101200.0,100.0,110000.0
2023,Machine Learning Engineer,Machine Learning and AI,USD,309000,309000,United States,Senior,Full-time,In-person,United States,M,284280.0,100.0,309000.0
2023,Data Quality Analyst,Data Quality and Operations,USD,65000,65000,United States,Mid-level,Full-time,Remote,United States,M,59800.0,100.0,65000.0
2023,Data Quality Analyst,Data Quality and Operations,USD,60000,60000,United States,Mid-level,Full-time,Remote,United States,M,55200.0,100.0,60000.0
2023,Data Engineer,Data Engineering,USD,132100,132100,United States,Senior,Full-time,In-person,United States,M,121532.0,100.0,132100.0
2023,Data Engineer,Data Engineering,USD,68400,68400,United States,Senior,Full-time,In-person,United States,M,62928.0,100.0,68400.0
2023,Business Intelligence Engineer,BI and Visualization,USD,160000,160000,United States,Senior,Full-time,Remote,United States,M,147200.0,100.0,160000.0
2023,Business Intelligence Engineer,BI and Visualization,USD,140000,140000,United States,Senior,Full-time,Remote,United States,M,128800.0,100.0,140000.0
2023,Data Analyst,Data Analysis,USD,62500,62500,United States,Mid-level,Full-time,Remote,United States,M,57500.0,100.0,62500.0
2023,Data Analyst,Data Analysis,USD,142000,142000,United States,Senior,Full-time,In-person,United States,M,130640.0,100.0,142000.0
2023,Data Analyst,Data Analysis,USD,128000,128000,United States,Senior,Full-time,In-person,United States,M,117760.0,100.0,128000.0
2023,Data Scientist,Data Science and Research,USD,155000,155000,United States,Senior,Full-time,In-person,United States,M,142600.0,100.0,155000.0
2023,Data Scientist,Data Science and Research,USD,139500,139500,United States,Senior,Full-time,In-person,United States,M,128340.0,100.0,139500.0
2023,Machine Learning Engineer,Machine Learning and AI,USD,221000,221000,United States,Senior,Full-time,In-person,United States,M,203320.0,100.0,221000.0
2023,Machine Learning Engineer,Machine Learning and AI,USD,129000,129000,United States,Senior,Full-time,In-person,United States,M,118680.0,100.0,129000.0
2023,Data Engineer,Data Engineering,USD,259000,259000,United States,Senior,Full-time,In-person,United States,M,238280.0,100.0,259000.0
2023,Data Engineer,Data Engineering,USD,138750,138750,United States,Senior,Full-time,In-person,United States,M,127650.0,100.0,138750.0
2023,Data Scientist,Data Science and Research,USD,100000,100000,United States,Senior,Full-time,In-person,United States,M,92000.0,100.0,100000.0
2023,Research Engineer,Data Science and Research,USD,155000,155000,United States,Senior,Full-time,In-person,United States,M,142600.0,100.0,155000.0
2023,Research Engineer,Data Science and Research,USD,130000,130000,United States,Senior,Full-time,In-person,United States,M,119600.0,100.0,130000.0
2023,Applied Scientist,Data Science and Research,USD,215000,215000,United States,Senior,Full-time,In-person,United States,M,197800.0,100.0,215000.0
2023,Applied Scientist,Data Science and Research,USD,182750,182750,United States,Senior,Full-time,In-person,United States,M,168130.0,100.0,182750.0
2023,Data Scientist,Data Science and Research,USD,207000,207000,United States,Senior,Full-time,Remote,United States,M,190440.0,100.0,207000.0
2023,Data Scientist,Data Science and Research,USD,141000,141000,United States,Senior,Full-time,Remote,United States,M,129720.0,100.0,141000.0
2023,Data Scientist,Data Science and Research,USD,90000,90000,United States,Mid-level,Full-time,In-person,United States,M,82800.0,100.0,90000.0
2023,Machine Learning Engineer,Machine Learning and AI,USD,36000,36000,Uganda,Entry-level,Full-time,Remote,United States,M,33120.0,100.0,36000.0
2023,Research Engineer,Data Science and Research,USD,300000,300000,United States,Mid-level,Full-time,In-person,United States,M,276000.0,100.0,300000.0
2023,Data Analyst,Data Analysis,USD,116700,116700,United States,Mid-level,Full-time,In-person,United States,M,107364.0,100.0,116700.0
2023,Data Analyst,Data Analysis,USD,93400,93400,United States,Mid-level,Full-time,In-person,United States,M,85928.0,100.0,93400.0
2023,Data Analyst,Data Analysis,USD,80000,80000,United States,Entry-level,Full-time,In-person,United States,M,73600.0,100.0,80000.0
2023,Data Analyst,Data Analysis,USD,50000,50000,United States,Entry-level,Full-time,In-person,United States,M,46000.0,100.0,50000.0
2023,Applied Scientist,Data Science and Research,USD,179000,179000,United States,Mid-level,Full-time,In-person,United States,M,164680.0,100.0,179000.0
2023,Applied Scientist,Data Science and Research,USD,176490,176490,United States,Mid-level,Full-time,In-person,United States,M,162370.8,100.0,176490.0
2023,Data Scientist,Data Science and Research,USD,195000,195000,United States,Senior,Full-time,In-person,United States,M,179400.0,100.0,195000.0
2023,Data Scientist,Data Science and Research,USD,143750,143750,United States,Senior,Full-time,In-person,United States,M,132250.0,100.0,143750.0
2023,Data Scientist,Data Science and Research,USD,180000,180000,United States,Mid-level,Full-time,In-person,United States,M,165600.0,100.0,180000.0
2023,Data Scientist,Data Science and Research,USD,162000,162000,United States,Mid-level,Full-time,In-person,United States,M,149040.0,100.0,162000.0
2023,Data Scientist,Data Science and Research,USD,199000,199000,United States,Senior,Full-time,In-person,United States,M,183080.0,100.0,199000.0
2023,Data Scientist,Data Science and Research,USD,196760,196760,United States,Senior,Full-time,In-person,United States,M,181019.2,100.0,196760.0
2023,Machine Learning Engineer,Machine Learning and AI,USD,90000,90000,Colombia,Senior,Full-time,In-person,Colombia,M,82800.0,27.9,322580.65
2023,Machine Learning Engineer,Machine Learning and AI,USD,70000,70000,Colombia,Senior,Full-time,In-person,Colombia,M,64400.0,27.9,250896.06
2023,ML Engineer,Machine Learning and AI,USD,324000,324000,United States,Senior,Full-time,In-person,United States,M,298080.0,100.0,324000.0
2023,ML Engineer,Machine Learning and AI,USD,159000,159000,United States,Senior,Full-time,In-person,United States,M,146280.0,100.0,159000.0
2023,Data Engineer,Data Engineering,USD,222000,222000,United States,Senior,Full-time,In-person,United States,M,204240.0,100.0,222000.0
2023,AI Developer,Machine Learning and AI,USD,50000,50000,Ukraine,Entry-level,Full-time,Remote,Ukraine,M,46000.0,29.8,167785.23
2023,Machine Learning Engineer,Machine Learning and AI,EUR,65000,70179,Italy,Senior,Full-time,Remote,United States,L,64564.68,100.0,70179.0
2023,BI Developer,BI and Visualization,USD,110000,110000,United States,Mid-level,Full-time,In-person,United States,M,101200.0,100.0,110000.0
2023,BI Developer,BI and Visualization,USD,75000,75000,United States,Mid-level,Full-time,In-person,United States,M,69000.0,100.0,75000.0
2023,Data Analyst,Data Analysis,EUR,43000,46426,Slovenia,Mid-level,Full-time,In-person,Slovenia,M,42711.92,62.8,73926.75
2023,Data Analyst,Data Analysis,EUR,36000,38868,Slovenia,Mid-level,Full-time,In-person,Slovenia,M,35758.56,62.8,61891.72
2023,Machine Learning Engineer,Machine Learning and AI,USD,80000,80000,United States,Senior,Full-time,In-person,United States,M,73600.0,100.0,80000.0
2023,Research Scientist,Data Science and Research,USD,150000,150000,United States,Mid-level,Full-time,In-person,United States,M,138000.0,100.0,150000.0
2023,Research Scientist,Data Science and Research,USD,130000,130000,United States,Mid-level,Full-time,In-person,United States,M,119600.0,100.0,130000.0
2023,Data Analyst,Data Analysis,USD,126500,126500,United States,Senior,Full-time,Remote,United States,M,116380.0,100.0,126500.0
2023,Data Analyst,Data Analysis,USD,78000,78000,United States,Senior,Full-time,Remote,United States,M,71760.0,100.0,78000.0
2023,Data Lead,Leadership and Management,USD,250000,250000,United States,Executive,Full-time,In-person,United States,M,230000.0,100.0,250000.0
2023,Data Lead,Leadership and Management,USD,222000,222000,United States,Executive,Full-time,In-person,United States,M,204240.0,100.0,222000.0
2023,Data Analyst,Data Analysis,USD,120000,120000,United States,Senior,Full-time,Remote,United States,M,110400.0,100.0,120000.0
2023,Decision Scientist,Data Science and Research,USD,204500,204500,United States,Mid-level,Full-time,In-person,United States,M,188140.0,100.0,204500.0
2023,Decision Scientist,Data Science and Research,USD,142200,142200,United States,Mid-level,Full-time,In-person,United States,M,130824.0,100.0,142200.0
2023,Data Scientist,Data Science and Research,USD,297000,297000,United States,Senior,Full-time,In-person,United States,M,273240.0,100.0,297000.0
2023,Data Scientist,Data Science and Research,USD,138000,138000,United States,Senior,Full-time,In-person,United States,M,126960.0,100.0,138000.0
2023,Data Analyst,Data Analysis,USD,147600,147600,United States,Mid-level,Full-time,In-person,United States,M,135792.0,100.0,147600.0
2023,Data Analyst,Data Analysis,USD,106300,106300,United States,Mid-level,Full-time,In-person,United States,M,97796.0,100.0,106300.0
2023,Data Analyst,Data Analysis,GBP,83376,102586,United Kingdom,Senior,Full-time,In-person,United Kingdom,M,94379.12,82.7,124045.95
2023,Data Analyst,Data Analysis,GBP,65004,79981,United Kingdom,Senior,Full-time,In-person,United Kingdom,M,73582.52,82.7,96712.21
2023,Data Science Consultant,Data Science and Research,USD,131250,131250,United States,Senior,Full-time,In-person,United States,M,120750.0,100.0,131250.0
2023,Data Science Consultant,Data Science and Research,USD,128100,128100,United States,Senior,Full-time,In-person,United States,M,117852.0,100.0,128100.0
2023,Data Engineer,Data Engineering,USD,174500,174500,United States,Executive,Full-time,Remote,United States,M,160540.0,100.0,174500.0
2023,Data Engineer,Data Engineering,USD,113000,113000,United States,Executive,Full-time,Remote,United States,M,103960.0,100.0,113000.0
2023,Financial Data Analyst,Data Analysis,USD,56500,56500,United States,Entry-level,Full-time,Hybrid,United States,L,51980.0,100.0,56500.0
2023,AI Engineer,Machine Learning and AI,EUR,36000,38868,Romania,Senior,Full-time,In-person,Romania,M,35758.56,44.1,88136.05
2023,Data Scientist,Data Science and Research,USD,227000,227000,United States,Senior,Full-time,Remote,United States,M,208840.0,100.0,227000.0
2023,Data Scientist,Data Science and Research,USD,185000,185000,United States,Senior,Full-time,Remote,United States,M,170200.0,100.0,185000.0
2023,Machine Learning Engineer,Machine Learning and AI,USD,230000,230000,United States,Mid-level,Full-time,In-person,United States,M,211600.0,100.0,230000.0
2023,Machine Learning Engineer,Machine Learning and AI,USD,160000,160000,United States,Mid-level,Full-time,In-person,United States,M,147200.0,100.0,160000.0
2023,Data Engineer,Data Engineering,USD,138300,138300,United States,Senior,Full-time,In-person,United States,M,127236.0,100.0,138300.0
2023,Data Engineer,Data Engineering,USD,110700,110700,United States,Senior,Full-time,In-person,United States,M,101844.0,100.0,110700.0
2023,Business Intelligence Analyst,BI and Visualization,USD,130000,130000,United States,Senior,Full-time,In-person,United States,M,119600.0,100.0,130000.0
2023,Business Intelligence Analyst,BI and Visualization,USD,80000,80000,United States,Senior,Full-time,In-person,United States,M,73600.0,100.0,80000.0
2023,Data Engineer,Data Engineering,USD,212175,212175,United States,Senior,Full-time,Remote,United States,M,195201.0,100.0,212175.0
2023,Data Engineer,Data Engineering,USD,156000,156000,United States,Senior,Full-time,Remote,United States,M,143520.0,100.0,156000.0
2023,Data Analyst,Data Analysis,USD,111151,111151,United States,Mid-level,Full-time,Remote,United States,M,102258.92,100.0,111151.0
2023,Data Analyst,Data Analysis,USD,66691,66691,United States,Mid-level,Full-time,Remote,United States,M,61355.72,100.0,66691.0
2023,Data Scientist,Data Science and Research,USD,190000,190000,United States,Senior,Full-time,In-person,United States,M,174800.0,100.0,190000.0
2023,Data Scientist,Data Science and Research,USD,138700,138700,United States,Senior,Full-time,In-person,United States,M,127604.0,100.0,138700.0
2023,Data Analyst,Data Analysis,USD,95040,95040,United States,Senior,Full-time,Remote,United States,M,87436.8,100.0,95040.0
2023,Data Analyst,Data Analysis,USD,59400,59400,United States,Senior,Full-time,Remote,United States,M,54648.0,100.0,59400.0
2023,Machine Learning Engineer,Machine Learning and AI,USD,197802,197802,United States,Senior,Full-time,Remote,United States,M,181977.84,100.0,197802.0
2023,Machine Learning Engineer,Machine Learning and AI,USD,156453,156453,United States,Senior,Full-time,Remote,United States,M,143936.76,100.0,156453.0
2023,Data Scientist,Data Science and Research,USD,308000,308000,United States,Senior,Full-time,In-person,United States,M,283360.0,100.0,308000.0
2023,Data Scientist,Data Science and Research,USD,144000,144000,United States,Senior,Full-time,In-person,United States,M,132480.0,100.0,144000.0
2023,Data Quality Analyst,Data Quality and Operations,USD,172000,172000,United States,Senior,Full-time,In-person,United States,M,158240.0,100.0,172000.0
2023,Data Quality Analyst,Data Quality and Operations,USD,140000,140000,United States,Senior,Full-time,In-person,United States,M,128800.0,100.0,140000.0
2023,Data Engineer,Data Engineering,GBP,73000,89819,United Kingdom,Mid-level,Full-time,In-person,United Kingdom,M,82633.48,82.7,108608.22
2023,Data Engineer,Data Engineering,GBP,59000,72593,United Kingdom,Mid-level,Full-time,In-person,United Kingdom,M,66785.56,82.7,87778.72
2023,Data Engineer,Data Engineering,USD,122400,122400,United States,Senior,Full-time,Remote,United States,M,112608.0,100.0,122400.0
2023,Research Analyst,Data Science and Research,USD,80000,80000,United States,Mid-level,Full-time,In-person,United States,M,73600.0,100.0,80000.0
2023,Research Analyst,Data Science and Research,USD,70000,70000,United States,Mid-level,Full-time,In-person,United States,M,64400.0,100.0,70000.0
2023,Data Analyst,Data Analysis,USD,90000,90000,United States,Senior,Full-time,In-person,United States,M,82800.0,100.0,90000.0
2023,Data Engineer,Data Engineering,USD,227500,227500,United States,Senior,Full-time,Remote,United States,M,209300.0,100.0,227500.0
2023,Data Engineer,Data Engineering,USD,147500,147500,United States,Senior,Full-time,Remote,United States,M,135700.0,100.0,147500.0
2023,Machine Learning Engineer,Machine Learning and AI,USD,150000,150000,United States,Mid-level,Full-time,Remote,United States,M,138000.0,100.0,150000.0
2023,Machine Learning Engineer,Machine Learning and AI,USD,50000,50000,United States,Mid-level,Full-time,Remote,United States,M,46000.0,100.0,50000.0
2023,Data Engineer,Data Engineering,GBP,60000,73824,United Kingdom,Mid-level,Full-time,In-person,United Kingdom,M,67918.08,82.7,89267.23
2023,Data Engineer,Data Engineering,GBP,45000,55368,United Kingdom,Mid-level,Full-time,In-person,United Kingdom,M,50938.56,82.7,66950.42
2023,Data Science Engineer,Data Science and Research,USD,220000,220000,United States,Senior,Full-time,Remote,United States,M,202400.0,100.0,220000.0
2023,Data Science Engineer,Data Science and Research,USD,180000,180000,United States,Senior,Full-time,Remote,United States,M,165600.0,100.0,180000.0
2023,Machine Learning Engineer,Machine Learning and AI,USD,331640,331640,United States,Senior,Full-time,In-person,United States,M,305108.8,100.0,331640.0
2023,Machine Learning Engineer,Machine Learning and AI,USD,267720,267720,United States,Senior,Full-time,In-person,United States,M,246302.4,100.0,267720.0
2023,Data Engineer,Data Engineering,USD,190000,190000,United States,Mid-level,Full-time,Remote,United States,M,174800.0,100.0,190000.0
2023,Data Engineer,Data Engineering,USD,130000,130000,United States,Mid-level,Full-time,Remote,United States,M,119600.0,100.0,130000.0
2023,Data Engineer,Data Engineering,USD,150000,150000,United States,Mid-level,Full-time,Remote,United States,M,138000.0,100.0,150000.0
2023,Data Engineer,Data Engineering,USD,50000,50000,United States,Mid-level,Full-time,Remote,United States,M,46000.0,100.0,50000.0
2023,Analytics Engineer,Leadership and Management,USD,172200,172200,United States,Mid-level,Full-time,Remote,United States,M,158424.0,100.0,172200.0
2023,Analytics Engineer,Leadership and Management,USD,131200,131200,United States,Mid-level,Full-time,Remote,United States,M,120704.0,100.0,131200.0
2023,Data Strategy Manager,Data Management and Strategy,USD,250000,250000,United States,Senior,Full-time,Remote,United States,M,230000.0,100.0,250000.0
2023,Data Strategy Manager,Data Management and Strategy,USD,100000,100000,United States,Senior,Full-time,Remote,United States,M,92000.0,100.0,100000.0
2023,Data Engineer,Data Engineering,USD,165000,165000,United States,Senior,Full-time,Remote,United States,M,151800.0,100.0,165000.0
2023,Data Analyst,Data Analysis,USD,155000,155000,United States,Senior,Full-time,In-person,United States,M,142600.0,100.0,155000.0
2023,Data Analyst,Data Analysis,USD,280000,280000,United States,Senior,Full-time,In-person,United States,M,257600.0,100.0,280000.0
2023,Data Analyst,Data Analysis,USD,200000,200000,United States,Senior,Full-time,In-person,United States,M,184000.0,100.0,200000.0
2023,Data Manager,Leadership and Management,GBP,60000,73824,United Kingdom,Mid-level,Full-time,In-person,United Kingdom,M,67918.08,82.7,89267.23
2023,Data Manager,Leadership and Management,GBP,55000,67672,United Kingdom,Mid-level,Full-time,In-person,United Kingdom,M,62258.24,82.7,81828.3
2023,Data Scientist,Data Science and Research,USD,290000,290000,United States,Senior,Full-time,In-person,United States,M,266800.0,100.0,290000.0
2023,Data Scientist,Data Science and Research,USD,173200,173200,United States,Senior,Full-time,In-person,United States,M,159344.0,100.0,173200.0
2023,Data Scientist,Data Science and Research,USD,235000,235000,United States,Senior,Full-time,Remote,United States,M,216200.0,100.0,235000.0
2023,Data Scientist,Data Science and Research,USD,204000,204000,United States,Senior,Full-time,Remote,United States,M,187680.0,100.0,204000.0
2023,Machine Learning Scientist,Machine Learning and AI,USD,300000,300000,United States,Senior,Full-time,In-person,United States,M,276000.0,100.0,300000.0
2023,Machine Learning Scientist,Machine Learning and AI,USD,222000,222000,United States,Senior,Full-time,In-person,United States,M,204240.0,100.0,222000.0
2023,Data Scientist,Data Science and Research,USD,155000,155000,Canada,Senior,Full-time,In-person,Canada,M,142600.0,79.3,195460.28
2023,Data Scientist,Data Science and Research,USD,105000,105000,Canada,Senior,Full-time,In-person,Canada,M,96600.0,79.3,132408.58
2023,Machine Learning Engineer,Machine Learning and AI,USD,287500,287500,United States,Senior,Full-time,In-person,United States,M,264500.0,100.0,287500.0
2023,Machine Learning Engineer,Machine Learning and AI,USD,212500,212500,United States,Senior,Full-time,In-person,United States,M,195500.0,100.0,212500.0
2023,Machine Learning Engineer,Machine Learning and AI,USD,190027,190027,United States,Senior,Full-time,In-person,United States,M,174824.84,100.0,190027.0
2023,Machine Learning Engineer,Machine Learning and AI,USD,152022,152022,United States,Senior,Full-time,In-person,United States,M,139860.24,100.0,152022.0
2023,Data Scientist,Data Science and Research,EUR,18000,19434,Greece,Entry-level,Full-time,Remote,Greece,L,17879.28,56.1,34641.71
2023,Data Engineer,Data Engineering,USD,131000,131000,Colombia,Mid-level,Full-time,In-person,Colombia,M,120520.0,27.9,469534.05
2023,Data Engineer,Data Engineering,USD,88000,88000,Colombia,Mid-level,Full-time,In-person,Colombia,M,80960.0,27.9,315412.19
2023,Machine Learning Engineer,Machine Learning and AI,USD,198000,198000,United States,Senior,Full-time,Remote,United States,M,182160.0,100.0,198000.0
2023,Machine Learning Engineer,Machine Learning and AI,USD,132000,132000,United States,Senior,Full-time,Remote,United States,M,121440.0,100.0,132000.0
2023,Business Intelligence Engineer,BI and Visualization,USD,125000,125000,United States,Senior,Full-time,Remote,United States,M,115000.0,100.0,125000.0
2023,Business Intelligence Engineer,BI and Visualization,USD,115000,115000,United States,Senior,Full-time,Remote,United States,M,105800.0,100.0,115000.0
2023,Data Manager,Leadership and Management,USD,145000,145000,United States,Senior,Full-time,In-person,United States,M,133400.0,100.0,145000.0
2023,Data Manager,Leadership and Management,USD,130000,130000,United States,Senior,Full-time,In-person,United States,M,119600.0,100.0,130000.0
2023,Machine Learning Engineer,Machine Learning and AI,USD,170700,170700,United States,Senior,Full-time,In-person,United States,M,157044.0,100.0,170700.0
2023,Machine Learning Engineer,Machine Learning and AI,USD,113900,113900,United States,Senior,Full-time,In-person,United States,M,104788.0,100.0,113900.0
2023,Data Engineer,Data Engineering,USD,185000,185000,United States,Senior,Full-time,In-person,United States,L,170200.0,100.0,185000.0
2023,Data Engineer,Data Engineering,USD,81000,81000,United States,Senior,Full-time,In-person,United States,L,74520.0,100.0,81000.0
2023,Data Scientist,Data Science and Research,USD,123000,123000,United States,Senior,Full-time,In-person,United States,M,113160.0,100.0,123000.0
2023,Data Manager,Leadership and Management,USD,80000,80000,United States,Executive,Full-time,In-person,United States,M,73600.0,100.0,80000.0
2023,Data Manager,Leadership and Management,USD,75000,75000,United States,Executive,Full-time,In-person,United States,M,69000.0,100.0,75000.0
2023,Data Analyst,Data Analysis,USD,53000,53000,United States,Mid-level,Full-time,Remote,United States,M,48760.0,100.0,53000.0
2023,Data Analyst,Data Analysis,USD,48000,48000,United States,Mid-level,Full-time,Remote,United States,M,44160.0,100.0,48000.0
2023,Analytics Engineer,Leadership and Management,GBP,300000,369120,United Kingdom,Mid-level,Full-time,In-person,United Kingdom,M,339590.4,82.7,446336.15
2023,Analytics Engineer,Leadership and Management,GBP,60000,73824,United Kingdom,Mid-level,Full-time,In-person,United Kingdom,M,67918.08,82.7,89267.23
2023,Data Scientist,Data Science and Research,USD,125000,125000,United States,Mid-level,Full-time,In-person,United States,M,115000.0,100.0,125000.0
2023,Data Engineer,Data Engineering,USD,190000,190000,United States,Senior,Full-time,In-person,United States,M,174800.0,100.0,190000.0
2023,Data Engineer,Data Engineering,USD,115000,115000,United States,Mid-level,Full-time,Remote,United States,M,105800.0,100.0,115000.0
2023,Computer Vision Engineer,Machine Learning and AI,USD,194000,194000,United States,Senior,Full-time,In-person,United States,M,178480.0,100.0,194000.0
2023,Computer Vision Engineer,Machine Learning and AI,USD,175000,175000,United States,Senior,Full-time,In-person,United States,M,161000.0,100.0,175000.0
2023,Data Analyst,Data Analysis,USD,185000,185000,United States,Senior,Full-time,In-person,United States,M,170200.0,100.0,185000.0
2023,Data Analyst,Data Analysis,USD,160000,160000,United States,Senior,Full-time,In-person,United States,M,147200.0,100.0,160000.0
2023,Data Engineer,Data Engineering,USD,185000,185000,United States,Senior,Full-time,In-person,United States,M,170200.0,100.0,185000.0
2023,Data Engineer,Data Engineering,USD,50000,50000,United States,Senior,Full-time,In-person,United States,M,46000.0,100.0,50000.0
2023,Data Manager,Leadership and Management,USD,70000,70000,United States,Executive,Full-time,In-person,United States,M,64400.0,100.0,70000.0
2023,Data Engineer,Data Engineering,USD,130916,130916,United States,Entry-level,Full-time,In-person,United States,M,120442.72,100.0,130916.0
2023,Data Engineer,Data Engineering,USD,120000,120000,United States,Entry-level,Full-time,In-person,United States,M,110400.0,100.0,120000.0
2023,Data Scientist,Data Science and Research,USD,160000,160000,United States,Senior,Full-time,Remote,United States,M,147200.0,100.0,160000.0
2023,Applied Scientist,Data Science and Research,USD,218213,218213,United States,Senior,Full-time,Remote,United States,M,200755.96,100.0,218213.0
2023,Applied Scientist,Data Science and Research,USD,178538,178538,United States,Senior,Full-time,Remote,United States,M,164254.96,100.0,178538.0
2023,Data Scientist,Data Science and Research,USD,316000,316000,United States,Senior,Full-time,In-person,United States,M,290720.0,100.0,316000.0
2023,Data Scientist,Data Science and Research,USD,202000,202000,United States,Senior,Full-time,In-person,United States,M,185840.0,100.0,202000.0
2023,Data Scientist,Data Science and Research,USD,189750,189750,United States,Senior,Full-time,Remote,United States,M,174570.0,100.0,189750.0
2023,Data Scientist,Data Science and Research,USD,119213,119213,United States,Senior,Full-time,Remote,United States,M,109675.96,100.0,119213.0
2023,Analytics Engineer,Leadership and Management,USD,162000,162000,United States,Senior,Full-time,In-person,United States,M,149040.0,100.0,162000.0
2023,Analytics Engineer,Leadership and Management,USD,130000,130000,United States,Senior,Full-time,In-person,United States,M,119600.0,100.0,130000.0
2023,Data Visualization Specialist,BI and Visualization,USD,170200,170200,United States,Senior,Full-time,In-person,United States,M,156584.0,100.0,170200.0
2023,Data Visualization Specialist,BI and Visualization,USD,83900,83900,United States,Senior,Full-time,In-person,United States,M,77188.0,100.0,83900.0
2023,Machine Learning Engineer,Machine Learning and AI,USD,250944,250944,United States,Senior,Full-time,Remote,United States,M,230868.48,100.0,250944.0
2023,Machine Learning Engineer,Machine Learning and AI,USD,205318,205318,United States,Senior,Full-time,Remote,United States,M,188892.56,100.0,205318.0
2023,Data Engineer,Data Engineering,USD,125000,125000,United States,Senior,Full-time,In-person,United States,M,115000.0,100.0,125000.0
2023,Data Scientist,Data Science and Research,USD,135000,135000,United States,Senior,Full-time,In-person,United States,M,124200.0,100.0,135000.0
2023,Data Scientist,Data Science and Research,USD,114000,114000,United States,Senior,Full-time,In-person,United States,M,104880.0,100.0,114000.0
2023,Data Scientist,Data Science and Research,USD,218213,218213,United States,Senior,Full-time,Remote,United States,M,200755.96,100.0,218213.0
2023,Data Scientist,Data Science and Research,USD,178538,178538,United States,Senior,Full-time,Remote,United States,M,164254.96,100.0,178538.0
2023,Research Scientist,Data Science and Research,USD,240000,240000,United States,Senior,Full-time,In-person,United States,M,220800.0,100.0,240000.0
2023,Research Scientist,Data Science and Research,USD,163200,163200,United States,Senior,Full-time,In-person,United States,M,150144.0,100.0,163200.0
2023,Machine Learning Engineer,Machine Learning and AI,USD,258800,258800,United States,Senior,Full-time,In-person,United States,M,238096.0,100.0,258800.0
2023,Machine Learning Engineer,Machine Learning and AI,USD,199200,199200,United States,Senior,Full-time,In-person,United States,M,183264.0,100.0,199200.0
2023,Data Scientist,Data Science and Research,USD,215625,215625,United States,Senior,Full-time,Remote,United States,M,198375.0,100.0,215625.0
2023,Data Scientist,Data Science and Research,USD,159375,159375,United States,Senior,Full-time,Remote,United States,M,146625.0,100.0,159375.0
2023,Research Engineer,Data Science and Research,USD,203000,203000,United States,Senior,Full-time,In-person,United States,M,186760.0,100.0,203000.0
2023,Research Engineer,Data Science and Research,USD,133000,133000,United States,Senior,Full-time,In-person,United States,M,122360.0,100.0,133000.0
2023,Data Science Manager,Data Science and Research,USD,272400,272400,United States,Senior,Full-time,In-person,United States,L,250608.0,100.0,272400.0
2023,Data Science Manager,Data Science and Research,USD,140100,140100,United States,Senior,Full-time,In-person,United States,L,128892.0,100.0,140100.0
2023,Data Engineer,Data Engineering,USD,282000,282000,United States,Senior,Full-time,In-person,United States,M,259440.0,100.0,282000.0
2023,Data Engineer,Data Engineering,USD,208000,208000,United States,Senior,Full-time,In-person,United States,M,191360.0,100.0,208000.0
2023,Data Analyst,Data Analysis,USD,93919,93919,United States,Senior,Full-time,Remote,United States,M,86405.48,100.0,93919.0
2023,Data Analyst,Data Analysis,USD,51962,51962,United States,Senior,Full-time,Remote,United States,M,47805.04,100.0,51962.0
2023,Data Scientist,Data Science and Research,USD,211000,211000,United States,Senior,Full-time,Remote,United States,M,194120.0,100.0,211000.0
2023,BI Analyst,BI and Visualization,USD,118800,118800,United States,Senior,Full-time,Remote,United States,M,109296.0,100.0,118800.0
2023,BI Analyst,BI and Visualization,USD,75000,75000,United States,Senior,Full-time,Remote,United States,M,69000.0,100.0,75000.0
2023,Machine Learning Engineer,Machine Learning and AI,USD,159350,159350,United States,Senior,Full-time,In-person,United States,M,146602.0,100.0,159350.0
2023,Machine Learning Engineer,Machine Learning and AI,USD,130100,130100,United States,Senior,Full-time,In-person,United States,M,119692.0,100.0,130100.0
2023,Data Scientist,Data Science and Research,USD,262000,262000,United States,Senior,Full-time,Remote,United States,M,241040.0,100.0,262000.0
2023,Data Scientist,Data Science and Research,USD,245000,245000,United States,Senior,Full-time,Remote,United States,M,225400.0,100.0,245000.0
2023,Analytics Engineer,Leadership and Management,USD,205218,205218,United States,Senior,Full-time,In-person,United States,M,188800.56,100.0,205218.0
2023,Analytics Engineer,Leadership and Management,USD,136743,136743,United States,Senior,Full-time,In-person,United States,M,125803.56,100.0,136743.0
2023,Research Analyst,Data Science and Research,USD,185000,185000,United States,Senior,Full-time,In-person,United States,L,170200.0,100.0,185000.0
2023,Research Analyst,Data Science and Research,USD,94600,94600,United States,Senior,Full-time,In-person,United States,L,87032.0,100.0,94600.0
2023,Research Analyst,Data Science and Research,USD,160000,160000,United States,Senior,Full-time,In-person,United States,M,147200.0,100.0,160000.0
2023,Research Analyst,Data Science and Research,USD,107000,107000,United States,Senior,Full-time,In-person,United States,M,98440.0,100.0,107000.0
2023,Machine Learning Engineer,Machine Learning and AI,USD,264400,264400,United States,Senior,Full-time,Remote,United States,M,243248.0,100.0,264400.0
2023,Machine Learning Engineer,Machine Learning and AI,USD,176300,176300,United States,Senior,Full-time,Remote,United States,M,162196.0,100.0,176300.0
2023,Research Scientist,Data Science and Research,USD,275000,275000,United States,Senior,Full-time,In-person,United States,M,253000.0,100.0,275000.0
2023,Research Scientist,Data Science and Research,USD,175000,175000,United States,Senior,Full-time,In-person,United States,M,161000.0,100.0,175000.0
2023,ML Engineer,Machine Learning and AI,USD,76000,76000,United States,Entry-level,Full-time,In-person,United States,L,69920.0,100.0,76000.0
2023,Insight Analyst,Data Analysis,EUR,50000,53984,Portugal,Mid-level,Full-time,Remote,Portugal,M,49665.28,62.4,86512.82
2023,Insight Analyst,Data Analysis,EUR,40000,43187,Portugal,Mid-level,Full-time,Remote,Portugal,M,39732.04,62.4,69209.94
2023,Business Intelligence Analyst,BI and Visualization,USD,150000,150000,United States,Mid-level,Full-time,In-person,United States,M,138000.0,100.0,150000.0
2023,Business Intelligence Analyst,BI and Visualization,USD,125000,125000,United States,Mid-level,Full-time,In-person,United States,M,115000.0,100.0,125000.0
2023,Data Scientist,Data Science and Research,USD,210000,210000,United States,Senior,Full-time,Remote,United States,M,193200.0,100.0,210000.0
2023,Data Engineer,Data Engineering,USD,210000,210000,United States,Senior,Full-time,In-person,United States,M,193200.0,100.0,210000.0
2023,Data Scientist,Data Science and Research,USD,169500,169500,United States,Senior,Full-time,Remote,United States,M,155940.0,100.0,169500.0
2023,Data Scientist,Data Science and Research,USD,138000,138000,United States,Senior,Full-time,Remote,United States,M,126960.0,100.0,138000.0
2023,AI Engineer,Machine Learning and AI,USD,180000,180000,United States,Mid-level,Full-time,In-person,United States,M,165600.0,100.0,180000.0
2023,AI Engineer,Machine Learning and AI,USD,120000,120000,United States,Mid-level,Full-time,In-person,United States,M,110400.0,100.0,120000.0
2023,Data Science Manager,Data Science and Research,USD,297300,297300,United States,Senior,Full-time,Remote,United States,M,273516.0,100.0,297300.0
2023,Data Science Manager,Data Science and Research,USD,198200,198200,United States,Senior,Full-time,Remote,United States,M,182344.0,100.0,198200.0
2023,Data Scientist,Data Science and Research,USD,204500,204500,United States,Senior,Full-time,In-person,United States,M,188140.0,100.0,204500.0
2023,Data Scientist,Data Science and Research,USD,138900,138900,United States,Senior,Full-time,In-person,United States,M,127788.0,100.0,138900.0
2023,Data Manager,Leadership and Management,USD,110400,110400,United States,Senior,Full-time,In-person,United States,M,101568.0,100.0,110400.0
2023,Data Manager,Leadership and Management,USD,68000,68000,United States,Senior,Full-time,In-person,United States,M,62560.0,100.0,68000.0
2023,Data Scientist,Data Science and Research,USD,260600,260600,United States,Mid-level,Full-time,In-person,United States,M,239752.0,100.0,260600.0
2023,Data Integration Specialist,Data Management and Strategy,USD,63750,63750,United States,Entry-level,Full-time,Remote,United States,M,58650.0,100.0,63750.0
2023,Data Integration Specialist,Data Management and Strategy,USD,46400,46400,United States,Entry-level,Full-time,Remote,United States,M,42688.0,100.0,46400.0
2023,Data Scientist,Data Science and Research,USD,214872,214872,United States,Senior,Full-time,Remote,United States,M,197682.24,100.0,214872.0
2023,Data Scientist,Data Science and Research,USD,186846,186846,United States,Senior,Full-time,Remote,United States,M,171898.32,100.0,186846.0
2023,Data Analyst,Data Analysis,USD,95000,95000,United States,Mid-level,Full-time,In-person,United States,M,87400.0,100.0,95000.0
2023,Data Analyst,Data Analysis,USD,70600,70600,United States,Mid-level,Full-time,In-person,United States,M,64952.0,100.0,70600.0
2023,Data Analyst,Data Analysis,USD,149500,149500,United States,Mid-level,Full-time,Remote,United States,M,137540.0,100.0,149500.0
2023,Data Analyst,Data Analysis,USD,127075,127075,United States,Mid-level,Full-time,Remote,United States,M,116909.0,100.0,127075.0
2023,Data Engineer,Data Engineering,USD,162000,162000,United States,Senior,Full-time,Remote,United States,M,149040.0,100.0,162000.0
2023,Data Engineer,Data Engineering,USD,111000,111000,United States,Senior,Full-time,Remote,United States,M,102120.0,100.0,111000.0
2023,Machine Learning Scientist,Machine Learning and AI,USD,280000,280000,United States,Senior,Full-time,Remote,United States,M,257600.0,100.0,280000.0
2023,Machine Learning Scientist,Machine Learning and AI,USD,182750,182750,United States,Senior,Full-time,Remote,United States,M,168130.0,100.0,182750.0
2023,Research Engineer,Data Science and Research,USD,196000,196000,United States,Senior,Full-time,In-person,United States,M,180320.0,100.0,196000.0
2023,Research Engineer,Data Science and Research,USD,142600,142600,United States,Senior,Full-time,In-person,United States,M,131192.0,100.0,142600.0
2023,Data Architect,Data Architecture and Modeling,USD,193000,193000,United States,Senior,Full-time,Remote,United States,M,177560.0,100.0,193000.0
2023,Data Architect,Data Architecture and Modeling,USD,110000,110000,United States,Senior,Full-time,Remote,United States,M,101200.0,100.0,110000.0
2023,Data Scientist,Data Science and Research,USD,245000,245000,United States,Senior,Full-time,In-person,United States,M,225400.0,100.0,245000.0
2023,Data Analyst,Data Analysis,USD,80000,80000,United States,Senior,Full-time,In-person,United States,M,73600.0,100.0,80000.0
2023,Data Analyst,Data Analysis,USD,70000,70000,United States,Senior,Full-time,In-person,United States,M,64400.0,100.0,70000.0
2023,Data Engineer,Data Engineering,USD,250000,250000,United States,Executive,Full-time,In-person,United States,M,230000.0,100.0,250000.0
2023,Data Engineer,Data Engineering,USD,225000,225000,United States,Executive,Full-time,In-person,United States,M,207000.0,100.0,225000.0
2023,Data Analyst,Data Analysis,GBP,50000,61520,United Kingdom,Mid-level,Full-time,In-person,United Kingdom,M,56598.4,82.7,74389.36
2023,Data Analyst,Data Analysis,GBP,40000,49216,United Kingdom,Mid-level,Full-time,In-person,United Kingdom,M,45278.72,82.7,59511.49
2023,Data Engineer,Data Engineering,USD,205000,205000,United States,Senior,Full-time,In-person,United States,M,188600.0,100.0,205000.0
2023,Machine Learning Engineer,Machine Learning and AI,USD,240000,240000,Ukraine,Senior,Full-time,Remote,Ukraine,M,220800.0,29.8,805369.13
2023,Machine Learning Engineer,Machine Learning and AI,USD,220000,220000,Ukraine,Senior,Full-time,Remote,Ukraine,M,202400.0,29.8,738255.03
2023,Machine Learning Engineer,Machine Learning and AI,USD,297300,297300,United States,Senior,Full-time,Remote,United States,M,273516.0,100.0,297300.0
2023,Machine Learning Engineer,Machine Learning and AI,USD,198200,198200,United States,Senior,Full-time,Remote,United States,M,182344.0,100.0,198200.0
2023,Machine Learning Engineer,Machine Learning and AI,USD,156000,156000,United States,Senior,Full-time,Remote,United States,M,143520.0,100.0,156000.0
2023,Data Science Practitioner,Data Science and Research,USD,196500,196500,United States,Senior,Full-time,In-person,United States,M,180780.0,100.0,196500.0
2023,Data Science Practitioner,Data Science and Research,USD,97300,97300,United States,Senior,Full-time,In-person,United States,M,89516.0,100.0,97300.0
2023,Machine Learning Engineer,Machine Learning and AI,USD,192000,192000,United States,Senior,Full-time,Remote,United States,M,176640.0,100.0,192000.0
2023,Machine Learning Engineer,Machine Learning and AI,USD,164000,164000,United States,Senior,Full-time,Remote,United States,M,150880.0,100.0,164000.0
2023,Machine Learning Engineer,Machine Learning and AI,USD,227700,227700,United States,Senior,Full-time,Remote,United States,M,209484.0,100.0,227700.0
2023,Machine Learning Engineer,Machine Learning and AI,USD,154836,154836,United States,Senior,Full-time,Remote,United States,M,142449.12,100.0,154836.0
2023,Data Scientist,Data Science and Research,USD,140000,140000,United States,Senior,Full-time,Remote,United States,M,128800.0,100.0,140000.0
2023,Machine Learning Engineer,Machine Learning and AI,USD,285000,285000,United States,Mid-level,Full-time,In-person,United States,L,262200.0,100.0,285000.0
2023,Machine Learning Engineer,Machine Learning and AI,USD,190000,190000,United States,Mid-level,Full-time,In-person,United States,L,174800.0,100.0,190000.0
2023,Research Scientist,Data Science and Research,USD,405000,405000,United States,Mid-level,Full-time,In-person,United States,L,372600.0,100.0,405000.0
2023,Research Scientist,Data Science and Research,USD,270000,270000,United States,Mid-level,Full-time,In-person,United States,L,248400.0,100.0,270000.0
2023,Data Engineer,Data Engineering,USD,214300,214300,United States,Mid-level,Full-time,In-person,United States,M,197156.0,100.0,214300.0
2023,Data Engineer,Data Engineering,USD,108500,108500,United States,Mid-level,Full-time,In-person,United States,M,99820.0,100.0,108500.0
2023,Data Scientist,Data Science and Research,USD,145000,145000,United States,Mid-level,Full-time,Remote,United States,M,133400.0,100.0,145000.0
2023,Data Scientist,Data Science and Research,USD,115000,115000,United States,Mid-level,Full-time,Remote,United States,M,105800.0,100.0,115000.0
2023,Data Science Engineer,Data Science and Research,USD,130000,130000,United States,Mid-level,Full-time,Remote,United States,M,119600.0,100.0,130000.0
2023,Data Science Engineer,Data Science and Research,USD,113000,113000,United States,Mid-level,Full-time,Remote,United States,M,103960.0,100.0,113000.0
2023,Data Scientist,Data Science and Research,USD,194500,194500,United States,Senior,Full-time,In-person,United States,M,178940.0,100.0,194500.0
2023,Data Scientist,Data Science and Research,USD,110250,110250,United States,Senior,Full-time,In-person,United States,M,101430.0,100.0,110250.0
2023,Data Scientist,Data Science and Research,USD,295000,295000,United States,Senior,Full-time,In-person,United States,M,271400.0,100.0,295000.0
2023,Data Scientist,Data Science and Research,USD,177300,177300,United States,Senior,Full-time,In-person,United States,M,163116.0,100.0,177300.0
2023,Data Analyst,Data Analysis,GBP,45000,55368,United Kingdom,Mid-level,Full-time,Remote,United Kingdom,M,50938.56,82.7,66950.42
2023,Data Analyst,Data Analysis,GBP,36000,44294,United Kingdom,Mid-level,Full-time,Remote,United Kingdom,M,40750.48,82.7,53559.85
2023,Applied Scientist,Data Science and Research,USD,192000,192000,United States,Senior,Full-time,Remote,United States,M,176640.0,100.0,192000.0
2023,Applied Scientist,Data Science and Research,USD,164000,164000,United States,Senior,Full-time,Remote,United States,M,150880.0,100.0,164000.0
2023,Data Engineer,Data Engineering,USD,220000,220000,United States,Entry-level,Full-time,In-person,United States,M,202400.0,100.0,220000.0
2023,Data Engineer,Data Engineering,USD,187000,187000,United States,Entry-level,Full-time,In-person,United States,M,172040.0,100.0,187000.0
2023,Director of Data Science,Data Science and Research,USD,353200,353200,United States,Executive,Full-time,In-person,United States,M,324944.0,100.0,353200.0
2023,Director of Data Science,Data Science and Research,USD,249300,249300,United States,Executive,Full-time,In-person,United States,M,229356.0,100.0,249300.0
2023,Data Analyst,Data Analysis,USD,85000,85000,United States,Senior,Full-time,In-person,United States,M,78200.0,100.0,85000.0
2023,Data Analyst,Data Analysis,USD,79000,79000,United States,Senior,Full-time,In-person,United States,M,72680.0,100.0,79000.0
2023,Data Engineer,Data Engineering,USD,131000,131000,United States,Senior,Full-time,In-person,United States,M,120520.0,100.0,131000.0
2023,Applied Scientist,Data Science and Research,USD,220000,220000,United States,Senior,Full-time,Remote,United States,M,202400.0,100.0,220000.0
2023,Applied Scientist,Data Science and Research,USD,163000,163000,United States,Senior,Full-time,Remote,United States,M,149960.0,100.0,163000.0
2023,Data Scientist,Data Science and Research,USD,107400,107400,United States,Senior,Full-time,In-person,United States,M,98808.0,100.0,107400.0
2023,Data Scientist,Data Science and Research,USD,101500,101500,United States,Senior,Full-time,In-person,United States,M,93380.0,100.0,101500.0
2023,Data Engineer,Data Engineering,EUR,75000,80976,France,Mid-level,Full-time,Hybrid,France,M,74497.92,79.8,101473.68
2023,Research Scientist,Data Science and Research,USD,300000,300000,United States,Mid-level,Full-time,In-person,United States,M,276000.0,100.0,300000.0
2023,Research Scientist,Data Science and Research,USD,100000,100000,United States,Mid-level,Full-time,In-person,United States,M,92000.0,100.0,100000.0
2023,Data Architect,Data Architecture and Modeling,USD,175000,175000,United States,Senior,Full-time,Remote,United States,M,161000.0,100.0,175000.0
2023,Data Scientist,Data Science and Research,USD,164000,164000,United States,Senior,Full-time,In-person,United States,M,150880.0,100.0,164000.0
2023,Data Scientist,Data Science and Research,USD,211000,211000,United States,Senior,Full-time,In-person,United States,M,194120.0,100.0,211000.0
2023,Machine Learning Engineer,Machine Learning and AI,USD,276000,276000,United States,Senior,Full-time,In-person,United States,M,253920.0,100.0,276000.0
2023,Machine Learning Engineer,Machine Learning and AI,USD,184000,184000,United States,Senior,Full-time,In-person,United States,M,169280.0,100.0,184000.0
2023,Data Analyst,Data Analysis,USD,115000,115000,United States,Mid-level,Full-time,Remote,United States,M,105800.0,100.0,115000.0
2023,Data Analyst,Data Analysis,USD,167000,167000,United States,Senior,Full-time,In-person,United States,M,153640.0,100.0,167000.0
2023,Data Engineer,Data Engineering,USD,144000,144000,United States,Senior,Full-time,In-person,United States,M,132480.0,100.0,144000.0
2023,Data Engineer,Data Engineering,USD,96000,96000,United States,Senior,Full-time,In-person,United States,M,88320.0,100.0,96000.0
2023,Analytics Engineer,Leadership and Management,USD,145000,145000,United States,Senior,Full-time,Remote,United States,M,133400.0,100.0,145000.0
2023,Analytics Engineer,Leadership and Management,USD,116000,116000,United States,Senior,Full-time,Remote,United States,M,106720.0,100.0,116000.0
2023,Data Scientist,Data Science and Research,USD,161000,161000,United States,Senior,Full-time,In-person,United States,M,148120.0,100.0,161000.0
2023,Data Scientist,Data Science and Research,USD,116300,116300,United States,Senior,Full-time,In-person,United States,M,106996.0,100.0,116300.0
2023,Data Analyst,Data Analysis,USD,140000,140000,United States,Senior,Full-time,In-person,United States,M,128800.0,100.0,140000.0
2023,Data Analyst,Data Analysis,USD,125000,125000,United States,Senior,Full-time,In-person,United States,M,115000.0,100.0,125000.0
2023,Data Architect,Data Architecture and Modeling,USD,175564,175564,United States,Senior,Full-time,Remote,United States,M,161518.88,100.0,175564.0
2023,Data Architect,Data Architecture and Modeling,USD,144854,144854,United States,Senior,Full-time,Remote,United States,M,133265.68,100.0,144854.0
2023,Machine Learning Engineer,Machine Learning and AI,USD,225000,225000,United States,Senior,Full-time,In-person,United States,M,207000.0,100.0,225000.0
2023,Machine Learning Engineer,Machine Learning and AI,USD,166000,166000,United States,Senior,Full-time,In-person,United States,M,152720.0,100.0,166000.0
2023,Analytics Engineer,Leadership and Management,USD,190000,190000,United States,Senior,Full-time,In-person,United States,M,174800.0,100.0,190000.0
2023,Analytics Engineer,Leadership and Management,USD,150000,150000,United States,Senior,Full-time,In-person,United States,M,138000.0,100.0,150000.0
2023,Data Scientist,Data Science and Research,USD,151300,151300,United States,Senior,Full-time,Remote,United States,M,139196.0,100.0,151300.0
2023,Data Scientist,Data Science and Research,USD,126100,126100,United States,Senior,Full-time,Remote,United States,M,116012.0,100.0,126100.0
2023,Research Engineer,Data Science and Research,USD,190000,190000,United States,Senior,Full-time,In-person,United States,M,174800.0,100.0,190000.0
2023,Research Engineer,Data Science and Research,USD,152000,152000,United States,Senior,Full-time,In-person,United States,M,139840.0,100.0,152000.0
2023,Machine Learning Engineer,Machine Learning and AI,USD,190000,190000,United States,Senior,Full-time,In-person,United States,M,174800.0,100.0,190000.0
2023,Machine Learning Engineer,Machine Learning and AI,USD,150000,150000,United States,Senior,Full-time,In-person,United States,M,138000.0,100.0,150000.0
2023,Data Analyst,Data Analysis,USD,180000,180000,United States,Executive,Full-time,Remote,United States,M,165600.0,100.0,180000.0
2023,Data Analyst,Data Analysis,USD,125000,125000,United States,Executive,Full-time,Remote,United States,M,115000.0,100.0,125000.0
2023,Business Intelligence Analyst,BI and Visualization,USD,113000,113000,United States,Senior,Full-time,In-person,United States,M,103960.0,100.0,113000.0
2023,Business Intelligence Analyst,BI and Visualization,USD,90400,90400,United States,Senior,Full-time,In-person,United States,M,83168.0,100.0,90400.0
2023,Business Intelligence Engineer,BI and Visualization,USD,204300,204300,United States,Senior,Full-time,In-person,United States,M,187956.0,100.0,204300.0
2023,Business Intelligence Engineer,BI and Visualization,USD,139000,139000,United States,Senior,Full-time,In-person,United States,M,127880.0,100.0,139000.0
2023,Data Engineer,Data Engineering,USD,124000,124000,United States,Senior,Full-time,In-person,United States,M,114080.0,100.0,124000.0
2023,Research Scientist,Data Science and Research,USD,157000,157000,United States,Senior,Full-time,In-person,United States,M,144440.0,100.0,157000.0
2023,Machine Learning Engineer,Machine Learning and AI,USD,212800,212800,United States,Senior,Full-time,In-person,United States,L,195776.0,100.0,212800.0
2023,Machine Learning Engineer,Machine Learning and AI,USD,111600,111600,United States,Senior,Full-time,In-person,United States,L,102672.0,100.0,111600.0
2023,Data Architect,Data Architecture and Modeling,USD,183000,183000,United States,Senior,Full-time,In-person,United States,M,168360.0,100.0,183000.0
2023,Data Architect,Data Architecture and Modeling,USD,147000,147000,United States,Senior,Full-time,In-person,United States,M,135240.0,100.0,147000.0
2023,Data Engineer,Data Engineering,USD,169000,169000,United States,Senior,Full-time,In-person,United States,M,155480.0,100.0,169000.0
2023,Data Engineer,Data Engineering,USD,91000,91000,United States,Senior,Full-time,In-person,United States,M,83720.0,100.0,91000.0
2023,Data Architect,Data Architecture and Modeling,USD,210000,210000,United States,Senior,Full-time,In-person,United States,M,193200.0,100.0,210000.0
2023,Data Architect,Data Architecture and Modeling,USD,160000,160000,United States,Senior,Full-time,In-person,United States,M,147200.0,100.0,160000.0
2023,Data Analyst,Data Analysis,USD,70900,70900,United States,Mid-level,Full-time,In-person,United States,M,65228.0,100.0,70900.0
2023,Data Architect,Data Architecture and Modeling,USD,193000,193000,United States,Senior,Full-time,In-person,United States,M,177560.0,100.0,193000.0
2023,Data Architect,Data Architecture and Modeling,USD,128000,128000,United States,Senior,Full-time,In-person,United States,M,117760.0,100.0,128000.0
2023,Data Engineer,Data Engineering,USD,275000,275000,Canada,Mid-level,Full-time,In-person,Canada,M,253000.0,79.3,346784.36
2023,Data Engineer,Data Engineering,USD,243000,243000,Canada,Mid-level,Full-time,In-person,Canada,M,223560.0,79.3,306431.27
2023,Data Engineer,Data Engineering,USD,174500,174500,United States,Executive,Full-time,In-person,United States,M,160540.0,100.0,174500.0
2023,Data Engineer,Data Engineering,USD,113000,113000,United States,Executive,Full-time,In-person,United States,M,103960.0,100.0,113000.0
2023,Data Analyst,Data Analysis,USD,80000,80000,United States,Senior,Full-time,Remote,United States,M,73600.0,100.0,80000.0
2023,Data Engineer,Data Engineering,USD,145000,145000,United States,Senior,Full-time,Remote,United States,M,133400.0,100.0,145000.0
2023,Data Engineer,Data Engineering,USD,115000,115000,United States,Senior,Full-time,Remote,United States,M,105800.0,100.0,115000.0
2023,Data Scientist,Data Science and Research,USD,202000,202000,United States,Senior,Full-time,Remote,United States,M,185840.0,100.0,202000.0
2023,Data Scientist,Data Science and Research,CAD,130000,96313,Canada,Mid-level,Full-time,Remote,Canada,S,88607.96,79.3,121453.97
2023,Machine Learning Engineer,Machine Learning and AI,USD,250000,250000,United States,Senior,Full-time,In-person,United States,M,230000.0,100.0,250000.0
2023,Data Analyst,Data Analysis,EUR,45000,48585,Portugal,Mid-level,Full-time,Remote,Portugal,M,44698.2,62.4,77860.58
2023,Data Analyst,Data Analysis,EUR,40000,43187,Portugal,Mid-level,Full-time,Remote,Portugal,M,39732.04,62.4,69209.94
2023,Data Science Manager,Data Science and Research,USD,204000,204000,United States,Senior,Full-time,Remote,United States,M,187680.0,100.0,204000.0
2023,Data Science Manager,Data Science and Research,USD,127500,127500,United States,Senior,Full-time,Remote,United States,M,117300.0,100.0,127500.0
2023,Data Analyst,Data Analysis,USD,145500,145500,United States,Senior,Full-time,In-person,United States,M,133860.0,100.0,145500.0
2023,Data Analyst,Data Analysis,USD,108000,108000,United States,Senior,Full-time,In-person,United States,M,99360.0,100.0,108000.0
2023,Data Engineer,Data Engineering,USD,206000,206000,United States,Senior,Full-time,Remote,United States,M,189520.0,100.0,206000.0
2023,Data Engineer,Data Engineering,USD,175100,175100,United States,Senior,Full-time,Remote,United States,M,161092.0,100.0,175100.0
2023,Data Analyst,Data Analysis,USD,122500,122500,United States,Senior,Full-time,Remote,United States,M,112700.0,100.0,122500.0
2023,Data Analyst,Data Analysis,USD,82500,82500,United States,Senior,Full-time,Remote,United States,M,75900.0,100.0,82500.0
2023,Data Analyst,Data Analysis,USD,95000,95000,United States,Senior,Full-time,In-person,United States,M,87400.0,100.0,95000.0
2023,Data Analyst,Data Analysis,USD,130000,130000,United States,Mid-level,Full-time,In-person,United States,M,119600.0,100.0,130000.0
2023,Director of Data Science,Data Science and Research,USD,217000,217000,United States,Mid-level,Full-time,In-person,United States,M,199640.0,100.0,217000.0
2023,Director of Data Science,Data Science and Research,USD,192000,192000,United States,Mid-level,Full-time,In-person,United States,M,176640.0,100.0,192000.0
2023,Data Specialist,Data Management and Strategy,USD,90000,90000,United States,Senior,Full-time,In-person,United States,M,82800.0,100.0,90000.0
2023,Data Specialist,Data Management and Strategy,USD,60000,60000,United States,Senior,Full-time,In-person,United States,M,55200.0,100.0,60000.0
2023,AI Engineer,Machine Learning and AI,USD,350000,350000,United States,Senior,Full-time,In-person,United States,M,322000.0,100.0,350000.0
2023,AI Engineer,Machine Learning and AI,USD,168000,168000,United States,Senior,Full-time,In-person,United States,M,154560.0,100.0,168000.0
2023,Data Science Manager,Data Science and Research,USD,234900,234900,United States,Senior,Full-time,In-person,United States,M,216108.0,100.0,234900.0
2023,Data Science Manager,Data Science and Research,USD,113500,113500,United States,Senior,Full-time,In-person,United States,M,104420.0,100.0,113500.0
2023,Data Engineer,Data Engineering,USD,385000,385000,United States,Senior,Full-time,In-person,United States,M,354200.0,100.0,385000.0
2023,Data Engineer,Data Engineering,USD,245000,245000,United States,Senior,Full-time,In-person,United States,M,225400.0,100.0,245000.0
2023,Data Engineer,Data Engineering,USD,255000,255000,United States,Senior,Full-time,In-person,United States,M,234600.0,100.0,255000.0
2023,Data Visualization Engineer,BI and Visualization,USD,170200,170200,United States,Senior,Full-time,In-person,United States,M,156584.0,100.0,170200.0
2023,Data Visualization Engineer,BI and Visualization,USD,83900,83900,United States,Senior,Full-time,In-person,United States,M,77188.0,100.0,83900.0
2023,Data Engineer,Data Engineering,USD,202500,202500,United States,Senior,Full-time,In-person,United States,M,186300.0,100.0,202500.0
2023,Data Engineer,Data Engineering,USD,177500,177500,United States,Senior,Full-time,In-person,United States,M,163300.0,100.0,177500.0
2023,Data Engineer,Data Engineering,USD,150000,150000,United States,Senior,Full-time,In-person,United States,M,138000.0,100.0,150000.0
2023,Data Modeler,Data Architecture and Modeling,USD,155000,155000,United States,Senior,Full-time,Remote,United States,L,142600.0,100.0,155000.0
2023,Data Modeler,Data Architecture and Modeling,USD,130000,130000,United States,Senior,Full-time,Remote,United States,L,119600.0,100.0,130000.0
2023,Data Scientist,Data Science and Research,USD,240000,240000,United States,Senior,Full-time,Remote,United States,M,220800.0,100.0,240000.0
2023,AI Engineer,Machine Learning and AI,USD,170200,170200,United States,Senior,Full-time,In-person,United States,M,156584.0,100.0,170200.0
2023,AI Engineer,Machine Learning and AI,USD,83900,83900,United States,Senior,Full-time,In-person,United States,M,77188.0,100.0,83900.0
2023,Research Scientist,Data Science and Research,USD,300000,300000,United States,Senior,Full-time,In-person,United States,M,276000.0,100.0,300000.0
2023,Research Scientist,Data Science and Research,USD,150000,150000,United States,Senior,Full-time,In-person,United States,M,138000.0,100.0,150000.0
2023,ML Engineer,Machine Learning and AI,USD,300000,300000,United States,Senior,Full-time,In-person,United States,M,276000.0,100.0,300000.0
2023,ML Engineer,Machine Learning and AI,USD,150000,150000,United States,Senior,Full-time,In-person,United States,M,138000.0,100.0,150000.0
2023,Data Engineer,Data Engineering,USD,213600,213600,United States,Senior,Full-time,In-person,United States,M,196512.0,100.0,213600.0
2023,Data Engineer,Data Engineering,USD,103200,103200,United States,Senior,Full-time,In-person,United States,M,94944.0,100.0,103200.0
2023,Data Scientist,Data Science and Research,USD,230000,230000,Canada,Senior,Full-time,Remote,Canada,M,211600.0,79.3,290037.83
2023,Data Scientist,Data Science and Research,USD,153000,153000,Canada,Senior,Full-time,Remote,Canada,M,140760.0,79.3,192938.21
2023,Data Scientist,Data Science and Research,USD,127500,127500,United States,Senior,Full-time,Remote,United States,M,117300.0,100.0,127500.0
2023,Data Scientist,Data Science and Research,USD,250000,250000,United States,Mid-level,Full-time,In-person,United States,M,230000.0,100.0,250000.0
2023,Research Engineer,Data Science and Research,USD,385000,385000,United States,Senior,Full-time,In-person,United States,M,354200.0,100.0,385000.0
2023,Research Engineer,Data Science and Research,USD,310000,310000,United States,Senior,Full-time,In-person,United States,M,285200.0,100.0,310000.0
2023,Data Analyst,Data Analysis,USD,88000,88000,United States,Senior,Full-time,Remote,United States,M,80960.0,100.0,88000.0
2023,Machine Learning Engineer,Machine Learning and AI,USD,158000,158000,United States,Senior,Full-time,Remote,United States,M,145360.0,100.0,158000.0
2023,Machine Learning Engineer,Machine Learning and AI,USD,108000,108000,United States,Senior,Full-time,Remote,United States,M,99360.0,100.0,108000.0
2023,Data Engineer,Data Engineering,USD,310000,310000,United States,Senior,Full-time,In-person,United States,M,285200.0,100.0,310000.0
2023,Data Engineer,Data Engineering,GBP,105000,129192,United Kingdom,Senior,Full-time,In-person,United Kingdom,M,118856.64,82.7,156217.65
2023,Data Engineer,Data Engineering,GBP,80000,98432,United Kingdom,Senior,Full-time,In-person,United Kingdom,M,90557.44,82.7,119022.97
2023,AI Engineer,Machine Learning and AI,GBP,300000,369120,United Kingdom,Mid-level,Full-time,In-person,United Kingdom,M,339590.4,82.7,446336.15
2023,AI Engineer,Machine Learning and AI,GBP,33063,40680,United Kingdom,Mid-level,Full-time,In-person,United Kingdom,M,37425.6,82.7,49189.84
2023,Data Architect,Data Architecture and Modeling,USD,306000,306000,United States,Senior,Full-time,Remote,United States,M,281520.0,100.0,306000.0
2023,Data Architect,Data Architecture and Modeling,USD,204000,204000,United States,Senior,Full-time,Remote,United States,M,187680.0,100.0,204000.0
2023,Machine Learning Engineer,Machine Learning and AI,EUR,70000,75577,Netherlands,Mid-level,Full-time,In-person,Netherlands,M,69530.84,82.6,91497.58
2023,Data Engineer,Data Engineering,USD,18000,18000,India,Entry-level,Full-time,Hybrid,India,M,16560.0,24.1,74688.8
2023,Data Analyst,Data Analysis,GBP,300000,369120,United Kingdom,Mid-level,Full-time,In-person,United Kingdom,M,339590.4,82.7,446336.15
2023,Head of Data,Leadership and Management,USD,270000,270000,United States,Executive,Full-time,Remote,United States,M,248400.0,100.0,270000.0
2023,Head of Data,Leadership and Management,USD,200000,200000,United States,Executive,Full-time,Remote,United States,M,184000.0,100.0,200000.0
2023,Data Scientist,Data Science and Research,USD,204500,204500,United States,Mid-level,Full-time,In-person,United States,M,188140.0,100.0,204500.0
2023,Data Scientist,Data Science and Research,USD,142200,142200,United States,Mid-level,Full-time,In-person,United States,M,130824.0,100.0,142200.0
2023,Data Analyst,Data Analysis,GBP,75000,92280,United Kingdom,Mid-level,Full-time,In-person,United Kingdom,M,84897.6,82.7,111584.04
2023,Data Engineer,Data Engineering,USD,188600,188600,United States,Senior,Full-time,In-person,United States,M,173512.0,100.0,188600.0
2023,Data Engineer,Data Engineering,USD,111550,111550,United States,Senior,Full-time,In-person,United States,M,102626.0,100.0,111550.0
2023,AI Engineer,Machine Learning and AI,USD,360000,360000,United States,Senior,Full-time,In-person,United States,M,331200.0,100.0,360000.0
2023,AI Engineer,Machine Learning and AI,USD,240000,240000,United States,Senior,Full-time,In-person,United States,M,220800.0,100.0,240000.0
2023,ETL Developer,Data Engineering,USD,129100,129100,United States,Senior,Full-time,In-person,United States,M,118772.0,100.0,129100.0
2023,ETL Developer,Data Engineering,USD,111400,111400,United States,Senior,Full-time,In-person,United States,M,102488.0,100.0,111400.0
2023,Data Analyst,Data Analysis,USD,135000,135000,United States,Senior,Full-time,Remote,United States,M,124200.0,100.0,135000.0
2023,Machine Learning Engineer,Machine Learning and AI,USD,242921,242921,United States,Senior,Full-time,In-person,United States,M,223487.32,100.0,242921.0
2023,Machine Learning Engineer,Machine Learning and AI,USD,170045,170045,United States,Senior,Full-time,In-person,United States,M,156441.4,100.0,170045.0
2023,Data Architect,Data Architecture and Modeling,USD,175000,175000,United States,Senior,Full-time,In-person,United States,M,161000.0,100.0,175000.0
2023,Data Architect,Data Architecture and Modeling,USD,90000,90000,United States,Senior,Full-time,In-person,United States,M,82800.0,100.0,90000.0
2023,Data Scientist,Data Science and Research,USD,156450,156450,United States,Entry-level,Full-time,In-person,United States,M,143934.0,100.0,156450.0
2023,Data Scientist,Data Science and Research,USD,119200,119200,United States,Entry-level,Full-time,In-person,United States,M,109664.0,100.0,119200.0
2023,Data Scientist,Data Science and Research,USD,154800,154800,United States,Mid-level,Full-time,In-person,United States,M,142416.0,100.0,154800.0
2023,Data Scientist,Data Science and Research,USD,76300,76300,United States,Mid-level,Full-time,In-person,United States,M,70196.0,100.0,76300.0
2023,Data Scientist,Data Science and Research,USD,178600,178600,United States,Senior,Full-time,In-person,United States,M,164312.0,100.0,178600.0
2023,Data Scientist,Data Science and Research,USD,88600,88600,United States,Senior,Full-time,In-person,United States,M,81512.0,100.0,88600.0
2023,Data Scientist,Data Science and Research,USD,207345,207345,United States,Senior,Full-time,Remote,United States,M,190757.4,100.0,207345.0
2023,Data Scientist,Data Science and Research,USD,180300,180300,United States,Senior,Full-time,Remote,United States,M,165876.0,100.0,180300.0
2023,Analytics Engineer,Leadership and Management,USD,205000,205000,United States,Senior,Full-time,In-person,United States,M,188600.0,100.0,205000.0
2023,Analytics Engineer,Leadership and Management,USD,167500,167500,United States,Senior,Full-time,In-person,United States,M,154100.0,100.0,167500.0
2023,Data Scientist,Data Science and Research,USD,228045,228045,United States,Senior,Full-time,Remote,United States,M,209801.4,100.0,228045.0
2023,Data Scientist,Data Science and Research,USD,198300,198300,United States,Senior,Full-time,Remote,United States,M,182436.0,100.0,198300.0
2023,Data Engineer,Data Engineering,USD,140000,140000,United States,Senior,Full-time,Remote,United States,M,128800.0,100.0,140000.0
2023,BI Developer,BI and Visualization,USD,100000,100000,United States,Mid-level,Full-time,In-person,United States,M,92000.0,100.0,100000.0
2023,Data Scientist,Data Science and Research,EUR,72360,78125,Latvia,Mid-level,Full-time,In-person,Latvia,M,71875.0,59.4,131523.57
2023,Data Scientist,Data Science and Research,EUR,37440,40423,Latvia,Mid-level,Full-time,In-person,Latvia,M,37189.16,59.4,68052.19
2023,Data Modeler,Data Architecture and Modeling,USD,140000,140000,United States,Senior,Full-time,In-person,United States,M,128800.0,100.0,140000.0
2023,Data Modeler,Data Architecture and Modeling,USD,100000,100000,United States,Senior,Full-time,In-person,United States,M,92000.0,100.0,100000.0
2023,Data Analytics Manager,Leadership and Management,USD,125000,125000,United States,Mid-level,Full-time,In-person,United States,M,115000.0,100.0,125000.0
2023,Data Analytics Manager,Leadership and Management,USD,120000,120000,United States,Mid-level,Full-time,In-person,United States,M,110400.0,100.0,120000.0
2023,Business Intelligence Analyst,BI and Visualization,USD,127000,127000,United States,Senior,Full-time,In-person,United States,M,116840.0,100.0,127000.0
2023,Business Intelligence Analyst,BI and Visualization,USD,99000,99000,United States,Senior,Full-time,In-person,United States,M,91080.0,100.0,99000.0
2023,Data Engineer,Data Engineering,USD,120000,120000,United States,Mid-level,Full-time,Remote,United States,M,110400.0,100.0,120000.0
2023,Business Intelligence Analyst,BI and Visualization,USD,194500,194500,United States,Senior,Full-time,Remote,United States,M,178940.0,100.0,194500.0
2023,Business Intelligence Analyst,BI and Visualization,USD,132320,132320,United States,Senior,Full-time,Remote,United States,M,121734.4,100.0,132320.0
2023,Data Analyst,Data Analysis,USD,223602,223602,United States,Senior,Full-time,In-person,United States,M,205713.84,100.0,223602.0
2023,Data Analyst,Data Analysis,USD,143520,143520,United States,Senior,Full-time,In-person,United States,M,132038.4,100.0,143520.0
2023,Machine Learning Scientist,Machine Learning and AI,USD,180000,180000,United States,Senior,Full-time,In-person,United States,M,165600.0,100.0,180000.0
2023,Machine Learning Scientist,Machine Learning and AI,USD,140000,140000,United States,Senior,Full-time,In-person,United States,M,128800.0,100.0,140000.0
2023,Data Engineer,Data Engineering,GBP,99000,121809,United Kingdom,Senior,Full-time,Remote,United Kingdom,M,112064.28,82.7,147290.21
2023,Data Engineer,Data Engineering,GBP,68000,83667,United Kingdom,Senior,Full-time,Remote,United Kingdom,M,76973.64,82.7,101169.29
2023,Data Engineer,Data Engineering,USD,140000,140000,United States,Mid-level,Full-time,Remote,United States,M,128800.0,100.0,140000.0
2023,Data Engineer,Data Engineering,USD,154000,154000,United States,Senior,Full-time,In-person,United States,M,141680.0,100.0,154000.0
2023,Data Engineer,Data Engineering,USD,103000,103000,United States,Senior,Full-time,In-person,United States,M,94760.0,100.0,103000.0
2023,Data Analyst,Data Analysis,USD,90000,90000,United States,Senior,Full-time,Remote,United States,M,82800.0,100.0,90000.0
2023,Data Manager,Leadership and Management,USD,140000,140000,United States,Executive,Full-time,In-person,United States,M,128800.0,100.0,140000.0
2023,Data Manager,Leadership and Management,USD,100000,100000,United States,Executive,Full-time,In-person,United States,M,92000.0,100.0,100000.0
2023,Data Scientist,Data Science and Research,USD,296100,296100,United States,Senior,Full-time,In-person,United States,M,272412.0,100.0,296100.0
2023,Data Scientist,Data Science and Research,USD,144500,144500,United States,Senior,Full-time,In-person,United States,M,132940.0,100.0,144500.0
2023,Data Analyst,Data Analysis,USD,118600,118600,United States,Senior,Full-time,In-person,United States,M,109112.0,100.0,118600.0
2023,Data Analyst,Data Analysis,USD,96800,96800,United States,Senior,Full-time,In-person,United States,M,89056.0,100.0,96800.0
2023,Data Scientist,Data Science and Research,USD,100000,100000,United States,Entry-level,Full-time,Remote,United States,M,92000.0,100.0,100000.0
2023,Machine Learning Engineer,Machine Learning and AI,EUR,45000,48585,Italy,Mid-level,Full-time,Remote,United Kingdom,M,44698.2,82.7,58748.49
2023,Data Analyst,Data Analysis,USD,142000,142000,United States,Mid-level,Full-time,In-person,United States,M,130640.0,100.0,142000.0
2023,Data Analyst,Data Analysis,USD,128000,128000,United States,Mid-level,Full-time,In-person,United States,M,117760.0,100.0,128000.0
2023,ETL Developer,Data Engineering,USD,99500,99500,United States,Senior,Full-time,In-person,United States,M,91540.0,100.0,99500.0
2023,ETL Developer,Data Engineering,USD,53300,53300,United States,Senior,Full-time,In-person,United States,M,49036.0,100.0,53300.0
2023,Data Engineer,Data Engineering,USD,165000,165000,United States,Senior,Full-time,In-person,United States,M,151800.0,100.0,165000.0
2023,Research Scientist,Data Science and Research,USD,172000,172000,United States,Senior,Full-time,In-person,United States,M,158240.0,100.0,172000.0
2023,Research Scientist,Data Science and Research,USD,125000,125000,United States,Senior,Full-time,In-person,United States,M,115000.0,100.0,125000.0
2023,Data Engineer,Data Engineering,USD,250000,250000,United States,Senior,Full-time,In-person,United States,M,230000.0,100.0,250000.0
2023,Research Engineer,Data Science and Research,USD,245000,245000,United States,Senior,Full-time,In-person,United States,M,225400.0,100.0,245000.0
2023,Data Architect,Data Architecture and Modeling,USD,234900,234900,United States,Senior,Full-time,In-person,United States,M,216108.0,100.0,234900.0
2023,Data Architect,Data Architecture and Modeling,USD,68400,68400,United States,Senior,Full-time,In-person,United States,M,62928.0,100.0,68400.0
2023,Data Scientist,Data Science and Research,USD,139000,139000,United States,Senior,Full-time,In-person,United States,M,127880.0,100.0,139000.0
2023,Research Engineer,Data Science and Research,USD,172000,172000,United States,Senior,Full-time,In-person,United States,M,158240.0,100.0,172000.0
2023,Research Engineer,Data Science and Research,USD,125000,125000,United States,Senior,Full-time,In-person,United States,M,115000.0,100.0,125000.0
2023,Data Analyst,Data Analysis,USD,139600,139600,United States,Senior,Full-time,In-person,United States,M,128432.0,100.0,139600.0
2023,Data Analyst,Data Analysis,USD,85700,85700,United States,Senior,Full-time,In-person,United States,M,78844.0,100.0,85700.0
2020,Azure Data Engineer,Data Engineering,USD,100000,100000,Mauritius,Entry-level,Full-time,In-person,Mauritius,S,92000.0,41.2,242718.45
2023,Data Engineer,Data Engineering,USD,143000,143000,United States,Senior,Full-time,In-person,United States,M,131560.0,100.0,143000.0
2023,Data Engineer,Data Engineering,USD,95000,95000,United States,Senior,Full-time,In-person,United States,M,87400.0,100.0,95000.0
2023,Machine Learning Engineer,Machine Learning and AI,USD,330000,330000,United States,Senior,Full-time,Remote,United States,M,303600.0,100.0,330000.0
2023,Machine Learning Engineer,Machine Learning and AI,USD,188000,188000,United States,Senior,Full-time,Remote,United States,M,172960.0,100.0,188000.0
2023,Data Scientist,Data Science and Research,USD,238000,238000,Canada,Senior,Full-time,Remote,Canada,M,218960.0,79.3,300126.1
2023,Data Scientist,Data Science and Research,USD,156000,156000,Canada,Senior,Full-time,Remote,Canada,M,143520.0,79.3,196721.31
2023,Data Analyst,Data Analysis,USD,145000,145000,United States,Senior,Full-time,Remote,United States,M,133400.0,100.0,145000.0
2023,Data Analyst,Data Analysis,USD,106000,106000,United States,Senior,Full-time,Remote,United States,M,97520.0,100.0,106000.0
2023,Decision Scientist,Data Science and Research,GBP,140000,172256,United Kingdom,Senior,Full-time,Remote,United Kingdom,M,158475.52,82.7,208290.21
2023,Decision Scientist,Data Science and Research,GBP,100000,123040,United Kingdom,Senior,Full-time,Remote,United Kingdom,M,113196.8,82.7,148778.72
2023,Data Engineer,Data Engineering,USD,269100,269100,United States,Senior,Full-time,In-person,United States,M,247572.0,100.0,269100.0
2023,Data Engineer,Data Engineering,USD,131300,131300,United States,Senior,Full-time,In-person,United States,M,120796.0,100.0,131300.0
2023,Machine Learning Infrastructure Engineer,Machine Learning and AI,USD,220000,220000,United States,Senior,Full-time,Remote,United States,M,202400.0,100.0,220000.0
2023,Machine Learning Infrastructure Engineer,Machine Learning and AI,USD,150000,150000,United States,Senior,Full-time,Remote,United States,M,138000.0,100.0,150000.0
2023,Data Engineer,Data Engineering,GBP,60000,73824,United Kingdom,Senior,Full-time,In-person,United Kingdom,M,67918.08,82.7,89267.23
2023,Data Engineer,Data Engineering,GBP,50000,61520,United Kingdom,Senior,Full-time,In-person,United Kingdom,M,56598.4,82.7,74389.36
2023,Research Scientist,Data Science and Research,USD,252990,252990,United States,Mid-level,Full-time,Remote,United States,M,232750.8,100.0,252990.0
2023,Research Scientist,Data Science and Research,USD,162170,162170,United States,Mid-level,Full-time,Remote,United States,M,149196.4,100.0,162170.0
2023,Machine Learning Infrastructure Engineer,Machine Learning and AI,USD,260000,260000,United States,Senior,Full-time,Remote,United States,M,239200.0,100.0,260000.0
2023,Machine Learning Infrastructure Engineer,Machine Learning and AI,USD,235000,235000,United States,Senior,Full-time,Remote,United States,M,216200.0,100.0,235000.0
2023,Data Analytics Manager,Leadership and Management,USD,190000,190000,United States,Senior,Full-time,In-person,United States,M,174800.0,100.0,190000.0
2023,Data Analytics Manager,Leadership and Management,USD,145000,145000,United States,Senior,Full-time,In-person,United States,M,133400.0,100.0,145000.0
2023,Data Scientist,Data Science and Research,USD,212800,212800,United States,Senior,Full-time,Remote,United States,M,195776.0,100.0,212800.0
2023,Data Scientist,Data Science and Research,USD,111600,111600,United States,Senior,Full-time,Remote,United States,M,102672.0,100.0,111600.0
2023,Data Analyst,Data Analysis,USD,130000,130000,United States,Senior,Full-time,Remote,United States,M,119600.0,100.0,130000.0
2023,Business Intelligence Analyst,BI and Visualization,USD,194521,194521,United States,Senior,Full-time,In-person,United States,M,178959.32,100.0,194521.0
2023,Business Intelligence Analyst,BI and Visualization,USD,176838,176838,United States,Senior,Full-time,In-person,United States,M,162690.96,100.0,176838.0
2023,Analytics Engineer,Leadership and Management,USD,200000,200000,United States,Executive,Full-time,In-person,United States,M,184000.0,100.0,200000.0
2023,Analytics Engineer,Leadership and Management,USD,170000,170000,United States,Executive,Full-time,In-person,United States,M,156400.0,100.0,170000.0
2023,Data Scientist,Data Science and Research,USD,191765,191765,United States,Senior,Full-time,In-person,United States,M,176423.8,100.0,191765.0
2023,Data Scientist,Data Science and Research,USD,134236,134236,United States,Senior,Full-time,In-person,United States,M,123497.12,100.0,134236.0
2023,Data Scientist,Data Science and Research,USD,198800,198800,United States,Senior,Full-time,In-person,United States,M,182896.0,100.0,198800.0
2023,Data Scientist,Data Science and Research,USD,90700,90700,United States,Senior,Full-time,In-person,United States,M,83444.0,100.0,90700.0
2023,BI Developer,BI and Visualization,USD,154800,154800,United States,Mid-level,Full-time,In-person,United States,M,142416.0,100.0,154800.0
2023,BI Developer,BI and Visualization,USD,76300,76300,United States,Mid-level,Full-time,In-person,United States,M,70196.0,100.0,76300.0
2023,Data Lead,Leadership and Management,USD,130000,130000,United States,Mid-level,Full-time,Remote,United States,M,119600.0,100.0,130000.0
2023,Data Lead,Leadership and Management,USD,115000,115000,United States,Mid-level,Full-time,Remote,United States,M,105800.0,100.0,115000.0
2023,Data Analyst,Data Analysis,EUR,39000,42107,Germany,Mid-level,Full-time,Hybrid,Germany,M,38738.44,78.5,53639.49
2023,Machine Learning Engineer,Machine Learning and AI,USD,200000,200000,United States,Mid-level,Full-time,In-person,United States,M,184000.0,100.0,200000.0
2023,Data Architect,Data Architecture and Modeling,USD,155000,155000,United States,Senior,Full-time,Remote,United States,M,142600.0,100.0,155000.0
2023,Data Manager,Leadership and Management,USD,115500,115500,United States,Mid-level,Full-time,In-person,United States,M,106260.0,100.0,115500.0
2023,Data Manager,Leadership and Management,USD,73500,73500,United States,Mid-level,Full-time,In-person,United States,M,67620.0,100.0,73500.0
2023,Data Scientist,Data Science and Research,USD,179000,179000,United States,Senior,Full-time,In-person,United States,M,164680.0,100.0,179000.0
2023,Data Scientist,Data Science and Research,USD,109000,109000,United States,Senior,Full-time,In-person,United States,M,100280.0,100.0,109000.0
2023,Machine Learning Infrastructure Engineer,Machine Learning and AI,USD,221000,221000,United States,Senior,Full-time,In-person,United States,M,203320.0,100.0,221000.0
2023,Machine Learning Infrastructure Engineer,Machine Learning and AI,USD,180000,180000,United States,Senior,Full-time,In-person,United States,M,165600.0,100.0,180000.0
2023,Data Scientist,Data Science and Research,USD,233300,233300,United States,Senior,Full-time,In-person,United States,M,214636.0,100.0,233300.0
2023,Data Scientist,Data Science and Research,USD,155500,155500,United States,Senior,Full-time,In-person,United States,M,143060.0,100.0,155500.0
2023,Research Engineer,Data Science and Research,USD,306000,306000,United States,Senior,Full-time,In-person,United States,M,281520.0,100.0,306000.0
2023,Research Engineer,Data Science and Research,USD,180000,180000,United States,Senior,Full-time,In-person,United States,M,165600.0,100.0,180000.0
2023,Applied Scientist,Data Science and Research,USD,212800,212800,United States,Senior,Full-time,In-person,United States,L,195776.0,100.0,212800.0
2023,Applied Scientist,Data Science and Research,USD,115100,115100,United States,Senior,Full-time,In-person,United States,L,105892.0,100.0,115100.0
2023,Data Analyst,Data Analysis,USD,117500,117500,United States,Senior,Full-time,Remote,United States,M,108100.0,100.0,117500.0
2023,Data Analyst,Data Analysis,USD,86720,86720,United States,Senior,Full-time,Remote,United States,M,79782.4,100.0,86720.0
2023,Data Analyst,Data Analysis,USD,150000,150000,United States,Mid-level,Full-time,In-person,United States,M,138000.0,100.0,150000.0
2023,Data Analyst,Data Analysis,USD,90000,90000,United States,Executive,Full-time,Remote,United States,M,82800.0,100.0,90000.0
2023,Data Analyst,Data Analysis,USD,70000,70000,United States,Executive,Full-time,Remote,United States,M,64400.0,100.0,70000.0
2023,Data Scientist,Data Science and Research,USD,212800,212800,United States,Senior,Full-time,Remote,United States,L,195776.0,100.0,212800.0
2023,Data Scientist,Data Science and Research,USD,111600,111600,United States,Senior,Full-time,Remote,United States,L,102672.0,100.0,111600.0
2023,BI Developer,BI and Visualization,USD,135000,135000,United States,Senior,Full-time,Remote,United States,M,124200.0,100.0,135000.0
2023,BI Developer,BI and Visualization,USD,110000,110000,United States,Senior,Full-time,Remote,United States,M,101200.0,100.0,110000.0
2023,Machine Learning Engineer,Machine Learning and AI,USD,175000,175000,United States,Senior,Full-time,Remote,United States,M,161000.0,100.0,175000.0
2023,Machine Learning Engineer,Machine Learning and AI,USD,208450,208450,United States,Senior,Full-time,In-person,United States,M,191774.0,100.0,208450.0
2023,Machine Learning Engineer,Machine Learning and AI,USD,151600,151600,United States,Senior,Full-time,In-person,United States,M,139472.0,100.0,151600.0
2023,Data Scientist,Data Science and Research,USD,324000,324000,United States,Senior,Full-time,In-person,United States,M,298080.0,100.0,324000.0
2023,Data Scientist,Data Science and Research,USD,159000,159000,United States,Senior,Full-time,In-person,United States,M,146280.0,100.0,159000.0
2023,Data Scientist,Data Science and Research,USD,155000,155000,United States,Mid-level,Full-time,Remote,United States,M,142600.0,100.0,155000.0
2023,Data Scientist,Data Science and Research,USD,135000,135000,United States,Mid-level,Full-time,Remote,United States,M,124200.0,100.0,135000.0
2023,Data Engineer,Data Engineering,USD,223250,223250,United States,Senior,Full-time,In-person,United States,M,205390.0,100.0,223250.0
2023,Data Engineer,Data Engineering,USD,156275,156275,United States,Senior,Full-time,In-person,United States,M,143773.0,100.0,156275.0
2023,Data Engineer,Data Engineering,USD,220000,220000,United States,Senior,Full-time,In-person,United States,M,202400.0,100.0,220000.0
2023,Analytics Engineer,Leadership and Management,USD,245000,245000,United States,Senior,Full-time,Remote,United States,M,225400.0,100.0,245000.0
2023,Analytics Engineer,Leadership and Management,USD,185000,185000,United States,Senior,Full-time,Remote,United States,M,170200.0,100.0,185000.0
2023,Data Analyst,Data Analysis,USD,67500,67500,United States,Mid-level,Full-time,In-person,United States,M,62100.0,100.0,67500.0
2023,Data Analyst,Data Analysis,USD,46500,46500,United States,Mid-level,Full-time,In-person,United States,M,42780.0,100.0,46500.0
2023,ML Engineer,Machine Learning and AI,USD,270000,270000,United States,Senior,Full-time,Remote,United States,M,248400.0,100.0,270000.0
2023,ML Engineer,Machine Learning and AI,USD,232200,232200,United States,Senior,Full-time,Remote,United States,M,213624.0,100.0,232200.0
2023,Data Engineer,Data Engineering,EUR,40000,43187,Poland,Mid-level,Full-time,Remote,Poland,L,39732.04,52.4,82417.94
2023,Data Analyst,Data Analysis,USD,78000,78000,United States,Mid-level,Full-time,In-person,United States,M,71760.0,100.0,78000.0
2023,Machine Learning Engineer,Machine Learning and AI,USD,370000,370000,United States,Senior,Full-time,In-person,United States,M,340400.0,100.0,370000.0
2023,Machine Learning Engineer,Machine Learning and AI,USD,178200,178200,United States,Senior,Full-time,Remote,United States,M,163944.0,100.0,178200.0
2023,Machine Learning Engineer,Machine Learning and AI,USD,115000,115000,United States,Senior,Full-time,Remote,United States,M,105800.0,100.0,115000.0
2023,Data Scientist,Data Science and Research,USD,204000,204000,United States,Mid-level,Full-time,In-person,United States,M,187680.0,100.0,204000.0
2023,Data Engineer,Data Engineering,USD,143000,143000,United States,Mid-level,Full-time,In-person,United States,M,131560.0,100.0,143000.0
2023,Data Engineer,Data Engineering,USD,95000,95000,United States,Mid-level,Full-time,In-person,United States,M,87400.0,100.0,95000.0
2023,Machine Learning Engineer,Machine Learning and AI,USD,240000,240000,United States,Senior,Full-time,In-person,United States,M,220800.0,100.0,240000.0
2023,Data Scientist,Data Science and Research,USD,156400,156400,United States,Senior,Full-time,In-person,United States,M,143888.0,100.0,156400.0
2023,Data Analyst,Data Analysis,USD,168000,168000,Canada,Senior,Full-time,In-person,Canada,M,154560.0,79.3,211853.72
2023,Data Analyst,Data Analysis,USD,112000,112000,Canada,Senior,Full-time,In-person,Canada,M,103040.0,79.3,141235.81
2023,Data Scientist,Data Science and Research,USD,253430,253430,United States,Senior,Full-time,In-person,United States,M,233155.6,100.0,253430.0
2023,Data Scientist,Data Science and Research,USD,212780,212780,United States,Senior,Full-time,In-person,United States,M,195757.6,100.0,212780.0
2023,Machine Learning Engineer,Machine Learning and AI,USD,265800,265800,United States,Senior,Full-time,Remote,United States,M,244536.0,100.0,265800.0
2023,Machine Learning Engineer,Machine Learning and AI,USD,165500,165500,United States,Senior,Full-time,Remote,United States,M,152260.0,100.0,165500.0
2023,Data Engineer,Data Engineering,USD,193000,193000,United States,Senior,Full-time,Remote,United States,M,177560.0,100.0,193000.0
2023,Data Engineer,Data Engineering,USD,134000,134000,United States,Senior,Full-time,Remote,United States,M,123280.0,100.0,134000.0
2023,AI Engineer,Machine Learning and AI,USD,180000,180000,United States,Senior,Full-time,Remote,United States,M,165600.0,100.0,180000.0
2023,AI Engineer,Machine Learning and AI,USD,150000,150000,United States,Senior,Full-time,Remote,United States,M,138000.0,100.0,150000.0
2023,Data Developer,Leadership and Management,USD,120681,120681,United States,Mid-level,Full-time,Remote,United States,M,111026.52,100.0,120681.0
2023,Data Developer,Leadership and Management,USD,72409,72409,United States,Mid-level,Full-time,Remote,United States,M,66616.28,100.0,72409.0
2023,Machine Learning Engineer,Machine Learning and AI,USD,180000,180000,United States,Senior,Full-time,Remote,United States,M,165600.0,100.0,180000.0
2023,Machine Learning Engineer,Machine Learning and AI,USD,139750,139750,United States,Senior,Full-time,Remote,United States,M,128570.0,100.0,139750.0
2023,Data Engineer,Data Engineering,USD,254000,254000,United States,Senior,Full-time,Remote,United States,M,233680.0,100.0,254000.0
2023,AI Developer,Machine Learning and AI,USD,260000,260000,United States,Senior,Full-time,In-person,United States,M,239200.0,100.0,260000.0
2023,AI Developer,Machine Learning and AI,USD,192000,192000,United States,Senior,Full-time,In-person,United States,M,176640.0,100.0,192000.0
2023,Data Scientist,Data Science and Research,USD,272290,272290,United States,Senior,Full-time,Remote,United States,M,250506.8,100.0,272290.0
2023,Data Scientist,Data Science and Research,USD,169374,169374,United States,Senior,Full-time,Remote,United States,M,155824.08,100.0,169374.0
2023,Principal Data Scientist,Data Science and Research,USD,195000,195000,United States,Senior,Full-time,Remote,United States,L,179400.0,100.0,195000.0
2023,Data Science Lead,Data Science and Research,USD,204500,204500,United States,Senior,Full-time,In-person,United States,M,188140.0,100.0,204500.0
2023,Data Science Lead,Data Science and Research,USD,142200,142200,United States,Senior,Full-time,In-person,United States,M,130824.0,100.0,142200.0
2023,Business Data Analyst,Data Analysis,USD,17000,17000,Armenia,Mid-level,Full-time,Remote,Russia,L,15640.0,36.4,46703.3
2023,Data Engineer,Data Engineering,USD,181500,181500,United States,Senior,Full-time,In-person,United States,M,166980.0,100.0,181500.0
2023,Data Engineer,Data Engineering,USD,112200,112200,United States,Senior,Full-time,In-person,United States,M,103224.0,100.0,112200.0
2023,Machine Learning Researcher,Machine Learning and AI,USD,150000,150000,United States,Mid-level,Full-time,Remote,United States,M,138000.0,100.0,150000.0
2023,Machine Learning Researcher,Machine Learning and AI,USD,100000,100000,United States,Mid-level,Full-time,Remote,United States,M,92000.0,100.0,100000.0
2023,Machine Learning Engineer,Machine Learning and AI,USD,250500,250500,United States,Senior,Full-time,In-person,United States,M,230460.0,100.0,250500.0
2023,Machine Learning Engineer,Machine Learning and AI,USD,166600,166600,United States,Senior,Full-time,In-person,United States,M,153272.0,100.0,166600.0
2023,Machine Learning Engineer,Machine Learning and AI,USD,247500,247500,United States,Senior,Full-time,In-person,United States,M,227700.0,100.0,247500.0
2023,Machine Learning Engineer,Machine Learning and AI,USD,172200,172200,United States,Senior,Full-time,In-person,United States,M,158424.0,100.0,172200.0
2023,Data Scientist,Data Science and Research,USD,223290,223290,United States,Senior,Full-time,In-person,United States,M,205426.8,100.0,223290.0
2023,Data Scientist,Data Science and Research,USD,131310,131310,United States,Senior,Full-time,In-person,United States,M,120805.2,100.0,131310.0
2020,Staff Data Analyst,Data Analysis,CAD,60000,44753,Canada,Entry-level,Contract,Hybrid,Canada,L,41172.76,79.3,56435.06
2023,AI Engineer,Machine Learning and AI,USD,35000,35000,Croatia,Entry-level,Full-time,Remote,Germany,M,32200.0,78.5,44585.99
2023,AI Developer,Machine Learning and AI,EUR,50000,53984,Italy,Senior,Full-time,Remote,Italy,S,49665.28,68.4,78923.98
2023,Machine Learning Scientist,Machine Learning and AI,USD,204500,204500,Canada,Senior,Full-time,In-person,Canada,M,188140.0,79.3,257881.46
2023,Machine Learning Scientist,Machine Learning and AI,USD,142200,142200,Canada,Senior,Full-time,In-person,Canada,M,130824.0,79.3,179319.04
2023,Research Scientist,Data Science and Research,USD,220000,220000,United States,Senior,Full-time,In-person,United States,M,202400.0,100.0,220000.0
2023,Research Scientist,Data Science and Research,USD,140000,140000,United States,Senior,Full-time,In-person,United States,M,128800.0,100.0,140000.0
2023,Research Analyst,Data Science and Research,USD,135960,135960,United States,Senior,Full-time,In-person,United States,M,125083.2,100.0,135960.0
2023,Research Analyst,Data Science and Research,USD,70960,70960,United States,Senior,Full-time,In-person,United States,M,65283.2,100.0,70960.0
2023,Data Engineer,Data Engineering,USD,128750,128750,United States,Senior,Full-time,In-person,United States,M,118450.0,100.0,128750.0
2023,Data Engineer,Data Engineering,USD,86250,86250,United States,Senior,Full-time,In-person,United States,M,79350.0,100.0,86250.0
2023,Data Engineer,Data Engineering,GBP,90000,110736,United Kingdom,Senior,Full-time,In-person,United Kingdom,M,101877.12,82.7,133900.85
2023,Data Engineer,Data Engineering,GBP,75000,92280,United Kingdom,Senior,Full-time,In-person,United Kingdom,M,84897.6,82.7,111584.04
2023,Data Analyst,Data Analysis,USD,185100,185100,United States,Senior,Full-time,Remote,United States,M,170292.0,100.0,185100.0
2023,Data Analyst,Data Analysis,USD,133300,133300,United States,Senior,Full-time,Remote,United States,M,122636.0,100.0,133300.0
2023,Research Engineer,Data Science and Research,USD,150000,150000,United States,Senior,Full-time,In-person,United States,M,138000.0,100.0,150000.0
2023,Data Engineer,Data Engineering,USD,75000,75000,United States,Senior,Full-time,In-person,United States,M,69000.0,100.0,75000.0
2023,AI Developer,Machine Learning and AI,USD,130000,130000,United States,Entry-level,Full-time,Remote,United States,L,119600.0,100.0,130000.0
2023,Data Analyst,Data Analysis,GBP,60000,73824,United Kingdom,Senior,Full-time,In-person,United Kingdom,M,67918.08,82.7,89267.23
2023,Data Analyst,Data Analysis,GBP,50000,61520,United Kingdom,Senior,Full-time,In-person,United Kingdom,M,56598.4,82.7,74389.36
2023,ML Engineer,Machine Learning and AI,USD,85000,85000,United States,Mid-level,Full-time,In-person,United States,M,78200.0,100.0,85000.0
2023,Data Manager,Leadership and Management,USD,80000,80000,United States,Mid-level,Full-time,In-person,United States,M,73600.0,100.0,80000.0
2023,Data Manager,Leadership and Management,USD,70000,70000,United States,Mid-level,Full-time,In-person,United States,M,64400.0,100.0,70000.0
2023,Data Scientist,Data Science and Research,USD,260000,260000,United States,Senior,Full-time,In-person,United States,M,239200.0,100.0,260000.0
2023,Data Manager,Leadership and Management,USD,105000,105000,United States,Senior,Full-time,In-person,United States,M,96600.0,100.0,105000.0
2023,Data Manager,Leadership and Management,USD,80000,80000,United States,Senior,Full-time,In-person,United States,M,73600.0,100.0,80000.0
2023,Machine Learning Engineer,Machine Learning and AI,USD,150000,150000,Canada,Senior,Full-time,Remote,Canada,M,138000.0,79.3,189155.11
2023,Machine Learning Engineer,Machine Learning and AI,USD,95000,95000,Canada,Senior,Full-time,Remote,Canada,M,87400.0,79.3,119798.23
2023,Data Engineer,Data Engineering,USD,204750,204750,United States,Senior,Full-time,In-person,United States,M,188370.0,100.0,204750.0
2023,Data Engineer,Data Engineering,USD,153550,153550,United States,Senior,Full-time,In-person,United States,M,141266.0,100.0,153550.0
2023,Data Engineer,Data Engineering,USD,141000,141000,United States,Senior,Full-time,In-person,United States,M,129720.0,100.0,141000.0
2023,Data Engineer,Data Engineering,USD,175000,175000,United States,Senior,Full-time,In-person,United States,M,161000.0,100.0,175000.0
2023,Research Scientist,Data Science and Research,USD,120000,120000,United States,Senior,Full-time,Remote,United States,M,110400.0,100.0,120000.0
2023,Machine Learning Engineer,Machine Learning and AI,USD,207611,207611,United States,Senior,Full-time,In-person,United States,M,191002.12,100.0,207611.0
2023,Machine Learning Engineer,Machine Learning and AI,USD,127876,127876,United States,Senior,Full-time,In-person,United States,M,117645.92,100.0,127876.0
2023,Data Scientist,Data Science and Research,USD,170000,170000,United States,Mid-level,Full-time,Remote,United States,M,156400.0,100.0,170000.0
2023,Data Scientist,Data Science and Research,USD,144500,144500,United States,Mid-level,Full-time,Remote,United States,M,132940.0,100.0,144500.0
2023,Machine Learning Engineer,Machine Learning and AI,USD,255360,255360,United States,Senior,Full-time,In-person,United States,M,234931.2,100.0,255360.0
2023,Machine Learning Engineer,Machine Learning and AI,USD,212800,212800,United States,Senior,Full-time,In-person,United States,M,195776.0,100.0,212800.0
2023,Data Analyst,Data Analysis,USD,106400,106400,United States,Senior,Full-time,In-person,United States,M,97888.0,100.0,106400.0
2023,Data Analyst,Data Analysis,USD,81800,81800,United States,Senior,Full-time,In-person,United States,M,75256.0,100.0,81800.0
2023,Data Developer,Leadership and Management,USD,130000,130000,United States,Mid-level,Full-time,Remote,United States,M,119600.0,100.0,130000.0
2023,Data Developer,Leadership and Management,USD,69139,69139,United States,Mid-level,Full-time,Remote,United States,M,63607.88,100.0,69139.0
2023,Business Intelligence Analyst,BI and Visualization,USD,100631,100631,Canada,Mid-level,Full-time,In-person,Canada,M,92580.52,79.3,126899.12
2023,Business Intelligence Analyst,BI and Visualization,USD,80505,80505,Canada,Mid-level,Full-time,In-person,Canada,M,74064.6,79.3,101519.55
2023,Data Infrastructure Engineer,Data Engineering,USD,300105,300105,United States,Senior,Full-time,In-person,United States,M,276096.6,100.0,300105.0
2023,Data Infrastructure Engineer,Data Engineering,USD,151090,151090,United States,Senior,Full-time,In-person,United States,M,139002.8,100.0,151090.0
2023,Machine Learning Software Engineer,Machine Learning and AI,USD,217600,217600,United States,Mid-level,Full-time,In-person,United States,M,200192.0,100.0,217600.0
2023,Machine Learning Software Engineer,Machine Learning and AI,USD,145000,145000,United States,Mid-level,Full-time,In-person,United States,M,133400.0,100.0,145000.0
2023,Data Scientist,Data Science and Research,GBP,65000,79976,United Kingdom,Mid-level,Full-time,Remote,United Kingdom,M,73577.92,82.7,96706.17
2023,Data Scientist,Data Science and Research,GBP,45000,55368,United Kingdom,Mid-level,Full-time,Remote,United Kingdom,M,50938.56,82.7,66950.42
2023,Data Engineer,Data Engineering,USD,129000,129000,United States,Senior,Full-time,Remote,United States,M,118680.0,100.0,129000.0
2023,Research Analyst,Data Science and Research,USD,185000,185000,United States,Senior,Full-time,In-person,United States,M,170200.0,100.0,185000.0
2023,Research Analyst,Data Science and Research,USD,50000,50000,United States,Senior,Full-time,In-person,United States,M,46000.0,100.0,50000.0
2023,Data Engineer,Data Engineering,USD,108000,108000,United States,Senior,Full-time,In-person,United States,M,99360.0,100.0,108000.0
2023,Data Analyst,Data Analysis,USD,80000,80000,United States,Mid-level,Full-time,In-person,United States,M,73600.0,100.0,80000.0
2023,Data Analyst,Data Analysis,USD,59500,59500,United States,Mid-level,Full-time,In-person,United States,M,54740.0,100.0,59500.0
2023,Machine Learning Engineer,Machine Learning and AI,USD,173400,173400,United States,Senior,Full-time,In-person,United States,M,159528.0,100.0,173400.0
2023,Data Architect,Data Architecture and Modeling,USD,215000,215000,United States,Senior,Full-time,Remote,United States,M,197800.0,100.0,215000.0
2023,Data Architect,Data Architecture and Modeling,USD,153000,153000,United States,Senior,Full-time,Remote,United States,M,140760.0,100.0,153000.0
2023,Machine Learning Scientist,Machine Learning and AI,GBP,171000,210398,United Kingdom,Senior,Full-time,In-person,United Kingdom,M,193566.16,82.7,254411.12
2023,Machine Learning Scientist,Machine Learning and AI,GBP,120000,147648,United Kingdom,Senior,Full-time,In-person,United Kingdom,M,135836.16,82.7,178534.46
2023,Machine Learning Operations Engineer,Machine Learning and AI,USD,60000,60000,Thailand,Senior,Full-time,Remote,United States,L,55200.0,100.0,60000.0
2023,AI Scientist,Machine Learning and AI,USD,54000,54000,South Korea,Mid-level,Full-time,In-person,South Korea,S,49680.0,70.1,77032.81
2023,Data Engineer,Data Engineering,USD,202000,202000,United States,Senior,Full-time,Remote,United States,M,185840.0,100.0,202000.0
2023,Data Engineer,Data Engineering,USD,132000,132000,United States,Senior,Full-time,Remote,United States,M,121440.0,100.0,132000.0
2023,Data Analyst,Data Analysis,GBP,60000,73824,United Kingdom,Mid-level,Full-time,In-person,United Kingdom,M,67918.08,82.7,89267.23
2023,AI Research Engineer,Data Science and Research,GBP,66000,81206,United Kingdom,Mid-level,Full-time,In-person,United Kingdom,M,74709.52,82.7,98193.47
2023,Head of Machine Learning,Machine Learning and AI,USD,330000,330000,United States,Executive,Full-time,In-person,United States,M,303600.0,100.0,330000.0
2023,Head of Machine Learning,Machine Learning and AI,USD,188000,188000,United States,Executive,Full-time,In-person,United States,M,172960.0,100.0,188000.0
2023,BI Analyst,BI and Visualization,USD,110000,110000,United States,Mid-level,Full-time,In-person,United States,M,101200.0,100.0,110000.0
2023,Machine Learning Researcher,Machine Learning and AI,USD,190000,190000,United States,Senior,Full-time,Remote,United States,M,174800.0,100.0,190000.0
2023,Machine Learning Researcher,Machine Learning and AI,USD,170000,170000,United States,Senior,Full-time,Remote,United States,M,156400.0,100.0,170000.0
2023,Research Analyst,Data Science and Research,USD,150000,150000,United States,Senior,Full-time,In-person,United States,M,138000.0,100.0,150000.0
2023,Research Analyst,Data Science and Research,USD,125000,125000,United States,Senior,Full-time,In-person,United States,M,115000.0,100.0,125000.0
2023,Data Scientist,Data Science and Research,USD,105000,105000,United States,Senior,Full-time,In-person,United States,M,96600.0,100.0,105000.0
2023,Data Specialist,Data Management and Strategy,USD,90000,90000,United States,Mid-level,Full-time,Remote,United States,M,82800.0,100.0,90000.0
2023,Data Specialist,Data Management and Strategy,USD,73000,73000,United States,Mid-level,Full-time,Remote,United States,M,67160.0,100.0,73000.0
2023,Business Intelligence Analyst,BI and Visualization,USD,150000,150000,United States,Mid-level,Full-time,Remote,United States,M,138000.0,100.0,150000.0
2023,Business Intelligence Analyst,BI and Visualization,USD,135000,135000,United States,Mid-level,Full-time,Remote,United States,M,124200.0,100.0,135000.0
2023,Head of Data,Leadership and Management,USD,329500,329500,United States,Executive,Full-time,Remote,United States,M,303140.0,100.0,329500.0
2023,Head of Data,Leadership and Management,USD,269600,269600,United States,Executive,Full-time,Remote,United States,M,248032.0,100.0,269600.0
2023,Business Intelligence Engineer,BI and Visualization,USD,156400,156400,United States,Senior,Full-time,In-person,United States,M,143888.0,100.0,156400.0
2023,Data Science Lead,Data Science and Research,USD,185900,185900,United States,Mid-level,Full-time,In-person,United States,M,171028.0,100.0,185900.0
2023,Data Science Lead,Data Science and Research,USD,129300,129300,United States,Mid-level,Full-time,In-person,United States,M,118956.0,100.0,129300.0
2023,Data Engineer,Data Engineering,USD,146000,146000,United States,Mid-level,Full-time,In-person,United States,M,134320.0,100.0,146000.0
2023,Data Engineer,Data Engineering,USD,97000,97000,United States,Mid-level,Full-time,In-person,United States,M,89240.0,100.0,97000.0
2023,Data Engineer,Data Engineering,USD,147100,147100,United States,Senior,Full-time,In-person,United States,M,135332.0,100.0,147100.0
2023,Data Engineer,Data Engineering,USD,90700,90700,United States,Senior,Full-time,In-person,United States,M,83444.0,100.0,90700.0
2023,Data Scientist,Data Science and Research,USD,257000,257000,United States,Senior,Full-time,Remote,United States,M,236440.0,100.0,257000.0
2023,Data Scientist,Data Science and Research,USD,197000,197000,United States,Senior,Full-time,Remote,United States,M,181240.0,100.0,197000.0
2023,Business Intelligence Engineer,BI and Visualization,USD,120000,120000,United States,Senior,Full-time,Remote,United States,M,110400.0,100.0,120000.0
2023,Data Engineer,Data Engineering,USD,84800,84800,United States,Senior,Full-time,In-person,United States,M,78016.0,100.0,84800.0
2023,Data Scientist,Data Science and Research,GBP,110000,135344,United Kingdom,Mid-level,Full-time,In-person,United Kingdom,M,124516.48,82.7,163656.59
2023,Data Scientist,Data Science and Research,GBP,80000,98432,United Kingdom,Mid-level,Full-time,In-person,United Kingdom,M,90557.44,82.7,119022.97
2023,Head of Data,Leadership and Management,GBP,200000,246080,United Kingdom,Executive,Full-time,In-person,United Kingdom,M,226393.6,82.7,297557.44
2023,Head of Data,Leadership and Management,GBP,150000,184560,United Kingdom,Executive,Full-time,In-person,United Kingdom,M,169795.2,82.7,223168.08
2023,Data Analyst,Data Analysis,EUR,49200,53120,Estonia,Mid-level,Full-time,In-person,Estonia,M,48870.4,63.4,83785.49
2023,Data Analyst,Data Analysis,EUR,31200,33686,Estonia,Mid-level,Full-time,In-person,Estonia,M,30991.12,63.4,53132.49
2023,Data Engineer,Data Engineering,USD,260000,260000,United States,Senior,Full-time,In-person,United States,M,239200.0,100.0,260000.0
2023,Data Engineer,Data Engineering,USD,225000,225000,United States,Senior,Full-time,In-person,United States,M,207000.0,100.0,225000.0
2023,Machine Learning Engineer,Machine Learning and AI,USD,340000,340000,United States,Senior,Full-time,In-person,United States,M,312800.0,100.0,340000.0
2023,Analytics Engineer,Leadership and Management,USD,213600,213600,United States,Senior,Full-time,In-person,United States,M,196512.0,100.0,213600.0
2023,Analytics Engineer,Leadership and Management,USD,142400,142400,United States,Senior,Full-time,In-person,United States,M,131008.0,100.0,142400.0
2023,ML Engineer,Machine Learning and AI,USD,125000,125000,United States,Mid-level,Full-time,Remote,United States,M,115000.0,100.0,125000.0
2023,ML Engineer,Machine Learning and AI,USD,85000,85000,United States,Mid-level,Full-time,Remote,United States,M,78200.0,100.0,85000.0
2023,Data Scientist,Data Science and Research,USD,207900,207900,United States,Senior,Full-time,In-person,United States,M,191268.0,100.0,207900.0
2023,Data Scientist,Data Science and Research,USD,158400,158400,United States,Senior,Full-time,In-person,United States,M,145728.0,100.0,158400.0
2023,Data Infrastructure Engineer,Data Engineering,USD,385000,385000,United States,Senior,Full-time,In-person,United States,M,354200.0,100.0,385000.0
2023,Data Infrastructure Engineer,Data Engineering,USD,200000,200000,United States,Senior,Full-time,In-person,United States,M,184000.0,100.0,200000.0
2023,Machine Learning Engineer,Machine Learning and AI,USD,241300,241300,United States,Senior,Full-time,In-person,United States,M,221996.0,100.0,241300.0
2023,Machine Learning Engineer,Machine Learning and AI,USD,211949,211949,United States,Senior,Full-time,In-person,United States,M,194993.08,100.0,211949.0
2023,Data Strategy Manager,Data Management and Strategy,USD,115000,115000,United States,Senior,Full-time,Remote,United States,M,105800.0,100.0,115000.0
2023,Data Strategy Manager,Data Management and Strategy,USD,90000,90000,United States,Senior,Full-time,Remote,United States,M,82800.0,100.0,90000.0
2023,Data Scientist,Data Science and Research,USD,172200,172200,United States,Mid-level,Full-time,Remote,United States,M,158424.0,100.0,172200.0
2023,Data Scientist,Data Science and Research,USD,131200,131200,United States,Mid-level,Full-time,Remote,United States,M,120704.0,100.0,131200.0
2023,Machine Learning Engineer,Machine Learning and AI,USD,123800,123800,United States,Senior,Full-time,Remote,United States,M,113896.0,100.0,123800.0
2023,Data Scientist,Data Science and Research,USD,240000,240000,United States,Senior,Full-time,In-person,United States,M,220800.0,100.0,240000.0
2023,Data Scientist,Data Science and Research,USD,142500,142500,United States,Senior,Full-time,In-person,United States,M,131100.0,100.0,142500.0
2023,Data Scientist,Data Science and Research,PLN,150000,34924,Turkey,Entry-level,Full-time,In-person,Poland,M,32130.08,52.4,66648.85
2023,Machine Learning Engineer,Machine Learning and AI,USD,330000,330000,United States,Senior,Full-time,In-person,United States,M,303600.0,100.0,330000.0
2023,Machine Learning Engineer,Machine Learning and AI,USD,204000,204000,United States,Senior,Full-time,In-person,United States,M,187680.0,100.0,204000.0
2023,Machine Learning Engineer,Machine Learning and AI,USD,180000,180000,United States,Executive,Full-time,Remote,United States,M,165600.0,100.0,180000.0
2023,Machine Learning Engineer,Machine Learning and AI,USD,160000,160000,United States,Executive,Full-time,Remote,United States,M,147200.0,100.0,160000.0
2023,Business Intelligence Analyst,BI and Visualization,USD,193600,193600,United States,Senior,Full-time,In-person,United States,M,178112.0,100.0,193600.0
2023,Business Intelligence Analyst,BI and Visualization,USD,130838,130838,United States,Senior,Full-time,In-person,United States,M,120370.96,100.0,130838.0
2023,Data Engineer,Data Engineering,USD,225500,225500,United States,Senior,Full-time,In-person,United States,M,207460.0,100.0,225500.0
2023,Data Engineer,Data Engineering,USD,139400,139400,United States,Senior,Full-time,In-person,United States,M,128248.0,100.0,139400.0
2023,Machine Learning Engineer,Machine Learning and AI,USD,328133,328133,United States,Senior,Full-time,In-person,United States,M,301882.36,100.0,328133.0
2023,Machine Learning Engineer,Machine Learning and AI,USD,218755,218755,United States,Senior,Full-time,In-person,United States,M,201254.6,100.0,218755.0
2023,Data Scientist,Data Science and Research,USD,250830,250830,United States,Senior,Full-time,In-person,United States,M,230763.6,100.0,250830.0
2023,Data Scientist,Data Science and Research,USD,143370,143370,United States,Senior,Full-time,In-person,United States,M,131900.4,100.0,143370.0
2023,Analytics Engineer,Leadership and Management,USD,260000,260000,United States,Senior,Full-time,In-person,United States,M,239200.0,100.0,260000.0
2023,Data Scientist,Data Science and Research,USD,203500,203500,United States,Senior,Full-time,In-person,United States,M,187220.0,100.0,203500.0
2023,Data Scientist,Data Science and Research,USD,166500,166500,United States,Senior,Full-time,In-person,United States,M,153180.0,100.0,166500.0
2023,Research Analyst,Data Science and Research,USD,148350,148350,United States,Senior,Full-time,In-person,United States,M,136482.0,100.0,148350.0
2023,Research Analyst,Data Science and Research,USD,87400,87400,United States,Senior,Full-time,In-person,United States,M,80408.0,100.0,87400.0
2023,Data Science Consultant,Data Science and Research,USD,157550,157550,United States,Senior,Full-time,In-person,United States,M,144946.0,100.0,157550.0
2023,Data Science Consultant,Data Science and Research,USD,104650,104650,United States,Senior,Full-time,In-person,United States,M,96278.0,100.0,104650.0
2023,Data Engineer,Data Engineering,USD,139500,139500,United States,Senior,Full-time,Remote,United States,M,128340.0,100.0,139500.0
2023,Data Engineer,Data Engineering,USD,118575,118575,United States,Senior,Full-time,Remote,United States,M,109089.0,100.0,118575.0
2023,Data Analyst,Data Analysis,USD,129150,129150,United States,Senior,Full-time,In-person,United States,M,118818.0,100.0,129150.0
2023,Data Analyst,Data Analysis,USD,98400,98400,United States,Senior,Full-time,In-person,United States,M,90528.0,100.0,98400.0
2023,Data Engineer,Data Engineering,GBP,55000,67672,United Kingdom,Mid-level,Full-time,Remote,United Kingdom,M,62258.24,82.7,81828.3
2023,Business Intelligence Developer,BI and Visualization,USD,98010,98010,United States,Senior,Full-time,In-person,United States,M,90169.2,100.0,98010.0
2023,Business Intelligence Developer,BI and Visualization,USD,66825,66825,United States,Senior,Full-time,In-person,United States,M,61479.0,100.0,66825.0
2023,Data Science Manager,Data Science and Research,USD,190000,190000,United States,Senior,Full-time,Remote,United States,M,174800.0,100.0,190000.0
2023,Data Science Manager,Data Science and Research,USD,170000,170000,United States,Senior,Full-time,Remote,United States,M,156400.0,100.0,170000.0
2023,Machine Learning Engineer,Machine Learning and AI,USD,170000,170000,United States,Mid-level,Full-time,In-person,United States,S,156400.0,100.0,170000.0
2023,Machine Learning Engineer,Machine Learning and AI,USD,120000,120000,United States,Mid-level,Full-time,In-person,United States,S,110400.0,100.0,120000.0
2023,Data Analyst,Data Analysis,USD,229000,229000,United States,Mid-level,Full-time,In-person,United States,M,210680.0,100.0,229000.0
2023,Data Analyst,Data Analysis,USD,131000,131000,United States,Mid-level,Full-time,In-person,United States,M,120520.0,100.0,131000.0
2023,Data Architect,Data Architecture and Modeling,GBP,85000,104584,United Kingdom,Senior,Full-time,In-person,United Kingdom,M,96217.28,82.7,126461.91
2023,Data Architect,Data Architecture and Modeling,GBP,75000,92280,United Kingdom,Senior,Full-time,In-person,United Kingdom,M,84897.6,82.7,111584.04
2023,Data Analyst,Data Analysis,USD,192000,192000,United States,Senior,Full-time,Remote,United States,M,176640.0,100.0,192000.0
2023,Data Analyst,Data Analysis,USD,164000,164000,United States,Senior,Full-time,Remote,United States,M,150880.0,100.0,164000.0
2023,Data Scientist,Data Science and Research,USD,223800,223800,United States,Senior,Full-time,In-person,United States,M,205896.0,100.0,223800.0
2023,Data Scientist,Data Science and Research,USD,172100,172100,United States,Senior,Full-time,In-person,United States,M,158332.0,100.0,172100.0
2023,Applied Scientist,Data Science and Research,USD,258800,258800,United States,Senior,Full-time,In-person,United States,M,238096.0,100.0,258800.0
2023,Applied Scientist,Data Science and Research,USD,199200,199200,United States,Senior,Full-time,In-person,United States,M,183264.0,100.0,199200.0
2023,Research Engineer,Data Science and Research,USD,185000,185000,United States,Senior,Full-time,In-person,United States,M,170200.0,100.0,185000.0
2023,Research Engineer,Data Science and Research,USD,148000,148000,United States,Senior,Full-time,In-person,United States,M,136160.0,100.0,148000.0
2023,Machine Learning Engineer,Machine Learning and AI,USD,193600,193600,United States,Senior,Full-time,In-person,United States,M,178112.0,100.0,193600.0
2023,Machine Learning Engineer,Machine Learning and AI,USD,119700,119700,United States,Senior,Full-time,In-person,United States,M,110124.0,100.0,119700.0
2023,Data Scientist,Data Science and Research,USD,175750,175750,United States,Senior,Full-time,In-person,United States,M,161690.0,100.0,175750.0
2023,Data Scientist,Data Science and Research,USD,136742,136742,United States,Senior,Full-time,In-person,United States,M,125802.64,100.0,136742.0
2023,Research Engineer,Data Science and Research,USD,257400,257400,United States,Mid-level,Full-time,In-person,United States,M,236808.0,100.0,257400.0
2023,Research Engineer,Data Science and Research,USD,193500,193500,United States,Mid-level,Full-time,In-person,United States,M,178020.0,100.0,193500.0
2023,Data Scientist,Data Science and Research,USD,228856,228856,United States,Senior,Full-time,Remote,United States,M,210547.52,100.0,228856.0
2023,Data Scientist,Data Science and Research,USD,144540,144540,United States,Senior,Full-time,Remote,United States,M,132976.8,100.0,144540.0
2023,Data Architect,Data Architecture and Modeling,USD,140000,140000,United States,Senior,Full-time,Remote,United States,M,128800.0,100.0,140000.0
2023,Data Scientist,Data Science and Research,USD,155000,155000,United States,Senior,Full-time,Remote,United States,M,142600.0,100.0,155000.0
2023,Data Scientist,Data Science and Research,USD,125000,125000,United States,Senior,Full-time,Remote,United States,M,115000.0,100.0,125000.0
2023,Data Engineer,Data Engineering,USD,150600,150600,United States,Senior,Full-time,Remote,United States,M,138552.0,100.0,150600.0
2023,Data Engineer,Data Engineering,USD,120500,120500,United States,Senior,Full-time,Remote,United States,M,110860.0,100.0,120500.0
2023,Data Scientist,Data Science and Research,USD,176000,176000,United States,Senior,Full-time,In-person,United States,M,161920.0,100.0,176000.0
2023,Analytics Engineer,Leadership and Management,USD,200000,200000,United States,Senior,Full-time,Remote,United States,L,184000.0,100.0,200000.0
2023,Data Strategist,Data Architecture and Modeling,USD,115500,115500,United States,Mid-level,Full-time,In-person,United States,M,106260.0,100.0,115500.0
2023,Data Strategist,Data Architecture and Modeling,USD,73500,73500,United States,Mid-level,Full-time,In-person,United States,M,67620.0,100.0,73500.0
2023,Data Engineer,Data Engineering,GBP,110000,135344,United Kingdom,Executive,Full-time,In-person,United Kingdom,M,124516.48,82.7,163656.59
2023,Data Engineer,Data Engineering,GBP,80000,98432,United Kingdom,Executive,Full-time,In-person,United Kingdom,M,90557.44,82.7,119022.97
2023,Data Scientist,Data Science and Research,USD,225000,225000,United States,Senior,Full-time,Remote,United States,M,207000.0,100.0,225000.0
2023,Data Scientist,Data Science and Research,USD,172758,172758,United States,Senior,Full-time,Remote,United States,M,158937.36,100.0,172758.0
2023,Research Engineer,Data Science and Research,GBP,70000,86128,United Kingdom,Mid-level,Full-time,Remote,United Kingdom,M,79237.76,82.7,104145.1
2023,Research Engineer,Data Science and Research,GBP,55000,67672,United Kingdom,Mid-level,Full-time,Remote,United Kingdom,M,62258.24,82.7,81828.3
2023,Insight Analyst,Data Analysis,GBP,42000,51676,United Kingdom,Mid-level,Full-time,In-person,United Kingdom,M,47541.92,82.7,62486.09
2023,Insight Analyst,Data Analysis,GBP,35000,43064,United Kingdom,Mid-level,Full-time,In-person,United Kingdom,M,39618.88,82.7,52072.55
2023,Data Engineer,Data Engineering,USD,245000,245000,United States,Senior,Full-time,Remote,United States,M,225400.0,100.0,245000.0
2023,Data Engineer,Data Engineering,USD,194992,194992,United States,Senior,Full-time,Remote,United States,M,179392.64,100.0,194992.0
2023,Data Scientist,Data Science and Research,USD,140000,140000,United States,Mid-level,Full-time,In-person,United States,M,128800.0,100.0,140000.0
2023,Machine Learning Engineer,Machine Learning and AI,USD,213800,213800,United States,Senior,Full-time,In-person,United States,M,196696.0,100.0,213800.0
2023,Machine Learning Engineer,Machine Learning and AI,USD,180300,180300,United States,Senior,Full-time,In-person,United States,M,165876.0,100.0,180300.0
2023,Director of Data Science,Data Science and Research,USD,375500,375500,United States,Executive,Full-time,Remote,United States,M,345460.0,100.0,375500.0
2023,Director of Data Science,Data Science and Research,USD,250300,250300,United States,Executive,Full-time,Remote,United States,M,230276.0,100.0,250300.0
2023,ML Engineer,Machine Learning and AI,USD,262269,262269,United States,Senior,Full-time,Remote,United States,M,241287.48,100.0,262269.0
2023,ML Engineer,Machine Learning and AI,USD,230797,230797,United States,Senior,Full-time,Remote,United States,M,212333.24,100.0,230797.0
2023,Data Engineer,Data Engineering,USD,147100,147100,United States,Mid-level,Full-time,In-person,United States,M,135332.0,100.0,147100.0
2023,Data Engineer,Data Engineering,USD,90700,90700,United States,Mid-level,Full-time,In-person,United States,M,83444.0,100.0,90700.0
2023,Machine Learning Infrastructure Engineer,Machine Learning and AI,USD,185000,185000,United States,Senior,Full-time,In-person,United States,M,170200.0,100.0,185000.0
2023,Machine Learning Infrastructure Engineer,Machine Learning and AI,USD,145000,145000,United States,Senior,Full-time,In-person,United States,M,133400.0,100.0,145000.0
2023,Data Analyst,Data Analysis,GBP,100000,123040,United Kingdom,Senior,Full-time,In-person,United Kingdom,M,113196.8,82.7,148778.72
2023,Data Analyst,Data Analysis,GBP,75000,92280,United Kingdom,Senior,Full-time,In-person,United Kingdom,M,84897.6,82.7,111584.04
2023,BI Developer,BI and Visualization,GBP,80000,98432,United Kingdom,Senior,Full-time,In-person,United Kingdom,M,90557.44,82.7,119022.97
2023,BI Developer,BI and Visualization,GBP,50750,62442,United Kingdom,Senior,Full-time,In-person,United Kingdom,M,57446.64,82.7,75504.23
2023,Data Scientist,Data Science and Research,USD,90000,90000,United States,Mid-level,Full-time,Remote,United States,M,82800.0,100.0,90000.0
2023,Data Analyst,Data Analysis,USD,195000,195000,United States,Senior,Full-time,Remote,United States,M,179400.0,100.0,195000.0
2023,Data Analyst,Data Analysis,USD,73500,73500,United States,Senior,Full-time,Remote,United States,M,67620.0,100.0,73500.0
2023,Data Infrastructure Engineer,Data Engineering,USD,185000,185000,United States,Senior,Full-time,In-person,United States,M,170200.0,100.0,185000.0
2023,Data Infrastructure Engineer,Data Engineering,USD,145000,145000,United States,Senior,Full-time,In-person,United States,M,133400.0,100.0,145000.0
2023,Machine Learning Infrastructure Engineer,Machine Learning and AI,USD,158900,158900,United States,Senior,Full-time,Remote,United States,M,146188.0,100.0,158900.0
2023,Machine Learning Infrastructure Engineer,Machine Learning and AI,USD,132400,132400,United States,Senior,Full-time,Remote,United States,M,121808.0,100.0,132400.0
2023,AI Engineer,Machine Learning and AI,USD,140000,140000,United States,Mid-level,Full-time,Remote,United States,S,128800.0,100.0,140000.0
2023,Data Manager,Leadership and Management,USD,130000,130000,United States,Mid-level,Full-time,In-person,United States,M,119600.0,100.0,130000.0
2023,Data Manager,Leadership and Management,USD,100000,100000,United States,Mid-level,Full-time,In-person,United States,M,92000.0,100.0,100000.0
2023,Machine Learning Scientist,Machine Learning and AI,USD,163800,163800,United States,Senior,Full-time,In-person,United States,M,150696.0,100.0,163800.0
2023,Machine Learning Scientist,Machine Learning and AI,USD,126000,126000,United States,Senior,Full-time,In-person,United States,M,115920.0,100.0,126000.0
2023,Data Scientist,Data Science and Research,USD,111967,111967,United States,Senior,Full-time,Remote,United States,M,103009.64,100.0,111967.0
2023,Data Analyst,Data Analysis,USD,88000,88000,United States,Mid-level,Full-time,In-person,United States,M,80960.0,100.0,88000.0
2023,Data Engineer,Data Engineering,USD,216027,216027,United States,Senior,Full-time,Remote,United States,M,198744.84,100.0,216027.0
2023,Data Engineer,Data Engineering,USD,101028,101028,United States,Senior,Full-time,Remote,United States,M,92945.76,100.0,101028.0
2023,Applied Scientist,Data Science and Research,USD,309400,309400,United States,Senior,Full-time,In-person,United States,L,284648.0,100.0,309400.0
2023,Applied Scientist,Data Science and Research,USD,159100,159100,United States,Senior,Full-time,In-person,United States,L,146372.0,100.0,159100.0
2023,Data Engineer,Data Engineering,USD,174350,174350,United States,Senior,Full-time,Remote,United States,M,160402.0,100.0,174350.0
2023,Data Engineer,Data Engineering,USD,126800,126800,United States,Senior,Full-time,Remote,United States,M,116656.0,100.0,126800.0
2023,Machine Learning Engineer,Machine Learning and AI,USD,262000,262000,United States,Senior,Full-time,In-person,United States,M,241040.0,100.0,262000.0
2023,Machine Learning Engineer,Machine Learning and AI,USD,186000,186000,United States,Senior,Full-time,In-person,United States,M,171120.0,100.0,186000.0
2023,Data Analyst,Data Analysis,USD,129000,129000,Canada,Senior,Full-time,Remote,Canada,M,118680.0,79.3,162673.39
2023,Data Analyst,Data Analysis,USD,95000,95000,Canada,Senior,Full-time,Remote,Canada,M,87400.0,79.3,119798.23
2023,Analytics Engineer,Leadership and Management,USD,175000,175000,United States,Senior,Full-time,In-person,United States,M,161000.0,100.0,175000.0
2023,Analytics Engineer,Leadership and Management,USD,120000,120000,United States,Senior,Full-time,In-person,United States,M,110400.0,100.0,120000.0
2023,Applied Data Scientist,Data Science and Research,EUR,27500,29691,Italy,Entry-level,Full-time,Hybrid,Italy,L,27315.72,68.4,43407.89
2023,Data Analyst,Data Analysis,USD,130000,130000,United States,Senior,Full-time,Remote,United States,S,119600.0,100.0,130000.0
2023,Data Analyst,Data Analysis,USD,105000,105000,United States,Senior,Full-time,Remote,United States,S,96600.0,100.0,105000.0
2023,Machine Learning Engineer,Machine Learning and AI,USD,232200,232200,United States,Senior,Full-time,In-person,United States,M,213624.0,100.0,232200.0
2023,Machine Learning Engineer,Machine Learning and AI,USD,119000,119000,United States,Senior,Full-time,In-person,United States,M,109480.0,100.0,119000.0
2023,Data Scientist,Data Science and Research,USD,268000,268000,United States,Senior,Full-time,In-person,United States,M,246560.0,100.0,268000.0
2023,Data Analyst,Data Analysis,USD,153300,153300,United States,Senior,Full-time,Remote,United States,M,141036.0,100.0,153300.0
2023,Data Analyst,Data Analysis,USD,104244,104244,United States,Senior,Full-time,Remote,United States,M,95904.48,100.0,104244.0
2023,Data Scientist,Data Science and Research,USD,145000,145000,United States,Senior,Full-time,Remote,United States,M,133400.0,100.0,145000.0
2023,Data Scientist,Data Science and Research,USD,226000,226000,United States,Senior,Full-time,Remote,United States,M,207920.0,100.0,226000.0
2023,Data Analyst,Data Analysis,USD,70000,70000,United States,Mid-level,Full-time,In-person,United States,M,64400.0,100.0,70000.0
2023,Data Science Practitioner,Data Science and Research,USD,198800,198800,United States,Senior,Full-time,In-person,United States,M,182896.0,100.0,198800.0
2023,Data Science Practitioner,Data Science and Research,USD,122600,122600,United States,Senior,Full-time,In-person,United States,M,112792.0,100.0,122600.0
2023,Data Scientist,Data Science and Research,USD,181500,181500,United States,Senior,Full-time,In-person,United States,M,166980.0,100.0,181500.0
2023,Data Scientist,Data Science and Research,USD,127000,127000,United States,Senior,Full-time,In-person,United States,M,116840.0,100.0,127000.0
2023,Machine Learning Researcher,Machine Learning and AI,USD,210000,210000,United States,Mid-level,Full-time,In-person,United States,S,193200.0,100.0,210000.0
2023,AI Programmer,Machine Learning and AI,USD,120000,120000,Canada,Senior,Full-time,Remote,France,M,110400.0,79.8,150375.94
2023,ML Engineer,Machine Learning and AI,USD,385000,385000,United States,Senior,Full-time,Remote,United States,M,354200.0,100.0,385000.0
2023,ML Engineer,Machine Learning and AI,USD,245000,245000,United States,Senior,Full-time,Remote,United States,M,225400.0,100.0,245000.0
2023,AI Engineer,Machine Learning and AI,USD,225000,225000,United States,Mid-level,Full-time,In-person,United States,M,207000.0,100.0,225000.0
2023,AI Engineer,Machine Learning and AI,USD,175000,175000,United States,Mid-level,Full-time,In-person,United States,M,161000.0,100.0,175000.0
2023,Data Engineer,Data Engineering,CAD,148500,110019,Canada,Senior,Full-time,Remote,Canada,M,101217.48,79.3,138737.7
2023,Data Engineer,Data Engineering,CAD,117000,86682,Canada,Senior,Full-time,Remote,Canada,M,79747.44,79.3,109308.95
2023,Data Analyst,Data Analysis,USD,131650,131650,United States,Senior,Full-time,In-person,United States,M,121118.0,100.0,131650.0
2023,Data Analyst,Data Analysis,USD,105320,105320,United States,Senior,Full-time,In-person,United States,M,96894.4,100.0,105320.0
2023,Research Engineer,Data Science and Research,USD,210000,210000,United States,Senior,Full-time,In-person,United States,M,193200.0,100.0,210000.0
2023,Research Engineer,Data Science and Research,USD,151800,151800,United States,Senior,Full-time,In-person,United States,M,139656.0,100.0,151800.0
2023,Data Scientist,Data Science and Research,USD,147500,147500,United States,Senior,Full-time,Remote,United States,M,135700.0,100.0,147500.0
2023,Data Scientist,Data Science and Research,USD,112500,112500,United States,Senior,Full-time,Remote,United States,M,103500.0,100.0,112500.0
2023,Machine Learning Engineer,Machine Learning and AI,USD,163200,163200,United States,Senior,Full-time,In-person,United States,M,150144.0,100.0,163200.0
2023,Data Analyst,Data Analysis,USD,65000,65000,United States,Senior,Full-time,Remote,United States,M,59800.0,100.0,65000.0
2023,Data Analyst,Data Analysis,USD,55000,55000,United States,Senior,Full-time,Remote,United States,M,50600.0,100.0,55000.0
2023,Machine Learning Infrastructure Engineer,Machine Learning and AI,USD,165400,165400,United States,Senior,Full-time,In-person,United States,M,152168.0,100.0,165400.0
2023,Machine Learning Infrastructure Engineer,Machine Learning and AI,USD,127300,127300,United States,Senior,Full-time,In-person,United States,M,117116.0,100.0,127300.0
2023,Data Science Manager,Data Science and Research,EUR,100000,107968,Philippines,Senior,Full-time,Hybrid,Czech Republic,L,99330.56,52.7,204872.87
2023,AI Engineer,Machine Learning and AI,EUR,30390,32811,Spain,Mid-level,Full-time,Remote,Spain,L,30186.12,62.8,52246.82
2023,Machine Learning Engineer,Machine Learning and AI,USD,145000,145000,United States,Mid-level,Full-time,In-person,United States,M,133400.0,100.0,145000.0
2023,Machine Learning Engineer,Machine Learning and AI,USD,135000,135000,United States,Mid-level,Full-time,In-person,United States,M,124200.0,100.0,135000.0
2023,Data Scientist,Data Science and Research,USD,126900,126900,United States,Mid-level,Full-time,In-person,United States,M,116748.0,100.0,126900.0
2023,Data Scientist,Data Science and Research,USD,77900,77900,United States,Mid-level,Full-time,In-person,United States,M,71668.0,100.0,77900.0
2023,Data Engineer,Data Engineering,GBP,90000,110736,United Kingdom,Mid-level,Full-time,Remote,United Kingdom,M,101877.12,82.7,133900.85
2023,Data Engineer,Data Engineering,GBP,75000,92280,United Kingdom,Mid-level,Full-time,Remote,United Kingdom,M,84897.6,82.7,111584.04
2023,Data Analyst,Data Analysis,USD,169000,169000,United States,Senior,Full-time,In-person,United States,M,155480.0,100.0,169000.0
2023,Data Analyst,Data Analysis,USD,110600,110600,United States,Senior,Full-time,In-person,United States,M,101752.0,100.0,110600.0
2023,Data Scientist,Data Science and Research,USD,150000,150000,United States,Entry-level,Full-time,In-person,United States,M,138000.0,100.0,150000.0
2023,Data Scientist,Data Science and Research,USD,140000,140000,United States,Entry-level,Full-time,In-person,United States,M,128800.0,100.0,140000.0
2023,Data Scientist,Data Science and Research,USD,162000,162000,United States,Senior,Full-time,Remote,United States,M,149040.0,100.0,162000.0
2023,Data Modeler,Data Architecture and Modeling,USD,195000,195000,United States,Senior,Full-time,In-person,United States,M,179400.0,100.0,195000.0
2023,Data Modeler,Data Architecture and Modeling,USD,160000,160000,United States,Senior,Full-time,In-person,United States,M,147200.0,100.0,160000.0
2023,Data Operations Analyst,Data Quality and Operations,USD,154000,154000,United States,Senior,Full-time,In-person,United States,M,141680.0,100.0,154000.0
2023,Data Operations Analyst,Data Quality and Operations,USD,82000,82000,United States,Senior,Full-time,In-person,United States,M,75440.0,100.0,82000.0
2023,Data Science Manager,Data Science and Research,USD,160000,160000,United States,Senior,Full-time,Remote,United States,M,147200.0,100.0,160000.0
2023,Data Science Manager,Data Science and Research,USD,145000,145000,United States,Senior,Full-time,Remote,United States,M,133400.0,100.0,145000.0
2023,AI Engineer,Machine Learning and AI,USD,239400,239400,United States,Senior,Full-time,In-person,United States,M,220248.0,100.0,239400.0
2023,AI Engineer,Machine Learning and AI,USD,136800,136800,United States,Senior,Full-time,In-person,United States,M,125856.0,100.0,136800.0
2023,Decision Scientist,Data Science and Research,USD,204500,204500,United States,Senior,Full-time,In-person,United States,M,188140.0,100.0,204500.0
2023,Decision Scientist,Data Science and Research,USD,142200,142200,United States,Senior,Full-time,In-person,United States,M,130824.0,100.0,142200.0
2023,Data Scientist,Data Science and Research,USD,230000,230000,United States,Senior,Full-time,Remote,United States,M,211600.0,100.0,230000.0
2023,Machine Learning Engineer,Machine Learning and AI,USD,323300,323300,United States,Senior,Full-time,In-person,United States,M,297436.0,100.0,323300.0
2023,Machine Learning Engineer,Machine Learning and AI,USD,184700,184700,United States,Senior,Full-time,In-person,United States,M,169924.0,100.0,184700.0
2023,Data Engineer,Data Engineering,USD,120000,120000,United States,Senior,Full-time,In-person,United States,M,110400.0,100.0,120000.0
2023,Research Scientist,Data Science and Research,USD,210000,210000,United States,Senior,Full-time,In-person,United States,M,193200.0,100.0,210000.0
2023,Research Scientist,Data Science and Research,USD,136000,136000,United States,Senior,Full-time,In-person,United States,M,125120.0,100.0,136000.0
2023,Data Engineer,Data Engineering,USD,171250,171250,United States,Senior,Full-time,In-person,United States,M,157550.0,100.0,171250.0
2023,Data Engineer,Data Engineering,USD,113750,113750,United States,Senior,Full-time,In-person,United States,M,104650.0,100.0,113750.0
2023,Machine Learning Engineer,Machine Learning and AI,USD,195000,195000,United States,Senior,Full-time,Remote,United States,M,179400.0,100.0,195000.0
2023,Machine Learning Engineer,Machine Learning and AI,USD,142000,142000,United States,Senior,Full-time,Remote,United States,M,130640.0,100.0,142000.0
2023,Data Engineer,Data Engineering,USD,185900,185900,United States,Mid-level,Full-time,In-person,United States,M,171028.0,100.0,185900.0
2023,Data Engineer,Data Engineering,USD,129300,129300,United States,Mid-level,Full-time,In-person,United States,M,118956.0,100.0,129300.0
2023,Machine Learning Engineer,Machine Learning and AI,USD,194100,194100,United States,Senior,Full-time,In-person,United States,M,178572.0,100.0,194100.0
2023,Machine Learning Engineer,Machine Learning and AI,USD,152300,152300,United States,Senior,Full-time,In-person,United States,M,140116.0,100.0,152300.0
2023,Data Architect,Data Architecture and Modeling,USD,190000,190000,United States,Senior,Full-time,In-person,United States,M,174800.0,100.0,190000.0
2023,Data Architect,Data Architecture and Modeling,USD,120000,120000,United States,Senior,Full-time,In-person,United States,M,110400.0,100.0,120000.0
2023,Research Engineer,Data Science and Research,USD,240000,240000,United States,Senior,Full-time,Remote,United States,M,220800.0,100.0,240000.0
2023,Research Engineer,Data Science and Research,USD,157250,157250,United States,Senior,Full-time,Remote,United States,M,144670.0,100.0,157250.0
2023,Data Engineer,Data Engineering,USD,212000,212000,United States,Senior,Full-time,Remote,United States,M,195040.0,100.0,212000.0
2023,Data Engineer,Data Engineering,USD,194400,194400,United States,Senior,Full-time,Remote,United States,M,178848.0,100.0,194400.0
2023,Data Engineer,Data Engineering,USD,132192,132192,United States,Senior,Full-time,Remote,United States,M,121616.64,100.0,132192.0
2023,Analytics Engineer,Leadership and Management,USD,174000,174000,United States,Senior,Full-time,Remote,United States,M,160080.0,100.0,174000.0
2023,Analytics Engineer,Leadership and Management,USD,134000,134000,United States,Senior,Full-time,Remote,United States,M,123280.0,100.0,134000.0
2023,Machine Learning Engineer,Machine Learning and AI,EUR,36000,38868,Spain,Mid-level,Full-time,Remote,Spain,L,35758.56,62.8,61891.72
2023,Data Engineer,Data Engineering,USD,152000,152000,United States,Mid-level,Full-time,Remote,United States,M,139840.0,100.0,152000.0
2023,Data Developer,Leadership and Management,USD,144700,144700,United States,Senior,Full-time,In-person,United States,M,133124.0,100.0,144700.0
2023,Data Developer,Leadership and Management,USD,85500,85500,United States,Senior,Full-time,In-person,United States,M,78660.0,100.0,85500.0
2023,Data Analyst,Data Analysis,EUR,36000,38868,Estonia,Mid-level,Full-time,In-person,Estonia,M,35758.56,63.4,61305.99
2023,Data Engineer,Data Engineering,USD,265800,265800,United States,Executive,Full-time,Remote,United States,M,244536.0,100.0,265800.0
2023,Data Engineer,Data Engineering,USD,177200,177200,United States,Executive,Full-time,Remote,United States,M,163024.0,100.0,177200.0
2023,Data Scientist,Data Science and Research,USD,222000,222000,United States,Senior,Full-time,In-person,United States,M,204240.0,100.0,222000.0
2023,Data Scientist,Data Science and Research,USD,115920,115920,United States,Senior,Full-time,In-person,United States,M,106646.4,100.0,115920.0
2023,Machine Learning Engineer,Machine Learning and AI,USD,250000,250000,United States,Senior,Full-time,Remote,United States,M,230000.0,100.0,250000.0
2023,AI Engineer,Machine Learning and AI,EUR,60000,64781,Spain,Senior,Full-time,Remote,Spain,M,59598.52,62.8,103154.46
2023,Data Engineer,Data Engineering,USD,284310,284310,United States,Senior,Full-time,In-person,United States,M,261565.2,100.0,284310.0
2023,Data Engineer,Data Engineering,USD,153090,153090,United States,Senior,Full-time,In-person,United States,M,140842.8,100.0,153090.0
2023,Research Scientist,Data Science and Research,USD,204500,204500,United States,Senior,Full-time,In-person,United States,M,188140.0,100.0,204500.0
2023,Research Scientist,Data Science and Research,USD,142200,142200,United States,Senior,Full-time,In-person,United States,M,130824.0,100.0,142200.0
2023,Data Scientist,Data Science and Research,USD,111000,111000,United States,Mid-level,Full-time,In-person,United States,M,102120.0,100.0,111000.0
2023,Data Analyst,Data Analysis,USD,213210,213210,United States,Senior,Full-time,Remote,United States,M,196153.2,100.0,213210.0
2023,Data Analyst,Data Analysis,USD,102434,102434,United States,Senior,Full-time,Remote,United States,M,94239.28,100.0,102434.0
2023,Data Scientist,Data Science and Research,USD,226600,226600,United States,Senior,Full-time,In-person,United States,M,208472.0,100.0,226600.0
2023,Data Scientist,Data Science and Research,USD,140100,140100,United States,Senior,Full-time,In-person,United States,M,128892.0,100.0,140100.0
2023,Data Scientist,Data Science and Research,USD,156400,156400,United States,Senior,Full-time,Remote,United States,M,143888.0,100.0,156400.0
2023,Research Engineer,Data Science and Research,USD,250000,250000,United States,Senior,Full-time,In-person,United States,M,230000.0,100.0,250000.0
2023,Research Engineer,Data Science and Research,USD,176000,176000,United States,Senior,Full-time,In-person,United States,M,161920.0,100.0,176000.0
2022,Machine Learning Scientist,Machine Learning and AI,USD,80000,80000,Canada,Entry-level,Full-time,Hybrid,United States,S,73600.0,100.0,80000.0
2023,Analytics Engineer,Leadership and Management,USD,233400,233400,United States,Senior,Full-time,Remote,United States,M,214728.0,100.0,233400.0
2023,Analytics Engineer,Leadership and Management,USD,145300,145300,United States,Senior,Full-time,Remote,United States,M,133676.0,100.0,145300.0
2023,Data Engineer,Data Engineering,USD,248000,248000,United States,Senior,Full-time,In-person,United States,M,228160.0,100.0,248000.0
2023,Data Engineer,Data Engineering,USD,149000,149000,United States,Senior,Full-time,In-person,United States,M,137080.0,100.0,149000.0
2023,Analytics Engineer,Leadership and Management,USD,156450,156450,United States,Entry-level,Full-time,Remote,United States,M,143934.0,100.0,156450.0
2023,Analytics Engineer,Leadership and Management,USD,119200,119200,United States,Entry-level,Full-time,Remote,United States,M,109664.0,100.0,119200.0
2023,Machine Learning Engineer,Machine Learning and AI,USD,185000,185000,United States,Senior,Full-time,In-person,United States,M,170200.0,100.0,185000.0
2023,Machine Learning Engineer,Machine Learning and AI,USD,120250,120250,United States,Senior,Full-time,In-person,United States,M,110630.0,100.0,120250.0
2023,Data Science Lead,Data Science and Research,USD,225000,225000,United States,Mid-level,Full-time,In-person,United States,M,207000.0,100.0,225000.0
2023,Data Science Lead,Data Science and Research,USD,152700,152700,United States,Mid-level,Full-time,In-person,United States,M,140484.0,100.0,152700.0
2023,AI Scientist,Machine Learning and AI,EUR,60000,64781,Germany,Senior,Full-time,Hybrid,Germany,L,59598.52,78.5,82523.57
2023,Data Engineer,Data Engineering,USD,139152,139152,United States,Mid-level,Full-time,In-person,United States,L,128019.84,100.0,139152.0
2023,Data Engineer,Data Engineering,USD,82452,82452,United States,Mid-level,Full-time,In-person,United States,L,75855.84,100.0,82452.0
2023,Data Strategist,Data Architecture and Modeling,USD,85000,85000,United States,Mid-level,Full-time,In-person,United States,M,78200.0,100.0,85000.0
2023,Data Strategist,Data Architecture and Modeling,USD,65000,65000,United States,Mid-level,Full-time,In-person,United States,M,59800.0,100.0,65000.0
2023,Data Analyst,Data Analysis,USD,139000,139000,United States,Senior,Full-time,In-person,United States,M,127880.0,100.0,139000.0
2023,Machine Learning Engineer,Machine Learning and AI,USD,200000,200000,United States,Executive,Full-time,Remote,United States,M,184000.0,100.0,200000.0
2023,Machine Learning Engineer,Machine Learning and AI,USD,145000,145000,United States,Executive,Full-time,Remote,United States,M,133400.0,100.0,145000.0
2023,Machine Learning Engineer,Machine Learning and AI,USD,269500,269500,United States,Senior,Full-time,In-person,United States,M,247940.0,100.0,269500.0
2023,Machine Learning Engineer,Machine Learning and AI,USD,295500,295500,United States,Executive,Full-time,Remote,United States,M,271860.0,100.0,295500.0
2023,Machine Learning Engineer,Machine Learning and AI,USD,165200,165200,United States,Executive,Full-time,Remote,United States,M,151984.0,100.0,165200.0
2023,ML Engineer,Machine Learning and AI,USD,235000,235000,United States,Mid-level,Full-time,In-person,United States,M,216200.0,100.0,235000.0
2023,ML Engineer,Machine Learning and AI,USD,135000,135000,United States,Mid-level,Full-time,In-person,United States,M,124200.0,100.0,135000.0
2023,Analytics Engineer,Leadership and Management,USD,180000,180000,United States,Senior,Full-time,Remote,United States,M,165600.0,100.0,180000.0
2023,Analytics Engineer,Leadership and Management,USD,144000,144000,United States,Senior,Full-time,Remote,United States,M,132480.0,100.0,144000.0
2023,Data Engineer,Data Engineering,GBP,40000,49216,United Kingdom,Mid-level,Full-time,Remote,United Kingdom,M,45278.72,82.7,59511.49
2023,Data Engineer,Data Engineering,GBP,35000,43064,United Kingdom,Mid-level,Full-time,Remote,United Kingdom,M,39618.88,82.7,52072.55
2023,Data Analyst,Data Analysis,USD,65000,65000,United States,Mid-level,Full-time,In-person,United States,M,59800.0,100.0,65000.0
2023,Data Manager,Leadership and Management,USD,160667,160667,United States,Senior,Full-time,In-person,United States,M,147813.64,100.0,160667.0
2023,MLOps Engineer,Machine Learning and AI,BRL,140400,27568,Brazil,Mid-level,Full-time,Remote,Brazil,L,25362.56,37.5,73514.67
2023,Data Engineer,Data Engineering,USD,304200,304200,United States,Senior,Full-time,In-person,United States,M,279864.0,100.0,304200.0
2023,Data Engineer,Data Engineering,USD,173800,173800,United States,Senior,Full-time,In-person,United States,M,159896.0,100.0,173800.0
2023,Data Science Lead,Data Science and Research,USD,191765,191765,United States,Mid-level,Full-time,In-person,United States,M,176423.8,100.0,191765.0
2023,Data Science Lead,Data Science and Research,USD,134326,134326,United States,Mid-level,Full-time,In-person,United States,M,123579.92,100.0,134326.0
2023,Analytics Engineer,Leadership and Management,USD,173000,173000,United States,Senior,Full-time,In-person,United States,M,159160.0,100.0,173000.0
2023,Machine Learning Engineer,Machine Learning and AI,USD,258384,258384,United States,Senior,Full-time,Remote,United States,M,237713.28,100.0,258384.0
2023,Machine Learning Engineer,Machine Learning and AI,USD,153100,153100,United States,Senior,Full-time,Remote,United States,M,140852.0,100.0,153100.0
2023,Data Scientist,Data Science and Research,USD,70000,70000,United States,Mid-level,Full-time,In-person,United States,M,64400.0,100.0,70000.0
2023,Data Analyst,Data Analysis,USD,146200,146200,United States,Senior,Full-time,In-person,United States,M,134504.0,100.0,146200.0
2023,Data Analyst,Data Analysis,USD,116960,116960,United States,Senior,Full-time,In-person,United States,M,107603.2,100.0,116960.0
2023,Data Engineer,Data Engineering,USD,370000,370000,United States,Senior,Full-time,In-person,United States,M,340400.0,100.0,370000.0
2023,Data Specialist,Data Management and Strategy,USD,111600,111600,United States,Senior,Full-time,In-person,United States,M,102672.0,100.0,111600.0
2023,Data Specialist,Data Management and Strategy,USD,72000,72000,United States,Senior,Full-time,In-person,United States,M,66240.0,100.0,72000.0
2023,Data Scientist,Data Science and Research,USD,359170,359170,United States,Senior,Full-time,In-person,United States,M,330436.4,100.0,359170.0
2023,Data Scientist,Data Science and Research,USD,295490,295490,United States,Senior,Full-time,In-person,United States,M,271850.8,100.0,295490.0
2023,Data Engineer,Data Engineering,USD,90000,90000,United States,Entry-level,Full-time,Hybrid,Canada,L,82800.0,79.3,113493.06
2023,Analytics Engineer,Leadership and Management,USD,90000,90000,United States,Mid-level,Full-time,Remote,United States,M,82800.0,100.0,90000.0
2023,Analytics Engineer,Leadership and Management,USD,84000,84000,United States,Mid-level,Full-time,Remote,United States,M,77280.0,100.0,84000.0
2023,Data Engineer,Data Engineering,USD,110000,110000,France,Mid-level,Full-time,Remote,France,M,101200.0,79.8,137844.61
2023,Data Engineer,Data Engineering,USD,90000,90000,France,Mid-level,Full-time,Remote,France,M,82800.0,79.8,112781.95
2023,Data Engineer,Data Engineering,USD,70000,70000,United States,Mid-level,Full-time,In-person,United States,M,64400.0,100.0,70000.0
2023,Data Scientist,Data Science and Research,USD,253000,253000,United States,Senior,Full-time,Remote,United States,M,232760.0,100.0,253000.0
2023,Data Integration Specialist,Data Management and Strategy,USD,115000,115000,Canada,Entry-level,Full-time,In-person,Canada,M,105800.0,79.3,145018.92
2023,Data Integration Specialist,Data Management and Strategy,USD,85000,85000,Canada,Entry-level,Full-time,In-person,Canada,M,78200.0,79.3,107187.89
2023,Data Science Consultant,Data Science and Research,USD,145900,145900,United States,Senior,Full-time,In-person,United States,M,134228.0,100.0,145900.0
2023,Business Intelligence Analyst,BI and Visualization,USD,127000,127000,United States,Senior,Full-time,Remote,United States,M,116840.0,100.0,127000.0
2023,Business Intelligence Analyst,BI and Visualization,USD,95000,95000,United States,Senior,Full-time,Remote,United States,M,87400.0,100.0,95000.0
2023,Data Analyst,Data Analysis,USD,94600,94600,United States,Entry-level,Full-time,In-person,United States,M,87032.0,100.0,94600.0
2023,Data Analyst,Data Analysis,USD,86000,86000,United States,Entry-level,Full-time,In-person,United States,M,79120.0,100.0,86000.0
2023,Data Engineer,Data Engineering,USD,72000,72000,Brazil,Senior,Full-time,Remote,Brazil,M,66240.0,37.5,192000.0
2023,Data Engineer,Data Engineering,USD,60000,60000,Brazil,Senior,Full-time,Remote,Brazil,M,55200.0,37.5,160000.0
2023,Data Scientist,Data Science and Research,USD,104000,104000,United States,Senior,Full-time,In-person,United States,M,95680.0,100.0,104000.0
2023,Data Engineer,Data Engineering,USD,173650,173650,United States,Senior,Full-time,In-person,United States,M,159758.0,100.0,173650.0
2023,Data Engineer,Data Engineering,USD,113900,113900,United States,Senior,Full-time,In-person,United States,M,104788.0,100.0,113900.0
2023,Data Scientist,Data Science and Research,USD,126000,126000,United States,Senior,Full-time,Remote,United States,M,115920.0,100.0,126000.0
2023,Data Management Specialist,Data Management and Strategy,USD,139500,139500,United States,Senior,Full-time,In-person,United States,M,128340.0,100.0,139500.0
2023,Data Management Specialist,Data Management and Strategy,USD,110000,110000,United States,Senior,Full-time,In-person,United States,M,101200.0,100.0,110000.0
2023,Data Scientist,Data Science and Research,USD,248100,248100,United States,Senior,Full-time,In-person,United States,M,228252.0,100.0,248100.0
2023,Data Scientist,Data Science and Research,USD,145900,145900,United States,Senior,Full-time,In-person,United States,M,134228.0,100.0,145900.0
2023,Business Intelligence Engineer,BI and Visualization,USD,220000,220000,United States,Senior,Full-time,In-person,United States,M,202400.0,100.0,220000.0
2023,Business Intelligence Engineer,BI and Visualization,USD,175000,175000,United States,Senior,Full-time,In-person,United States,M,161000.0,100.0,175000.0
2023,Data Scientist,Data Science and Research,USD,175000,175000,United States,Senior,Full-time,In-person,United States,M,161000.0,100.0,175000.0
2023,Data Engineer,Data Engineering,USD,108000,108000,United States,Senior,Full-time,Remote,United States,M,99360.0,100.0,108000.0
2023,Head of Data,Leadership and Management,USD,115000,115000,Brazil,Executive,Full-time,Remote,Brazil,M,105800.0,37.5,306666.67
2023,Head of Data,Leadership and Management,USD,110000,110000,Brazil,Executive,Full-time,Remote,Brazil,M,101200.0,37.5,293333.33
2023,Decision Scientist,Data Science and Research,USD,182500,182500,United States,Senior,Full-time,Remote,United States,M,167900.0,100.0,182500.0
2023,Decision Scientist,Data Science and Research,USD,135000,135000,United States,Senior,Full-time,Remote,United States,M,124200.0,100.0,135000.0
2023,Business Data Analyst,Data Analysis,USD,35000,35000,Philippines,Mid-level,Contract,Remote,United States,M,32200.0,100.0,35000.0
2023,Data Engineer,Data Engineering,USD,146000,146000,United States,Executive,Full-time,In-person,United States,M,134320.0,100.0,146000.0
2023,Data Engineer,Data Engineering,USD,94000,94000,United States,Executive,Full-time,In-person,United States,M,86480.0,100.0,94000.0
2023,AI Engineer,Machine Learning and AI,USD,300000,300000,Qatar,Mid-level,Full-time,Remote,Qatar,M,276000.0,65.3,459418.07
2023,Data Strategist,Data Architecture and Modeling,USD,91000,91000,United States,Senior,Full-time,In-person,United States,M,83720.0,100.0,91000.0
2023,Data Strategist,Data Architecture and Modeling,USD,86000,86000,United States,Senior,Full-time,In-person,United States,M,79120.0,100.0,86000.0
2023,Data Scientist,Data Science and Research,USD,205500,205500,United States,Senior,Full-time,In-person,United States,M,189060.0,100.0,205500.0
2023,Data Scientist,Data Science and Research,USD,132500,132500,United States,Senior,Full-time,In-person,United States,M,121900.0,100.0,132500.0
2023,Business Data Analyst,Data Analysis,USD,180000,180000,United States,Senior,Full-time,Remote,United States,L,165600.0,100.0,180000.0
2023,Analytics Engineer,Leadership and Management,USD,97750,97750,United States,Senior,Full-time,In-person,United States,M,89930.0,100.0,97750.0
2023,Analytics Engineer,Leadership and Management,USD,75000,75000,United States,Senior,Full-time,In-person,United States,M,69000.0,100.0,75000.0
2023,Research Scientist,Data Science and Research,USD,252990,252990,United States,Entry-level,Full-time,Remote,United States,M,232750.8,100.0,252990.0
2023,Research Scientist,Data Science and Research,USD,162170,162170,United States,Entry-level,Full-time,Remote,United States,M,149196.4,100.0,162170.0
2023,Applied Scientist,Data Science and Research,USD,216000,216000,United States,Senior,Full-time,In-person,United States,M,198720.0,100.0,216000.0
2023,Applied Scientist,Data Science and Research,USD,184000,184000,United States,Senior,Full-time,In-person,United States,M,169280.0,100.0,184000.0
2023,Data Engineer,Data Engineering,USD,120000,120000,United States,Senior,Full-time,Remote,United States,M,110400.0,100.0,120000.0
2023,Data Analyst,Data Analysis,USD,67500,67500,United States,Entry-level,Full-time,In-person,United States,M,62100.0,100.0,67500.0
2023,Data Engineer,Data Engineering,GBP,70000,86128,Canada,Mid-level,Full-time,Remote,Canada,M,79237.76,79.3,108610.34
2023,Data Engineer,Data Engineering,GBP,50000,61520,Canada,Mid-level,Full-time,Remote,Canada,M,56598.4,79.3,77578.81
2023,Data Scientist,Data Science and Research,USD,140000,140000,United States,Mid-level,Full-time,Remote,United States,M,128800.0,100.0,140000.0
2023,Data Scientist,Data Science and Research,USD,265000,265000,United States,Senior,Full-time,Remote,United States,M,243800.0,100.0,265000.0
2023,Data Scientist,Data Science and Research,USD,153000,153000,United States,Senior,Full-time,Remote,United States,M,140760.0,100.0,153000.0
2023,Data Analyst,Data Analysis,USD,143000,143000,United States,Senior,Full-time,Remote,United States,M,131560.0,100.0,143000.0
2023,Data Analyst,Data Analysis,USD,126277,126277,United States,Senior,Full-time,Remote,United States,M,116174.84,100.0,126277.0
2023,Data Engineer,Data Engineering,USD,224500,224500,United States,Senior,Full-time,In-person,United States,M,206540.0,100.0,224500.0
2023,Data Engineer,Data Engineering,USD,126900,126900,United States,Senior,Full-time,In-person,United States,M,116748.0,100.0,126900.0
2023,Applied Scientist,Data Science and Research,USD,227700,227700,United States,Senior,Full-time,Remote,United States,M,209484.0,100.0,227700.0
2023,Applied Scientist,Data Science and Research,USD,154836,154836,United States,Senior,Full-time,Remote,United States,M,142449.12,100.0,154836.0
2023,Data Analyst,Data Analysis,USD,126000,126000,United States,Senior,Full-time,In-person,United States,M,115920.0,100.0,126000.0
2023,Machine Learning Engineer,Machine Learning and AI,USD,165000,165000,United States,Senior,Full-time,In-person,United States,M,151800.0,100.0,165000.0
2023,Analytics Engineer,Leadership and Management,USD,209000,209000,United States,Senior,Full-time,In-person,United States,M,192280.0,100.0,209000.0
2023,Analytics Engineer,Leadership and Management,USD,112500,112500,United States,Senior,Full-time,In-person,United States,M,103500.0,100.0,112500.0
2023,Data Architect,Data Architecture and Modeling,USD,110000,110000,United States,Mid-level,Full-time,Remote,United States,M,101200.0,100.0,110000.0
2023,Data Scientist,Data Science and Research,USD,370000,370000,United States,Senior,Full-time,In-person,United States,M,340400.0,100.0,370000.0
2023,Data Analyst,Data Analysis,USD,136000,136000,United States,Senior,Full-time,Remote,United States,M,125120.0,100.0,136000.0
2023,Data Analyst,Data Analysis,USD,104000,104000,United States,Senior,Full-time,Remote,United States,M,95680.0,100.0,104000.0
2023,Applied Scientist,Data Science and Research,USD,214000,214000,United States,Senior,Full-time,In-person,United States,M,196880.0,100.0,214000.0
2023,Applied Scientist,Data Science and Research,USD,154000,154000,United States,Senior,Full-time,In-person,United States,M,141680.0,100.0,154000.0
2023,Data Scientist,Data Science and Research,USD,205000,205000,United States,Senior,Full-time,Remote,United States,M,188600.0,100.0,205000.0
2023,Data Scientist,Data Science and Research,USD,157500,157500,United States,Senior,Full-time,Remote,United States,M,144900.0,100.0,157500.0
2023,Data Engineer,Data Engineering,USD,178000,178000,United States,Senior,Full-time,In-person,United States,M,163760.0,100.0,178000.0
2023,Data Engineer,Data Engineering,USD,109283,109283,United States,Senior,Full-time,In-person,United States,M,100540.36,100.0,109283.0
2023,Research Scientist,Data Science and Research,USD,189000,189000,United States,Senior,Full-time,In-person,United States,M,173880.0,100.0,189000.0
2023,Research Scientist,Data Science and Research,USD,137000,137000,United States,Senior,Full-time,In-person,United States,M,126040.0,100.0,137000.0
2023,Data Analyst,Data Analysis,USD,120000,120000,United States,Mid-level,Full-time,Remote,United States,M,110400.0,100.0,120000.0
2023,Data Scientist,Data Science and Research,USD,170500,170500,Canada,Senior,Full-time,Remote,Canada,M,156860.0,79.3,215006.31
2023,Data Scientist,Data Science and Research,USD,118575,118575,Canada,Senior,Full-time,Remote,Canada,M,109089.0,79.3,149527.11
2022,Applied Machine Learning Scientist,Machine Learning and AI,EUR,93000,97712,Italy,Mid-level,Contract,Remote,Netherlands,L,89895.04,82.6,118295.4
2023,AI Research Engineer,Data Science and Research,EUR,23100,24940,Portugal,Entry-level,Full-time,Remote,Portugal,M,22944.8,62.4,39967.95
2023,Data Analyst,Data Analysis,USD,154500,154500,United States,Senior,Full-time,Remote,United States,M,142140.0,100.0,154500.0
2023,Data Analyst,Data Analysis,USD,131325,131325,United States,Senior,Full-time,Remote,United States,M,120819.0,100.0,131325.0
2023,Business Intelligence Engineer,BI and Visualization,USD,140000,140000,United States,Senior,Full-time,In-person,United States,M,128800.0,100.0,140000.0
2023,Business Intelligence Engineer,BI and Visualization,USD,100000,100000,United States,Senior,Full-time,In-person,United States,M,92000.0,100.0,100000.0
2023,Data Analyst,Data Analysis,USD,138240,138240,United States,Senior,Full-time,Remote,United States,M,127180.8,100.0,138240.0
2023,Data Scientist,Data Science and Research,USD,207500,207500,United States,Senior,Full-time,Remote,United States,M,190900.0,100.0,207500.0
2023,Data Scientist,Data Science and Research,USD,172900,172900,United States,Senior,Full-time,Remote,United States,M,159068.0,100.0,172900.0
2023,Data Scientist,Data Science and Research,USD,254000,254000,United States,Senior,Full-time,In-person,United States,M,233680.0,100.0,254000.0
2023,Data Modeler,Data Architecture and Modeling,USD,147100,147100,United States,Senior,Full-time,In-person,United States,M,135332.0,100.0,147100.0
2023,Data Modeler,Data Architecture and Modeling,USD,90700,90700,United States,Senior,Full-time,In-person,United States,M,83444.0,100.0,90700.0
2023,Data Analyst,Data Analysis,USD,90000,90000,United States,Mid-level,Full-time,In-person,United States,M,82800.0,100.0,90000.0
2023,Data Engineer,Data Engineering,USD,168400,168400,United States,Senior,Full-time,In-person,United States,M,154928.0,100.0,168400.0
2023,Data Engineer,Data Engineering,USD,105200,105200,United States,Senior,Full-time,In-person,United States,M,96784.0,100.0,105200.0
2023,Research Engineer,Data Science and Research,USD,237000,237000,United States,Senior,Full-time,In-person,United States,M,218040.0,100.0,237000.0
2023,Research Engineer,Data Science and Research,USD,170112,170112,United States,Senior,Full-time,In-person,United States,M,156503.04,100.0,170112.0
2023,Data Scientist,Data Science and Research,EUR,24000,25912,Italy,Mid-level,Full-time,Remote,Italy,S,23839.04,68.4,37883.04
2023,Data Scientist,Data Science and Research,EUR,125000,134960,Netherlands,Senior,Full-time,Hybrid,Netherlands,M,124163.2,82.6,163389.83
2023,Business Intelligence Engineer,BI and Visualization,USD,155000,155000,United States,Senior,Full-time,Remote,United States,M,142600.0,100.0,155000.0
2023,Business Intelligence Engineer,BI and Visualization,USD,130000,130000,United States,Senior,Full-time,Remote,United States,M,119600.0,100.0,130000.0
2023,BI Developer,BI and Visualization,USD,105000,105000,United States,Senior,Full-time,In-person,United States,M,96600.0,100.0,105000.0
2023,BI Developer,BI and Visualization,USD,70000,70000,United States,Senior,Full-time,In-person,United States,M,64400.0,100.0,70000.0
2023,ML Engineer,Machine Learning and AI,USD,260000,260000,United States,Senior,Full-time,Remote,United States,M,239200.0,100.0,260000.0
2023,ML Engineer,Machine Learning and AI,USD,234000,234000,United States,Senior,Full-time,Remote,United States,M,215280.0,100.0,234000.0
2023,AI Architect,Machine Learning and AI,USD,330000,330000,United States,Senior,Full-time,In-person,United States,M,303600.0,100.0,330000.0
2023,AI Architect,Machine Learning and AI,USD,204000,204000,United States,Senior,Full-time,In-person,United States,M,187680.0,100.0,204000.0
2023,Data Scientist,Data Science and Research,USD,167310,167310,United States,Senior,Full-time,In-person,United States,M,153925.2,100.0,167310.0
2023,Data Engineer,Data Engineering,USD,121000,121000,United States,Senior,Full-time,Remote,United States,M,111320.0,100.0,121000.0
2023,Data Strategist,Data Architecture and Modeling,USD,175000,175000,United States,Senior,Full-time,Remote,United States,M,161000.0,100.0,175000.0
2023,Data Strategist,Data Architecture and Modeling,USD,125000,125000,United States,Senior,Full-time,Remote,United States,M,115000.0,100.0,125000.0
2023,Machine Learning Scientist,Machine Learning and AI,USD,325000,325000,United States,Senior,Full-time,Remote,United States,M,299000.0,100.0,325000.0
2023,Machine Learning Scientist,Machine Learning and AI,USD,171000,171000,United States,Senior,Full-time,Remote,United States,M,157320.0,100.0,171000.0
2023,Data Science Consultant,Data Science and Research,USD,180000,180000,United States,Senior,Full-time,In-person,United States,M,165600.0,100.0,180000.0
2023,Data Science Consultant,Data Science and Research,USD,137000,137000,United States,Senior,Full-time,In-person,United States,M,126040.0,100.0,137000.0
2023,Machine Learning Engineer,Machine Learning and AI,USD,155810,155810,United States,Mid-level,Full-time,In-person,United States,M,143345.2,100.0,155810.0
2023,Machine Learning Engineer,Machine Learning and AI,USD,106720,106720,United States,Mid-level,Full-time,In-person,United States,M,98182.4,100.0,106720.0
2023,Data Scientist,Data Science and Research,USD,160800,160800,United Kingdom,Entry-level,Full-time,In-person,United Kingdom,M,147936.0,82.7,194437.73
2023,Data Scientist,Data Science and Research,USD,132200,132200,United Kingdom,Entry-level,Full-time,In-person,United Kingdom,M,121624.0,82.7,159854.9
2023,Data Analyst,Data Analysis,USD,133000,133000,United States,Senior,Full-time,Remote,United States,M,122360.0,100.0,133000.0
2023,Data Analyst,Data Analysis,USD,113000,113000,United States,Senior,Full-time,Remote,United States,M,103960.0,100.0,113000.0
2023,Data Scientist,Data Science and Research,USD,208400,208400,United States,Senior,Full-time,Remote,United States,M,191728.0,100.0,208400.0
2023,Data Engineer,Data Engineering,USD,157550,157550,United States,Senior,Full-time,In-person,United States,M,144946.0,100.0,157550.0
2023,Data Engineer,Data Engineering,USD,104650,104650,United States,Senior,Full-time,In-person,United States,M,96278.0,100.0,104650.0
2023,Data Engineer,Data Engineering,USD,240500,240500,United States,Senior,Full-time,In-person,United States,L,221260.0,100.0,240500.0
2023,Data Engineer,Data Engineering,USD,123700,123700,United States,Senior,Full-time,In-person,United States,L,113804.0,100.0,123700.0
2023,Business Data Analyst,Data Analysis,USD,78000,78000,United States,Senior,Full-time,Remote,United States,L,71760.0,100.0,78000.0
2023,Data Engineer,Data Engineering,USD,121000,121000,United States,Mid-level,Full-time,In-person,United States,M,111320.0,100.0,121000.0
2023,Data Engineer,Data Engineering,USD,78000,78000,United States,Mid-level,Full-time,In-person,United States,M,71760.0,100.0,78000.0
2023,Data Scientist,Data Science and Research,USD,85600,85600,United States,Entry-level,Full-time,In-person,United States,M,78752.0,100.0,85600.0
2023,Data Scientist,Data Science and Research,USD,48915,48915,United States,Entry-level,Full-time,In-person,United States,M,45001.8,100.0,48915.0
2023,Data Analyst,Data Analysis,USD,68000,68000,United States,Mid-level,Full-time,In-person,United States,M,62560.0,100.0,68000.0
2023,Research Analyst,Data Science and Research,EUR,49500,53444,Spain,Senior,Full-time,Remote,Spain,M,49168.48,62.8,85101.91
2023,Research Analyst,Data Science and Research,EUR,41818,45150,Spain,Senior,Full-time,Remote,Spain,M,41538.0,62.8,71894.9
2023,Data Scientist,Data Science and Research,USD,275500,275500,United States,Senior,Full-time,In-person,United States,M,253460.0,100.0,275500.0
2023,Data Scientist,Data Science and Research,USD,206000,206000,United States,Senior,Full-time,In-person,United States,M,189520.0,100.0,206000.0
2023,Research Analyst,Data Science and Research,EUR,52200,56359,Italy,Senior,Full-time,Remote,Italy,M,51850.28,68.4,82396.2
2023,Research Analyst,Data Science and Research,EUR,44272,47799,Italy,Senior,Full-time,Remote,Italy,M,43975.08,68.4,69881.58
2023,Data Engineer,Data Engineering,USD,102000,102000,United States,Senior,Full-time,In-person,United States,M,93840.0,100.0,102000.0
2023,Data Scientist,Data Science and Research,USD,228000,228000,United States,Senior,Full-time,In-person,United States,M,209760.0,100.0,228000.0
2023,Data Analyst,Data Analysis,USD,180000,180000,United States,Senior,Full-time,Remote,United States,M,165600.0,100.0,180000.0
2023,Data Scientist,Data Science and Research,USD,175000,175000,United States,Senior,Full-time,Remote,United States,M,161000.0,100.0,175000.0
2022,Research Engineer,Data Science and Research,EUR,15662,16455,Russia,Entry-level,Full-time,Remote,Russia,M,15138.6,36.4,45206.04
2023,Data Analyst,Data Analysis,USD,207611,207611,United States,Senior,Full-time,Remote,United States,M,191002.12,100.0,207611.0
2023,Data Analyst,Data Analysis,USD,127876,127876,United States,Senior,Full-time,Remote,United States,M,117645.92,100.0,127876.0
2023,Data Analyst,Data Analysis,USD,111000,111000,United States,Entry-level,Full-time,In-person,United States,M,102120.0,100.0,111000.0
2023,Data Analyst,Data Analysis,USD,104000,104000,United States,Entry-level,Full-time,In-person,United States,M,95680.0,100.0,104000.0
2023,BI Developer,BI and Visualization,USD,128000,128000,United States,Mid-level,Full-time,In-person,United States,M,117760.0,100.0,128000.0
2023,BI Developer,BI and Visualization,USD,81500,81500,United States,Mid-level,Full-time,In-person,United States,M,74980.0,100.0,81500.0
2023,Data Analyst,Data Analysis,GBP,50000,61520,United Kingdom,Entry-level,Full-time,In-person,United Kingdom,M,56598.4,82.7,74389.36
2023,Data Analyst,Data Analysis,GBP,35000,43064,United Kingdom,Entry-level,Full-time,In-person,United Kingdom,M,39618.88,82.7,52072.55
2023,Data Analyst,Data Analysis,USD,97750,97750,United States,Mid-level,Full-time,In-person,United States,M,89930.0,100.0,97750.0
2023,Data Analyst,Data Analysis,USD,192000,192000,Canada,Senior,Full-time,In-person,Canada,M,176640.0,79.3,242118.54
2023,Data Analyst,Data Analysis,USD,92000,92000,Canada,Senior,Full-time,In-person,Canada,M,84640.0,79.3,116015.13
2023,Data Engineer,Data Engineering,USD,195000,195000,United States,Senior,Full-time,In-person,United States,M,179400.0,100.0,195000.0
2023,Data Analyst,Data Analysis,USD,132600,132600,United States,Entry-level,Full-time,Remote,United States,M,121992.0,100.0,132600.0
2023,Data Analyst,Data Analysis,USD,81500,81500,United States,Entry-level,Full-time,Remote,United States,M,74980.0,100.0,81500.0
2023,Data Engineer,Data Engineering,USD,202400,202400,United States,Mid-level,Full-time,In-person,United States,M,186208.0,100.0,202400.0
2023,Data Engineer,Data Engineering,USD,147200,147200,United States,Mid-level,Full-time,In-person,United States,M,135424.0,100.0,147200.0
2023,Data Scientist,Data Science and Research,USD,239000,239000,United States,Senior,Full-time,In-person,United States,M,219880.0,100.0,239000.0
2023,Data Analyst,Data Analysis,USD,54000,54000,United States,Mid-level,Full-time,Remote,United States,M,49680.0,100.0,54000.0
2023,Data Analyst,Data Analysis,USD,36000,36000,United States,Mid-level,Full-time,Remote,United States,M,33120.0,100.0,36000.0
2023,Data Scientist,Data Science and Research,USD,176000,176000,United States,Senior,Full-time,Remote,United States,M,161920.0,100.0,176000.0
2023,Data Scientist,Data Science and Research,USD,118720,118720,United States,Senior,Full-time,Remote,United States,M,109222.4,100.0,118720.0
2023,Data Engineer,Data Engineering,USD,95000,95000,United States,Mid-level,Full-time,Remote,United States,M,87400.0,100.0,95000.0
2023,Research Engineer,Data Science and Research,USD,240000,240000,United States,Senior,Full-time,In-person,United States,M,220800.0,100.0,240000.0
2023,Research Engineer,Data Science and Research,USD,157000,157000,United States,Senior,Full-time,In-person,United States,M,144440.0,100.0,157000.0
2023,Data Engineer,Data Engineering,USD,165000,165000,United States,Mid-level,Full-time,Remote,United States,M,151800.0,100.0,165000.0
2023,Data Engineer,Data Engineering,USD,136000,136000,United States,Mid-level,Full-time,Remote,United States,M,125120.0,100.0,136000.0
2023,Data Scientist,Data Science and Research,USD,272300,272300,United States,Senior,Full-time,In-person,United States,M,250516.0,100.0,272300.0
2023,Data Scientist,Data Science and Research,USD,222800,222800,United States,Senior,Full-time,In-person,United States,M,204976.0,100.0,222800.0
2023,Data Manager,Leadership and Management,USD,172750,172750,United States,Senior,Full-time,Remote,United States,M,158930.0,100.0,172750.0
2023,Data Manager,Leadership and Management,USD,82500,82500,United States,Senior,Full-time,Remote,United States,M,75900.0,100.0,82500.0
2023,Data Scientist,Data Science and Research,USD,281000,281000,Canada,Senior,Full-time,In-person,Canada,M,258520.0,79.3,354350.57
2023,Data Scientist,Data Science and Research,USD,181000,181000,Canada,Senior,Full-time,In-person,Canada,M,166520.0,79.3,228247.16
2023,Analytics Engineer,Leadership and Management,USD,207611,207611,United States,Senior,Full-time,Remote,United States,M,191002.12,100.0,207611.0
2023,Analytics Engineer,Leadership and Management,USD,127876,127876,United States,Senior,Full-time,Remote,United States,M,117645.92,100.0,127876.0
2023,Research Engineer,Data Science and Research,USD,225000,225000,United States,Senior,Full-time,In-person,United States,M,207000.0,100.0,225000.0
2023,Research Engineer,Data Science and Research,USD,168000,168000,United States,Senior,Full-time,In-person,United States,M,154560.0,100.0,168000.0
2023,Data Engineer,Data Engineering,USD,280600,280600,United States,Senior,Full-time,In-person,United States,M,258152.0,100.0,280600.0
2023,Data Engineer,Data Engineering,USD,158600,158600,United States,Senior,Full-time,In-person,United States,M,145912.0,100.0,158600.0
2023,Machine Learning Engineer,Machine Learning and AI,USD,283780,283780,United States,Senior,Full-time,In-person,United States,M,261077.6,100.0,283780.0
2023,Machine Learning Engineer,Machine Learning and AI,USD,218540,218540,United States,Senior,Full-time,In-person,United States,M,201056.8,100.0,218540.0
2023,Data Engineer,Data Engineering,USD,178500,178500,United States,Senior,Full-time,In-person,United States,M,164220.0,100.0,178500.0
2023,Data Scientist,Data Science and Research,USD,323300,323300,United States,Senior,Full-time,In-person,United States,M,297436.0,100.0,323300.0
2023,Data Scientist,Data Science and Research,USD,184700,184700,United States,Senior,Full-time,In-person,United States,M,169924.0,100.0,184700.0
2023,Data Analytics Lead,Leadership and Management,GBP,100000,123040,United Kingdom,Mid-level,Full-time,In-person,United Kingdom,M,113196.8,82.7,148778.72
2023,Data Analytics Lead,Leadership and Management,GBP,85000,104584,United Kingdom,Mid-level,Full-time,In-person,United Kingdom,M,96217.28,82.7,126461.91
2023,Research Scientist,Data Science and Research,USD,185000,185000,United States,Mid-level,Full-time,Remote,United States,M,170200.0,100.0,185000.0
2023,Research Scientist,Data Science and Research,USD,137700,137700,United States,Mid-level,Full-time,Remote,United States,M,126684.0,100.0,137700.0
2023,Research Scientist,Data Science and Research,USD,205500,205500,United States,Senior,Full-time,In-person,United States,M,189060.0,100.0,205500.0
2023,Research Scientist,Data Science and Research,USD,132500,132500,United States,Senior,Full-time,In-person,United States,M,121900.0,100.0,132500.0
2023,Data Operations Analyst,Data Quality and Operations,USD,65100,65100,United States,Mid-level,Full-time,Remote,United States,M,59892.0,100.0,65100.0
2023,Data Operations Analyst,Data Quality and Operations,USD,44640,44640,United States,Mid-level,Full-time,Remote,United States,M,41068.8,100.0,44640.0
2023,Data Analyst,Data Analysis,USD,161000,161000,United States,Mid-level,Full-time,Remote,United States,M,148120.0,100.0,161000.0
2023,Data Analyst,Data Analysis,USD,123000,123000,United States,Mid-level,Full-time,Remote,United States,M,113160.0,100.0,123000.0
2023,Data Engineer,Data Engineering,USD,200000,200000,Canada,Senior,Full-time,Remote,Canada,M,184000.0,79.3,252206.81
2023,Data Scientist,Data Science and Research,USD,278700,278700,United States,Senior,Full-time,In-person,United States,M,256404.0,100.0,278700.0
2023,Data Scientist,Data Science and Research,USD,159300,159300,United States,Senior,Full-time,In-person,United States,M,146556.0,100.0,159300.0
2023,Data Operations Engineer,Data Quality and Operations,USD,125000,125000,United States,Senior,Full-time,In-person,United States,M,115000.0,100.0,125000.0
2023,Data Operations Engineer,Data Quality and Operations,USD,65000,65000,United States,Senior,Full-time,In-person,United States,M,59800.0,100.0,65000.0
2023,Data Scientist,Data Science and Research,USD,230000,230000,United States,Mid-level,Full-time,In-person,United States,M,211600.0,100.0,230000.0
2023,Data Scientist,Data Science and Research,USD,175000,175000,United States,Mid-level,Full-time,In-person,United States,M,161000.0,100.0,175000.0
2023,Applied Scientist,Data Science and Research,USD,252990,252990,United States,Senior,Full-time,Remote,United States,M,232750.8,100.0,252990.0
2023,Applied Scientist,Data Science and Research,USD,162170,162170,United States,Senior,Full-time,Remote,United States,M,149196.4,100.0,162170.0
2023,Data Engineer,Data Engineering,USD,183000,183000,Canada,Mid-level,Full-time,Remote,Canada,M,168360.0,79.3,230769.23
2023,Data Engineer,Data Engineering,USD,122000,122000,Canada,Mid-level,Full-time,Remote,Canada,M,112240.0,79.3,153846.15
2023,Data Scientist,Data Science and Research,USD,310270,310270,United States,Senior,Full-time,In-person,United States,M,285448.4,100.0,310270.0
2023,Data Scientist,Data Science and Research,USD,239080,239080,United States,Senior,Full-time,In-person,United States,M,219953.6,100.0,239080.0
2023,Data Analyst,Data Analysis,USD,70000,70000,United States,Senior,Full-time,Remote,United States,M,64400.0,100.0,70000.0
2023,Data Engineer,Data Engineering,USD,135000,135000,United States,Mid-level,Full-time,Remote,United States,M,124200.0,100.0,135000.0
2023,Data Engineer,Data Engineering,USD,125000,125000,United States,Mid-level,Full-time,Remote,United States,M,115000.0,100.0,125000.0
2023,Applied Scientist,Data Science and Research,USD,253000,253000,United States,Senior,Full-time,Remote,United States,M,232760.0,100.0,253000.0
2023,Applied Scientist,Data Science and Research,USD,172040,172040,United States,Senior,Full-time,Remote,United States,M,158276.8,100.0,172040.0
2023,Data Engineer,Data Engineering,USD,135000,135000,United States,Mid-level,Full-time,In-person,United States,M,124200.0,100.0,135000.0
2023,Data Engineer,Data Engineering,USD,108000,108000,United States,Mid-level,Full-time,In-person,United States,M,99360.0,100.0,108000.0
2023,Machine Learning Manager,Machine Learning and AI,EUR,120000,129562,Germany,Senior,Full-time,Remote,United States,L,119197.04,100.0,129562.0
2023,BI Data Analyst,Data Analysis,USD,50000,50000,Kenya,Entry-level,Full-time,Remote,Kenya,S,46000.0,29.5,169491.53
2023,AI Engineer,Machine Learning and AI,USD,227850,227850,United States,Senior,Full-time,Remote,United States,M,209622.0,100.0,227850.0
2023,AI Engineer,Machine Learning and AI,USD,180500,180500,United States,Senior,Full-time,Remote,United States,M,166060.0,100.0,180500.0
2023,Data Engineer,Data Engineering,USD,199000,199000,United States,Senior,Full-time,Remote,United States,M,183080.0,100.0,199000.0
2023,Data Engineer,Data Engineering,USD,159000,159000,United States,Senior,Full-time,Remote,United States,M,146280.0,100.0,159000.0
2023,Data Lead,Leadership and Management,USD,350000,350000,United States,Senior,Full-time,In-person,United States,M,322000.0,100.0,350000.0
2023,Data Lead,Leadership and Management,USD,80000,80000,United States,Senior,Full-time,In-person,United States,M,73600.0,100.0,80000.0
2023,Machine Learning Engineer,Machine Learning and AI,USD,240000,240000,United Kingdom,Senior,Full-time,In-person,United Kingdom,M,220800.0,82.7,290205.56
2023,Machine Learning Engineer,Machine Learning and AI,USD,160000,160000,United Kingdom,Senior,Full-time,In-person,United Kingdom,M,147200.0,82.7,193470.37
2023,Data Analyst,Data Analysis,USD,107500,107500,United States,Mid-level,Full-time,In-person,United States,M,98900.0,100.0,107500.0
2023,Data Analyst,Data Analysis,USD,96750,96750,United States,Mid-level,Full-time,In-person,United States,M,89010.0,100.0,96750.0
2023,Machine Learning Engineer,Machine Learning and AI,USD,174000,174000,United States,Senior,Full-time,In-person,United States,M,160080.0,100.0,174000.0
2023,Machine Learning Engineer,Machine Learning and AI,USD,104000,104000,United States,Senior,Full-time,In-person,United States,M,95680.0,100.0,104000.0
2023,ML Engineer,Machine Learning and AI,USD,275300,275300,United States,Senior,Full-time,Remote,United States,M,253276.0,100.0,275300.0
2023,ML Engineer,Machine Learning and AI,USD,183500,183500,United States,Senior,Full-time,Remote,United States,M,168820.0,100.0,183500.0
2023,Data Scientist,Data Science and Research,USD,250000,250000,United States,Senior,Full-time,In-person,United States,M,230000.0,100.0,250000.0
2023,Data Engineer,Data Engineering,USD,174350,174350,United States,Senior,Full-time,In-person,United States,M,160402.0,100.0,174350.0
2023,Data Engineer,Data Engineering,USD,126800,126800,United States,Senior,Full-time,In-person,United States,M,116656.0,100.0,126800.0
2023,Machine Learning Engineer,Machine Learning and AI,USD,284050,284050,United States,Senior,Full-time,In-person,United States,M,261326.0,100.0,284050.0
2023,Machine Learning Engineer,Machine Learning and AI,USD,193800,193800,United States,Senior,Full-time,In-person,United States,M,178296.0,100.0,193800.0
2023,Data Engineer,Data Engineering,USD,232989,232989,United States,Senior,Full-time,Remote,United States,M,214349.88,100.0,232989.0
2023,BI Data Analyst,Data Analysis,USD,85000,85000,Canada,Entry-level,Full-time,Remote,United States,M,78200.0,100.0,85000.0
2023,Data Analyst,Data Analysis,USD,204500,204500,United States,Senior,Full-time,In-person,United States,M,188140.0,100.0,204500.0
2023,Data Analyst,Data Analysis,USD,138900,138900,United States,Senior,Full-time,In-person,United States,M,127788.0,100.0,138900.0
2023,Data Modeler,Data Architecture and Modeling,USD,168400,168400,United States,Senior,Full-time,In-person,United States,M,154928.0,100.0,168400.0
2023,Data Modeler,Data Architecture and Modeling,USD,105200,105200,United States,Senior,Full-time,In-person,United States,M,96784.0,100.0,105200.0
2023,Data Scientist,Data Science and Research,USD,147100,147100,United States,Senior,Full-time,In-person,United States,M,135332.0,100.0,147100.0
2023,Analytics Engineer,Leadership and Management,USD,150550,150550,United States,Senior,Full-time,Remote,United States,M,138506.0,100.0,150550.0
2023,Analytics Engineer,Leadership and Management,USD,116710,116710,United States,Senior,Full-time,Remote,United States,M,107373.2,100.0,116710.0
2023,Data Visualization Engineer,BI and Visualization,USD,147100,147100,United States,Senior,Full-time,In-person,United States,M,135332.0,100.0,147100.0
2023,Data Visualization Engineer,BI and Visualization,USD,90700,90700,United States,Senior,Full-time,In-person,United States,M,83444.0,100.0,90700.0
2023,Research Scientist,Data Science and Research,USD,120000,120000,United States,Senior,Full-time,In-person,United States,M,110400.0,100.0,120000.0
2023,Data Architect,Data Architecture and Modeling,USD,147100,147100,United States,Senior,Full-time,In-person,United States,M,135332.0,100.0,147100.0
2023,Data Architect,Data Architecture and Modeling,USD,90700,90700,United States,Senior,Full-time,In-person,United States,M,83444.0,100.0,90700.0
2023,Analytics Engineer,Leadership and Management,USD,125000,125000,United States,Senior,Full-time,Remote,United States,M,115000.0,100.0,125000.0
2023,Analytics Engineer,Leadership and Management,USD,100000,100000,United States,Senior,Full-time,Remote,United States,M,92000.0,100.0,100000.0
2023,Research Scientist,Data Science and Research,USD,198800,198800,United States,Senior,Full-time,In-person,United States,M,182896.0,100.0,198800.0
2023,Research Scientist,Data Science and Research,USD,105200,105200,United States,Senior,Full-time,In-person,United States,M,96784.0,100.0,105200.0
2023,Data Engineer,Data Engineering,USD,150600,150600,United Kingdom,Senior,Full-time,Remote,United Kingdom,M,138552.0,82.7,182103.99
2023,Data Engineer,Data Engineering,USD,120500,120500,United Kingdom,Senior,Full-time,Remote,United Kingdom,M,110860.0,82.7,145707.38
2023,Data Engineer,Data Engineering,USD,183000,183000,United States,Senior,Full-time,In-person,United States,M,168360.0,100.0,183000.0
2023,Business Intelligence Developer,BI and Visualization,USD,167500,167500,United States,Executive,Full-time,In-person,United States,M,154100.0,100.0,167500.0
2023,Business Intelligence Developer,BI and Visualization,USD,106500,106500,United States,Executive,Full-time,In-person,United States,M,97980.0,100.0,106500.0
2023,Machine Learning Engineer,Machine Learning and AI,USD,239000,239000,Canada,Senior,Full-time,Remote,Canada,M,219880.0,79.3,301387.14
2023,Machine Learning Engineer,Machine Learning and AI,USD,149000,149000,Canada,Senior,Full-time,Remote,Canada,M,137080.0,79.3,187894.07
2023,Data Scientist,Data Science and Research,USD,122000,122000,United States,Senior,Full-time,In-person,United States,M,112240.0,100.0,122000.0
2023,Data Engineer,Data Engineering,USD,181500,181500,United States,Mid-level,Full-time,In-person,United States,M,166980.0,100.0,181500.0
2023,Data Engineer,Data Engineering,USD,127000,127000,United States,Mid-level,Full-time,In-person,United States,M,116840.0,100.0,127000.0
2023,Data Specialist,Data Management and Strategy,USD,186000,186000,United States,Mid-level,Full-time,In-person,United States,M,171120.0,100.0,186000.0
2023,Data Specialist,Data Management and Strategy,USD,138000,138000,United States,Mid-level,Full-time,In-person,United States,M,126960.0,100.0,138000.0
2023,Data Scientist,Data Science and Research,USD,185000,185000,United States,Mid-level,Full-time,In-person,United States,M,170200.0,100.0,185000.0
2023,Data Scientist,Data Science and Research,USD,122000,122000,United States,Mid-level,Full-time,In-person,United States,M,112240.0,100.0,122000.0
2023,Business Intelligence Analyst,BI and Visualization,USD,140000,140000,Canada,Senior,Full-time,In-person,Canada,M,128800.0,79.3,176544.77
2023,Business Intelligence Analyst,BI and Visualization,USD,112000,112000,Canada,Senior,Full-time,In-person,Canada,M,103040.0,79.3,141235.81
2023,Lead Data Scientist,Data Science and Research,USD,36000,36000,Russia,Senior,Full-time,Remote,Russia,L,33120.0,36.4,98901.1
2023,Data Engineer,Data Engineering,USD,91270,91270,United States,Senior,Full-time,In-person,United States,M,83968.4,100.0,91270.0
2023,Data Architect,Data Architecture and Modeling,USD,180000,180000,United States,Senior,Full-time,In-person,United States,M,165600.0,100.0,180000.0
2023,Data Architect,Data Architecture and Modeling,USD,165000,165000,United States,Senior,Full-time,In-person,United States,M,151800.0,100.0,165000.0
2023,Director of Data Science,Data Science and Research,USD,247000,247000,United States,Executive,Full-time,Remote,United States,M,227240.0,100.0,247000.0
2023,Director of Data Science,Data Science and Research,USD,118440,118440,United States,Executive,Full-time,Remote,United States,M,108964.8,100.0,118440.0
2023,Data Scientist,Data Science and Research,USD,138900,138900,United States,Mid-level,Full-time,In-person,United States,M,127788.0,100.0,138900.0
2023,ML Engineer,Machine Learning and AI,USD,297300,297300,United States,Senior,Full-time,Remote,United States,M,273516.0,100.0,297300.0
2023,ML Engineer,Machine Learning and AI,USD,198200,198200,United States,Senior,Full-time,Remote,United States,M,182344.0,100.0,198200.0
2023,Data Scientist,Data Science and Research,GBP,90000,110736,United Kingdom,Mid-level,Full-time,Remote,United Kingdom,M,101877.12,82.7,133900.85
2023,Data Scientist,Data Science and Research,GBP,70000,86128,United Kingdom,Mid-level,Full-time,Remote,United Kingdom,M,79237.76,82.7,104145.1
2023,Business Intelligence Engineer,BI and Visualization,USD,204500,204500,United States,Senior,Full-time,Remote,United States,M,188140.0,100.0,204500.0
2023,Business Intelligence Engineer,BI and Visualization,USD,138900,138900,United States,Senior,Full-time,Remote,United States,M,127788.0,100.0,138900.0
2023,Data Specialist,Data Management and Strategy,USD,87500,87500,United States,Mid-level,Full-time,Remote,United States,M,80500.0,100.0,87500.0
2023,Data Specialist,Data Management and Strategy,USD,62500,62500,United States,Mid-level,Full-time,Remote,United States,M,57500.0,100.0,62500.0
2023,Data Scientist,Data Science and Research,USD,244000,244000,Canada,Senior,Full-time,In-person,Canada,M,224480.0,79.3,307692.31
2023,Data Scientist,Data Science and Research,USD,157000,157000,Canada,Senior,Full-time,In-person,Canada,M,144440.0,79.3,197982.35
2023,Research Scientist,Data Science and Research,USD,136000,136000,United States,Senior,Full-time,Remote,United States,M,125120.0,100.0,136000.0
2023,Research Scientist,Data Science and Research,USD,90600,90600,United States,Senior,Full-time,Remote,United States,M,83352.0,100.0,90600.0
2023,Data Engineer,Data Engineering,GBP,40000,49216,United Kingdom,Entry-level,Full-time,Remote,United Kingdom,M,45278.72,82.7,59511.49
2023,Data Engineer,Data Engineering,GBP,35000,43064,United Kingdom,Entry-level,Full-time,Remote,United Kingdom,M,39618.88,82.7,52072.55
2023,Principal Machine Learning Engineer,Machine Learning and AI,USD,160000,160000,India,Senior,Full-time,Remote,India,L,147200.0,24.1,663900.41
2023,Principal Data Engineer,Data Engineering,EUR,85000,91773,Spain,Senior,Full-time,Remote,Spain,M,84431.16,62.8,146135.35
2023,Machine Learning Engineer,Machine Learning and AI,USD,315300,315300,United States,Senior,Full-time,Remote,United States,M,290076.0,100.0,315300.0
2023,Machine Learning Engineer,Machine Learning and AI,USD,210200,210200,United States,Senior,Full-time,Remote,United States,M,193384.0,100.0,210200.0
2023,Data Analytics Manager,Leadership and Management,USD,177000,177000,United States,Mid-level,Full-time,In-person,United States,M,162840.0,100.0,177000.0
2023,Data Analytics Manager,Leadership and Management,USD,110000,110000,United States,Mid-level,Full-time,In-person,United States,M,101200.0,100.0,110000.0
2023,Data Analyst,Data Analysis,USD,65000,65000,United States,Mid-level,Full-time,Remote,United States,M,59800.0,100.0,65000.0
2023,Data Analyst,Data Analysis,USD,55000,55000,United States,Mid-level,Full-time,Remote,United States,M,50600.0,100.0,55000.0
2023,Data Scientist,Data Science and Research,USD,183200,183200,United States,Mid-level,Full-time,In-person,United States,M,168544.0,100.0,183200.0
2023,Data Scientist,Data Science and Research,USD,122200,122200,United States,Mid-level,Full-time,In-person,United States,M,112424.0,100.0,122200.0
2023,AI Research Engineer,Data Science and Research,USD,150000,150000,Tunisia,Mid-level,Full-time,Remote,United States,M,138000.0,100.0,150000.0
2023,Data Scientist,Data Science and Research,USD,131000,131000,United States,Senior,Full-time,Remote,United States,M,120520.0,100.0,131000.0
2023,Data Scientist,Data Science and Research,USD,101000,101000,United States,Senior,Full-time,Remote,United States,M,92920.0,100.0,101000.0
2023,Business Intelligence Analyst,BI and Visualization,USD,171050,171050,United States,Senior,Full-time,Remote,United States,M,157366.0,100.0,171050.0
2023,Business Intelligence Analyst,BI and Visualization,USD,124400,124400,United States,Senior,Full-time,Remote,United States,M,114448.0,100.0,124400.0
2023,Data Scientist,Data Science and Research,USD,187000,187000,United States,Senior,Full-time,Remote,United States,M,172040.0,100.0,187000.0
2023,Data Scientist,Data Science and Research,USD,128000,128000,United States,Senior,Full-time,Remote,United States,M,117760.0,100.0,128000.0
2023,Data Analyst,Data Analysis,USD,138000,138000,United States,Senior,Full-time,In-person,United States,M,126960.0,100.0,138000.0
2023,Data Analyst,Data Analysis,USD,92000,92000,United States,Senior,Full-time,In-person,United States,M,84640.0,100.0,92000.0
2023,Data Engineer,Data Engineering,USD,200000,200000,United States,Executive,Full-time,In-person,United States,M,184000.0,100.0,200000.0
2023,Data Architect,Data Architecture and Modeling,USD,138000,138000,United Kingdom,Senior,Full-time,Remote,United Kingdom,M,126960.0,82.7,166868.2
2023,Data Architect,Data Architecture and Modeling,USD,92000,92000,United Kingdom,Senior,Full-time,Remote,United Kingdom,M,84640.0,82.7,111245.47
2023,Data Scientist,Data Science and Research,USD,120000,120000,United States,Senior,Full-time,Remote,United States,M,110400.0,100.0,120000.0
2023,Business Intelligence Engineer,BI and Visualization,USD,241300,241300,United States,Senior,Full-time,In-person,United States,L,221996.0,100.0,241300.0
2023,Business Intelligence Engineer,BI and Visualization,USD,124100,124100,United States,Senior,Full-time,In-person,United States,L,114172.0,100.0,124100.0
2023,Data Science Manager,Data Science and Research,USD,185000,185000,United States,Senior,Full-time,Remote,United States,M,170200.0,100.0,185000.0
2023,Data Science Manager,Data Science and Research,USD,152000,152000,United States,Senior,Full-time,Remote,United States,M,139840.0,100.0,152000.0
2023,Data Engineer,Data Engineering,USD,288000,288000,United States,Senior,Full-time,Remote,United States,M,264960.0,100.0,288000.0
2023,Data Engineer,Data Engineering,EUR,100000,107968,Germany,Senior,Full-time,Remote,Germany,M,99330.56,78.5,137538.85
2023,Data Engineer,Data Engineering,EUR,83913,90599,Germany,Senior,Full-time,Remote,Germany,M,83351.08,78.5,115412.74
2023,Data Scientist,Data Science and Research,USD,189750,189750,United States,Senior,Full-time,In-person,United States,M,174570.0,100.0,189750.0
2023,Data Scientist,Data Science and Research,USD,145000,145000,United States,Senior,Full-time,In-person,United States,M,133400.0,100.0,145000.0
2023,Data Engineer,Data Engineering,USD,252000,252000,United States,Senior,Full-time,Remote,United States,M,231840.0,100.0,252000.0
2023,Data Scientist,Data Science and Research,CAD,111024,82254,Canada,Mid-level,Full-time,Remote,Canada,L,75673.68,79.3,103725.09
2023,Data Scientist,Data Science and Research,CAD,83280,61699,Canada,Mid-level,Full-time,Remote,Canada,L,56763.08,79.3,77804.54
2023,Business Intelligence Engineer,BI and Visualization,USD,247500,247500,United States,Executive,Full-time,In-person,United States,M,227700.0,100.0,247500.0
2023,Business Intelligence Engineer,BI and Visualization,USD,172200,172200,United States,Executive,Full-time,In-person,United States,M,158424.0,100.0,172200.0
2023,Business Intelligence Analyst,BI and Visualization,USD,87500,87500,United States,Mid-level,Full-time,Remote,United States,M,80500.0,100.0,87500.0
2023,Business Intelligence Analyst,BI and Visualization,USD,62500,62500,United States,Mid-level,Full-time,Remote,United States,M,57500.0,100.0,62500.0
2023,Analytics Engineer,Leadership and Management,USD,146000,146000,Canada,Senior,Full-time,Remote,Canada,M,134320.0,79.3,184110.97
2023,Analytics Engineer,Leadership and Management,USD,108000,108000,Canada,Senior,Full-time,Remote,Canada,M,99360.0,79.3,136191.68
2023,Research Engineer,Data Science and Research,USD,273000,273000,United States,Senior,Full-time,In-person,United States,M,251160.0,100.0,273000.0
2023,Research Engineer,Data Science and Research,USD,166500,166500,United States,Senior,Full-time,In-person,United States,M,153180.0,100.0,166500.0
2023,Research Analyst,Data Science and Research,USD,65000,65000,United States,Entry-level,Full-time,In-person,United States,M,59800.0,100.0,65000.0
2023,Research Analyst,Data Science and Research,USD,45000,45000,United States,Entry-level,Full-time,In-person,United States,M,41400.0,100.0,45000.0
2023,Data Scientist,Data Science and Research,USD,174000,174000,United States,Senior,Full-time,In-person,United States,M,160080.0,100.0,174000.0
2023,Data Scientist,Data Science and Research,USD,189750,189750,Canada,Senior,Full-time,Remote,Canada,M,174570.0,79.3,239281.21
2023,Data Scientist,Data Science and Research,USD,119213,119213,Canada,Senior,Full-time,Remote,Canada,M,109675.96,79.3,150331.65
2023,Analytics Engineer,Leadership and Management,USD,190000,190000,Canada,Senior,Full-time,Remote,Canada,M,174800.0,79.3,239596.47
2023,Analytics Engineer,Leadership and Management,USD,140000,140000,Canada,Senior,Full-time,Remote,Canada,M,128800.0,79.3,176544.77
2023,Machine Learning Engineer,Machine Learning and AI,USD,228830,228830,United States,Senior,Full-time,In-person,United States,M,210523.6,100.0,228830.0
2023,Machine Learning Engineer,Machine Learning and AI,USD,148590,148590,United States,Senior,Full-time,In-person,United States,M,136702.8,100.0,148590.0
2023,AI Developer,Machine Learning and AI,USD,140000,140000,United States,Mid-level,Full-time,Remote,United States,S,128800.0,100.0,140000.0
2023,Machine Learning Scientist,Machine Learning and AI,USD,180514,180514,United Kingdom,Senior,Full-time,Remote,United Kingdom,M,166072.88,82.7,218275.7
2023,Machine Learning Scientist,Machine Learning and AI,USD,108308,108308,United Kingdom,Senior,Full-time,Remote,United Kingdom,M,99643.36,82.7,130964.93
2023,Machine Learning Scientist,Machine Learning and AI,USD,220000,220000,United States,Senior,Full-time,In-person,United States,M,202400.0,100.0,220000.0
2023,Machine Learning Scientist,Machine Learning and AI,USD,170000,170000,United States,Senior,Full-time,In-person,United States,M,156400.0,100.0,170000.0
2023,Business Intelligence Analyst,BI and Visualization,USD,169000,169000,United States,Senior,Full-time,In-person,United States,M,155480.0,100.0,169000.0
2023,Business Intelligence Analyst,BI and Visualization,USD,110600,110600,United States,Senior,Full-time,In-person,United States,M,101752.0,100.0,110600.0
2023,Data Engineer,Data Engineering,EUR,72000,77737,Spain,Senior,Full-time,Remote,Spain,M,71518.04,62.8,123785.03
2023,Data Engineer,Data Engineering,EUR,59565,64311,Spain,Senior,Full-time,Remote,Spain,M,59166.12,62.8,102406.05
2023,Data Engineer,Data Engineering,USD,78000,78000,United States,Senior,Full-time,In-person,United States,M,71760.0,100.0,78000.0
2023,Data Engineer,Data Engineering,EUR,70000,75577,Italy,Senior,Full-time,Remote,Italy,M,69530.84,68.4,110492.69
2023,Data Engineer,Data Engineering,EUR,57826,62433,Italy,Senior,Full-time,Remote,Italy,M,57438.36,68.4,91276.32
2023,Machine Learning Engineer,Machine Learning and AI,USD,204500,204500,United States,Senior,Full-time,Remote,United States,M,188140.0,100.0,204500.0
2023,Machine Learning Engineer,Machine Learning and AI,USD,142200,142200,United States,Senior,Full-time,Remote,United States,M,130824.0,100.0,142200.0
2023,Power BI Developer,BI and Visualization,EUR,60000,64781,Poland,Mid-level,Full-time,Remote,Denmark,L,59598.52,93.1,69582.17
2023,Data Analyst,Data Analysis,USD,94000,94000,United States,Senior,Full-time,In-person,United States,M,86480.0,100.0,94000.0
2023,Data Analyst,Data Analysis,USD,81900,81900,United States,Senior,Full-time,In-person,United States,M,75348.0,100.0,81900.0
2023,Data Engineer,Data Engineering,USD,199000,199000,United Kingdom,Senior,Full-time,In-person,United Kingdom,M,183080.0,82.7,240628.78
2023,Data Engineer,Data Engineering,USD,162000,162000,United Kingdom,Senior,Full-time,In-person,United Kingdom,M,149040.0,82.7,195888.75
2023,Data Analyst,Data Analysis,GBP,55000,67672,United Kingdom,Senior,Full-time,In-person,United Kingdom,M,62258.24,82.7,81828.3
2023,Data Engineer,Data Engineering,USD,208000,208000,United States,Senior,Full-time,Remote,United States,M,191360.0,100.0,208000.0
2023,Data Engineer,Data Engineering,USD,109500,109500,United States,Senior,Full-time,Remote,United States,M,100740.0,100.0,109500.0
2023,Data Operations Engineer,Data Quality and Operations,USD,240000,240000,United States,Senior,Full-time,In-person,United States,M,220800.0,100.0,240000.0
2023,Data Operations Engineer,Data Quality and Operations,USD,238530,238530,United States,Senior,Full-time,In-person,United States,M,219447.6,100.0,238530.0
2023,Data Quality Analyst,Data Quality and Operations,USD,95000,95000,United States,Senior,Full-time,In-person,United States,M,87400.0,100.0,95000.0
2023,Data Quality Analyst,Data Quality and Operations,USD,82000,82000,United States,Senior,Full-time,In-person,United States,M,75440.0,100.0,82000.0
2023,Data Analyst,Data Analysis,USD,80000,80000,United States,Executive,Full-time,In-person,United States,M,73600.0,100.0,80000.0
2023,Data Analyst,Data Analysis,USD,70000,70000,United States,Executive,Full-time,In-person,United States,M,64400.0,100.0,70000.0
2023,Data Scientist,Data Science and Research,USD,154700,154700,United States,Senior,Full-time,In-person,United States,M,142324.0,100.0,154700.0
2023,Data Scientist,Data Science and Research,USD,118900,118900,United States,Senior,Full-time,In-person,United States,M,109388.0,100.0,118900.0
2023,Data Engineer,Data Engineering,USD,232960,232960,United States,Senior,Full-time,In-person,United States,M,214323.2,100.0,232960.0
2023,Data Engineer,Data Engineering,USD,166400,166400,United States,Senior,Full-time,In-person,United States,M,153088.0,100.0,166400.0
2023,Data Scientist,Data Science and Research,USD,156000,156000,United States,Mid-level,Full-time,In-person,United States,M,143520.0,100.0,156000.0
2023,Data Scientist,Data Science and Research,USD,105000,105000,United States,Mid-level,Full-time,In-person,United States,M,96600.0,100.0,105000.0
2023,Machine Learning Engineer,Machine Learning and AI,USD,193000,193000,Canada,Senior,Full-time,Remote,Canada,M,177560.0,79.3,243379.57
2023,Machine Learning Engineer,Machine Learning and AI,USD,143000,143000,Canada,Senior,Full-time,Remote,Canada,M,131560.0,79.3,180327.87
2023,Data Analyst,Data Analysis,USD,138860,138860,United States,Senior,Full-time,In-person,United States,M,127751.2,100.0,138860.0
2023,Data Analyst,Data Analysis,USD,119610,119610,United States,Senior,Full-time,In-person,United States,M,110041.2,100.0,119610.0
2023,Data Scientist,Data Science and Research,USD,205485,205485,United States,Senior,Full-time,In-person,United States,M,189046.2,100.0,205485.0
2023,Data Scientist,Data Science and Research,USD,156560,156560,United States,Senior,Full-time,In-person,United States,M,144035.2,100.0,156560.0
2023,Machine Learning Engineer,Machine Learning and AI,USD,210600,210600,United Kingdom,Senior,Full-time,Remote,United Kingdom,M,193752.0,82.7,254655.38
2023,Machine Learning Engineer,Machine Learning and AI,USD,135000,135000,United Kingdom,Senior,Full-time,Remote,United Kingdom,M,124200.0,82.7,163240.63
2023,Analytics Engineer,Leadership and Management,USD,170000,170000,United States,Senior,Full-time,In-person,United States,M,156400.0,100.0,170000.0
2023,Data Engineer,Data Engineering,USD,105000,105000,United States,Mid-level,Full-time,In-person,United States,M,96600.0,100.0,105000.0
2023,Data Scientist,Data Science and Research,USD,135000,135000,United Kingdom,Mid-level,Full-time,Remote,United Kingdom,M,124200.0,82.7,163240.63
2023,Data Scientist,Data Science and Research,USD,100000,100000,United Kingdom,Mid-level,Full-time,Remote,United Kingdom,M,92000.0,82.7,120918.98
2023,Data Analyst,Data Analysis,USD,100000,100000,United States,Mid-level,Full-time,Remote,United States,M,92000.0,100.0,100000.0
2023,Data Science Consultant,Data Science and Research,GBP,57000,70132,United Kingdom,Mid-level,Full-time,In-person,United Kingdom,M,64521.44,82.7,84802.9
2023,Data Science Consultant,Data Science and Research,GBP,42000,51676,United Kingdom,Mid-level,Full-time,In-person,United Kingdom,M,47541.92,82.7,62486.09
2023,Data Scientist,Data Science and Research,GBP,75000,92280,United Kingdom,Senior,Full-time,Remote,United Kingdom,M,84897.6,82.7,111584.04
2023,Data Scientist,Data Science and Research,GBP,65000,79976,United Kingdom,Senior,Full-time,Remote,United Kingdom,M,73577.92,82.7,96706.17
2022,Business Intelligence Developer,BI and Visualization,USD,15000,15000,Ghana,Mid-level,Full-time,Remote,Ghana,M,13800.0,33.1,45317.22
2023,Applied Data Scientist,Data Science and Research,EUR,60000,64781,Germany,Senior,Full-time,In-person,Germany,L,59598.52,78.5,82523.57
2023,Data Analyst,Data Analysis,USD,144100,144100,United States,Senior,Full-time,Remote,United States,M,132572.0,100.0,144100.0
2023,Data Analyst,Data Analysis,USD,89100,89100,United States,Senior,Full-time,Remote,United States,M,81972.0,100.0,89100.0
2023,Research Engineer,Data Science and Research,USD,140000,140000,United States,Senior,Full-time,In-person,United States,M,128800.0,100.0,140000.0
2023,Research Engineer,Data Science and Research,USD,100000,100000,United States,Senior,Full-time,In-person,United States,M,92000.0,100.0,100000.0
2023,Data Engineer,Data Engineering,USD,193600,193600,United States,Senior,Full-time,In-person,United States,M,178112.0,100.0,193600.0
2023,Data Engineer,Data Engineering,USD,119700,119700,United States,Senior,Full-time,In-person,United States,M,110124.0,100.0,119700.0
2023,Data Analyst,Data Analysis,USD,94000,94000,United States,Senior,Full-time,Remote,United States,M,86480.0,100.0,94000.0
2023,Data Analyst,Data Analysis,USD,81900,81900,United States,Senior,Full-time,Remote,United States,M,75348.0,100.0,81900.0
2023,Head of Data Science,Data Science and Research,EUR,122000,131721,Netherlands,Executive,Full-time,Hybrid,Netherlands,L,121183.32,82.6,159468.52
2023,ML Engineer,Machine Learning and AI,USD,180000,180000,United States,Mid-level,Full-time,In-person,United States,M,165600.0,100.0,180000.0
2023,ML Engineer,Machine Learning and AI,USD,120000,120000,United States,Mid-level,Full-time,In-person,United States,M,110400.0,100.0,120000.0
2023,Data Engineer,Data Engineering,USD,242000,242000,Canada,Senior,Full-time,In-person,Canada,M,222640.0,79.3,305170.24
2023,Data Engineer,Data Engineering,USD,134000,134000,Canada,Senior,Full-time,In-person,Canada,M,123280.0,79.3,168978.56
2023,Data Strategist,Data Architecture and Modeling,USD,104000,104000,United States,Senior,Full-time,In-person,United States,M,95680.0,100.0,104000.0
2023,Machine Learning Engineer,Machine Learning and AI,USD,258800,258800,United Kingdom,Senior,Full-time,In-person,United Kingdom,M,238096.0,82.7,312938.33
2023,Machine Learning Engineer,Machine Learning and AI,USD,199200,199200,United Kingdom,Senior,Full-time,In-person,United Kingdom,M,183264.0,82.7,240870.62
2023,Data Scientist,Data Science and Research,USD,201000,201000,United States,Senior,Full-time,In-person,United States,M,184920.0,100.0,201000.0
2023,Research Engineer,Data Science and Research,USD,141100,141100,United States,Senior,Full-time,In-person,United States,M,129812.0,100.0,141100.0
2023,Research Engineer,Data Science and Research,USD,94100,94100,United States,Senior,Full-time,In-person,United States,M,86572.0,100.0,94100.0
2023,Data Scientist,Data Science and Research,USD,126000,126000,United States,Senior,Full-time,In-person,United States,M,115920.0,100.0,126000.0
2023,Data Scientist,Data Science and Research,USD,170000,170000,United States,Senior,Full-time,Remote,United States,M,156400.0,100.0,170000.0
2023,Data Engineer,Data Engineering,GBP,85000,104584,United Kingdom,Mid-level,Full-time,Remote,United Kingdom,M,96217.28,82.7,126461.91
2023,Analytics Engineer,Leadership and Management,USD,208500,208500,United States,Senior,Full-time,In-person,United States,M,191820.0,100.0,208500.0
2023,Analytics Engineer,Leadership and Management,USD,165000,165000,United States,Senior,Full-time,In-person,United States,M,151800.0,100.0,165000.0
2023,Data Engineer,Data Engineering,EUR,72000,77737,Germany,Senior,Full-time,Hybrid,Germany,L,71518.04,78.5,99028.03
2023,Data Engineer,Data Engineering,EUR,80000,86374,Germany,Senior,Full-time,Remote,Sweden,L,79464.08,86.8,99509.22
2023,Business Intelligence Developer,BI and Visualization,USD,169000,169000,United States,Senior,Full-time,In-person,United States,M,155480.0,100.0,169000.0
2023,Business Intelligence Developer,BI and Visualization,USD,110600,110600,United States,Senior,Full-time,In-person,United States,M,101752.0,100.0,110600.0
2023,BI Analyst,BI and Visualization,USD,130800,130800,United States,Senior,Full-time,Remote,United States,M,120336.0,100.0,130800.0
2023,BI Analyst,BI and Visualization,USD,87200,87200,United States,Senior,Full-time,Remote,United States,M,80224.0,100.0,87200.0
2023,Data Engineer,Data Engineering,USD,215000,215000,United States,Senior,Full-time,Remote,United States,M,197800.0,100.0,215000.0
2023,Data Scientist,Data Science and Research,GBP,50000,61520,United Kingdom,Mid-level,Full-time,Remote,United Kingdom,M,56598.4,82.7,74389.36
2023,Data Scientist,Data Science and Research,GBP,40000,49216,United Kingdom,Mid-level,Full-time,Remote,United Kingdom,M,45278.72,82.7,59511.49
2023,ML Engineer,Machine Learning and AI,USD,238000,238000,United States,Senior,Full-time,Remote,United States,M,218960.0,100.0,238000.0
2023,ML Engineer,Machine Learning and AI,USD,173000,173000,United States,Senior,Full-time,Remote,United States,M,159160.0,100.0,173000.0
2023,Data Engineer,Data Engineering,USD,205785,205785,United Kingdom,Executive,Full-time,Remote,United Kingdom,M,189322.2,82.7,248833.13
2023,Data Engineer,Data Engineering,USD,123471,123471,United Kingdom,Executive,Full-time,Remote,United Kingdom,M,113593.32,82.7,149299.88
2023,Data Science Manager,Data Science and Research,USD,299500,299500,United States,Senior,Full-time,In-person,United States,M,275540.0,100.0,299500.0
2023,Data Science Manager,Data Science and Research,USD,245100,245100,United States,Senior,Full-time,In-person,United States,M,225492.0,100.0,245100.0
2023,AI Programmer,Machine Learning and AI,USD,40000,40000,South Korea,Entry-level,Full-time,In-person,South Korea,S,36800.0,70.1,57061.34
2023,Data Scientist,Data Science and Research,EUR,66000,71259,Spain,Senior,Full-time,Remote,Spain,M,65558.28,62.8,113469.75
2023,ML Engineer,Machine Learning and AI,USD,290000,290000,United States,Senior,Full-time,Remote,United States,M,266800.0,100.0,290000.0
2023,ML Engineer,Machine Learning and AI,USD,226000,226000,United States,Senior,Full-time,Remote,United States,M,207920.0,100.0,226000.0
2023,Data Scientist,Data Science and Research,USD,161000,161000,United States,Senior,Full-time,Remote,United States,M,148120.0,100.0,161000.0
2023,Data Scientist,Data Science and Research,USD,151000,151000,United States,Senior,Full-time,Remote,United States,M,138920.0,100.0,151000.0
2023,Data Analyst,Data Analysis,EUR,49200,53120,Estonia,Senior,Full-time,In-person,Estonia,M,48870.4,63.4,83785.49
2023,Data Analyst,Data Analysis,EUR,36000,38868,Estonia,Senior,Full-time,In-person,Estonia,M,35758.56,63.4,61305.99
2023,Data Engineer,Data Engineering,USD,136994,136994,United States,Senior,Full-time,Remote,United States,M,126034.48,100.0,136994.0
2023,Data Scientist,Data Science and Research,USD,214500,214500,United States,Senior,Full-time,In-person,United States,M,197340.0,100.0,214500.0
2023,Analytics Engineer,Leadership and Management,USD,120000,120000,United States,Senior,Full-time,Remote,United States,M,110400.0,100.0,120000.0
2023,Data Engineer,Data Engineering,USD,278300,278300,United States,Senior,Full-time,In-person,United States,M,256036.0,100.0,278300.0
2023,Data Engineer,Data Engineering,USD,205700,205700,United States,Senior,Full-time,In-person,United States,M,189244.0,100.0,205700.0
2023,Applied Scientist,Data Science and Research,USD,185900,185900,United States,Senior,Full-time,In-person,United States,M,171028.0,100.0,185900.0
2023,Applied Scientist,Data Science and Research,USD,167310,167310,United States,Senior,Full-time,In-person,United States,M,153925.2,100.0,167310.0
2023,Data Engineer,Data Engineering,USD,114000,114000,United States,Mid-level,Full-time,Remote,United States,M,104880.0,100.0,114000.0
2023,Data Engineer,Data Engineering,USD,194000,194000,United States,Senior,Full-time,In-person,United States,M,178480.0,100.0,194000.0
2023,Data Engineer,Data Engineering,USD,161000,161000,United States,Senior,Full-time,In-person,United States,M,148120.0,100.0,161000.0
2023,Research Engineer,Data Science and Research,EUR,30000,32390,France,Entry-level,Full-time,In-person,France,M,29798.8,79.8,40588.97
2023,Machine Learning Engineer,Machine Learning and AI,USD,184950,184950,United States,Senior,Full-time,In-person,United States,M,170154.0,100.0,184950.0
2023,Machine Learning Engineer,Machine Learning and AI,USD,119250,119250,United States,Senior,Full-time,In-person,United States,M,109710.0,100.0,119250.0
2023,Data Engineer,Data Engineering,USD,178500,178500,United States,Senior,Full-time,Remote,United States,M,164220.0,100.0,178500.0
2023,Data Engineer,Data Engineering,USD,136000,136000,United States,Senior,Full-time,Remote,United States,M,125120.0,100.0,136000.0
2023,Machine Learning Engineer,Machine Learning and AI,USD,189000,189000,United States,Senior,Full-time,Remote,United States,M,173880.0,100.0,189000.0
2023,Machine Learning Engineer,Machine Learning and AI,USD,159090,159090,United States,Senior,Full-time,Remote,United States,M,146362.8,100.0,159090.0
2023,Data Engineer,Data Engineering,USD,82000,82000,United States,Mid-level,Full-time,In-person,United States,M,75440.0,100.0,82000.0
2023,Data Engineer,Data Engineering,USD,149076,149076,United States,Senior,Full-time,Remote,United States,M,137149.92,100.0,149076.0
2023,Data Engineer,Data Engineering,USD,82365,82365,United States,Senior,Full-time,Remote,United States,M,75775.8,100.0,82365.0
2023,Data Engineer,Data Engineering,USD,194595,194595,United States,Senior,Full-time,In-person,United States,M,179027.4,100.0,194595.0
2023,Data Engineer,Data Engineering,USD,158000,158000,United States,Senior,Full-time,In-person,United States,M,145360.0,100.0,158000.0
2023,ML Engineer,Machine Learning and AI,USD,305000,305000,United States,Senior,Full-time,In-person,United States,M,280600.0,100.0,305000.0
2023,ML Engineer,Machine Learning and AI,USD,245000,245000,United States,Senior,Full-time,In-person,United States,M,225400.0,100.0,245000.0
2023,Data Scientist,Data Science and Research,USD,205485,205485,United States,Senior,Full-time,Remote,United States,M,189046.2,100.0,205485.0
2023,Data Scientist,Data Science and Research,USD,156560,156560,United States,Senior,Full-time,Remote,United States,M,144035.2,100.0,156560.0
2023,Data Analyst,Data Analysis,USD,168000,168000,United States,Senior,Full-time,Remote,United States,L,154560.0,100.0,168000.0
2023,Data Analyst,Data Analysis,USD,78400,78400,United States,Senior,Full-time,Remote,United States,L,72128.0,100.0,78400.0
2023,Machine Learning Engineer,Machine Learning and AI,USD,175000,175000,United States,Senior,Full-time,In-person,United States,M,161000.0,100.0,175000.0
2023,Data Engineer,Data Engineering,USD,130002,130002,United States,Executive,Full-time,Remote,United States,M,119601.84,100.0,130002.0
2023,Data Engineer,Data Engineering,USD,71908,71908,United States,Executive,Full-time,Remote,United States,M,66155.36,100.0,71908.0
2023,Data Analyst,Data Analysis,USD,212000,212000,United States,Senior,Full-time,In-person,United States,M,195040.0,100.0,212000.0
2023,Data Analyst,Data Analysis,USD,132000,132000,United States,Senior,Full-time,In-person,United States,M,121440.0,100.0,132000.0
2023,Data Analyst,Data Analysis,USD,177000,177000,United States,Mid-level,Full-time,In-person,United States,M,162840.0,100.0,177000.0
2023,Data Analyst,Data Analysis,USD,148000,148000,United States,Senior,Full-time,In-person,United States,M,136160.0,100.0,148000.0
2023,Applied Scientist,Data Science and Research,USD,248100,248100,United States,Senior,Full-time,In-person,United States,M,228252.0,100.0,248100.0
2023,Applied Scientist,Data Science and Research,USD,145900,145900,United States,Senior,Full-time,In-person,United States,M,134228.0,100.0,145900.0
2023,Data Lead,Leadership and Management,USD,155000,155000,United States,Senior,Full-time,In-person,United States,M,142600.0,100.0,155000.0
2023,Data Lead,Leadership and Management,USD,38000,38000,United States,Senior,Full-time,In-person,United States,M,34960.0,100.0,38000.0
2023,Machine Learning Engineer,Machine Learning and AI,USD,218000,218000,United States,Senior,Full-time,Remote,United States,M,200560.0,100.0,218000.0
2023,Analytics Engineer,Leadership and Management,USD,235400,235400,United States,Senior,Full-time,Remote,United States,M,216568.0,100.0,235400.0
2023,Analytics Engineer,Leadership and Management,USD,108320,108320,United States,Senior,Full-time,Remote,United States,M,99654.4,100.0,108320.0
2023,Data Engineer,Data Engineering,USD,152375,152375,United States,Senior,Full-time,In-person,United States,M,140185.0,100.0,152375.0
2023,Data Analyst,Data Analysis,USD,115934,115934,United States,Senior,Full-time,Remote,United States,M,106659.28,100.0,115934.0
2023,Data Analyst,Data Analysis,USD,81666,81666,United States,Senior,Full-time,Remote,United States,M,75132.72,100.0,81666.0
2023,Data Analyst,Data Analysis,USD,79000,79000,United States,Mid-level,Full-time,In-person,United States,M,72680.0,100.0,79000.0
2023,Research Scientist,Data Science and Research,USD,273400,273400,United States,Senior,Full-time,In-person,United States,M,251528.0,100.0,273400.0
2023,Research Scientist,Data Science and Research,USD,182200,182200,United States,Senior,Full-time,In-person,United States,M,167624.0,100.0,182200.0
2023,Data Analyst,Data Analysis,USD,160000,160000,United States,Mid-level,Full-time,In-person,United States,M,147200.0,100.0,160000.0
2023,Data Analyst,Data Analysis,USD,112000,112000,United States,Mid-level,Full-time,In-person,United States,M,103040.0,100.0,112000.0
2023,Data Scientist,Data Science and Research,USD,285000,285000,United States,Senior,Full-time,Remote,United States,M,262200.0,100.0,285000.0
2023,Data Scientist,Data Science and Research,USD,154000,154000,United States,Senior,Full-time,Remote,United States,M,141680.0,100.0,154000.0
2023,Applied Scientist,Data Science and Research,USD,220000,220000,United States,Senior,Full-time,In-person,United States,M,202400.0,100.0,220000.0
2023,Applied Scientist,Data Science and Research,USD,170000,170000,United States,Senior,Full-time,In-person,United States,M,156400.0,100.0,170000.0
2023,Data Engineer,Data Engineering,USD,200000,200000,United States,Mid-level,Full-time,Remote,United States,M,184000.0,100.0,200000.0
2023,Applied Scientist,Data Science and Research,USD,250000,250000,United States,Mid-level,Full-time,In-person,United States,M,230000.0,100.0,250000.0
2023,Applied Scientist,Data Science and Research,USD,125000,125000,United States,Mid-level,Full-time,In-person,United States,M,115000.0,100.0,125000.0
2023,Research Scientist,Data Science and Research,USD,275000,275000,United States,Mid-level,Full-time,In-person,United States,M,253000.0,100.0,275000.0
2023,Research Scientist,Data Science and Research,USD,200000,200000,United States,Mid-level,Full-time,In-person,United States,M,184000.0,100.0,200000.0
2023,Data Scientist,Data Science and Research,USD,177000,177000,United Kingdom,Senior,Full-time,In-person,United Kingdom,M,162840.0,82.7,214026.6
2023,Data Scientist,Data Science and Research,USD,136000,136000,United Kingdom,Senior,Full-time,In-person,United Kingdom,M,125120.0,82.7,164449.82
2023,Data Analyst,Data Analysis,USD,122720,122720,United States,Senior,Full-time,In-person,United States,M,112902.4,100.0,122720.0
2023,Data Engineer,Data Engineering,USD,231500,231500,United States,Senior,Full-time,In-person,United States,M,212980.0,100.0,231500.0
2023,Data Engineer,Data Engineering,USD,118000,118000,United States,Senior,Full-time,In-person,United States,M,108560.0,100.0,118000.0
2023,Data Scientist,Data Science and Research,USD,299500,299500,United States,Executive,Full-time,Remote,United States,M,275540.0,100.0,299500.0
2023,Data Scientist,Data Science and Research,USD,249600,249600,United States,Executive,Full-time,Remote,United States,M,229632.0,100.0,249600.0
2023,Machine Learning Engineer,Machine Learning and AI,USD,297000,297000,United States,Senior,Full-time,In-person,United States,M,273240.0,100.0,297000.0
2023,Machine Learning Engineer,Machine Learning and AI,USD,138000,138000,United States,Senior,Full-time,In-person,United States,M,126960.0,100.0,138000.0
2023,Data Scientist,Data Science and Research,USD,267100,267100,United States,Senior,Full-time,Remote,United States,M,245732.0,100.0,267100.0
2023,Data Scientist,Data Science and Research,USD,167200,167200,United States,Senior,Full-time,Remote,United States,M,153824.0,100.0,167200.0
2023,Data Architect,Data Architecture and Modeling,USD,188500,188500,United States,Senior,Full-time,Remote,United States,M,173420.0,100.0,188500.0
2023,Data Architect,Data Architecture and Modeling,USD,117000,117000,United States,Senior,Full-time,Remote,United States,M,107640.0,100.0,117000.0
2023,Data Scientist,Data Science and Research,USD,150931,150931,United States,Senior,Full-time,In-person,United States,M,138856.52,100.0,150931.0
2023,Data Scientist,Data Science and Research,USD,143250,143250,United States,Senior,Full-time,In-person,United States,M,131790.0,100.0,143250.0
2023,Data Engineer,Data Engineering,USD,231000,231000,United States,Senior,Full-time,Remote,United States,M,212520.0,100.0,231000.0
2023,Data Engineer,Data Engineering,USD,157250,157250,United States,Senior,Full-time,Remote,United States,M,144670.0,100.0,157250.0
2023,Machine Learning Scientist,Machine Learning and AI,USD,240000,240000,United States,Senior,Full-time,Remote,United States,M,220800.0,100.0,240000.0
2023,Machine Learning Scientist,Machine Learning and AI,USD,157250,157250,United States,Senior,Full-time,Remote,United States,M,144670.0,100.0,157250.0
2023,Data Engineer,Data Engineering,USD,232000,232000,United States,Senior,Full-time,In-person,United States,M,213440.0,100.0,232000.0
2023,Data Scientist,Data Science and Research,USD,277300,277300,United Kingdom,Senior,Full-time,In-person,United Kingdom,M,255116.0,82.7,335308.34
2023,Data Scientist,Data Science and Research,USD,213300,213300,United Kingdom,Senior,Full-time,In-person,United Kingdom,M,196236.0,82.7,257920.19
2023,Data Engineer,Data Engineering,USD,209000,209000,United States,Senior,Full-time,In-person,United States,M,192280.0,100.0,209000.0
2023,Data Scientist,Data Science and Research,USD,184250,184250,United States,Senior,Full-time,In-person,United States,M,169510.0,100.0,184250.0
2023,Data Scientist,Data Science and Research,USD,167500,167500,United States,Senior,Full-time,In-person,United States,M,154100.0,100.0,167500.0
2023,Data Engineer,Data Engineering,USD,85000,85000,United States,Senior,Full-time,Remote,United States,M,78200.0,100.0,85000.0
2023,Computer Vision Engineer,Machine Learning and AI,GBP,90000,110736,United Kingdom,Mid-level,Full-time,Remote,United Kingdom,M,101877.12,82.7,133900.85
2023,Computer Vision Engineer,Machine Learning and AI,GBP,75000,92280,United Kingdom,Mid-level,Full-time,Remote,United Kingdom,M,84897.6,82.7,111584.04
2023,Data Analyst,Data Analysis,USD,154440,154440,United States,Senior,Full-time,In-person,United States,M,142084.8,100.0,154440.0
2023,Data Analyst,Data Analysis,USD,68550,68550,United States,Senior,Full-time,In-person,United States,M,63066.0,100.0,68550.0
2023,Data Analyst,Data Analysis,USD,90000,90000,United States,Entry-level,Full-time,In-person,United States,M,82800.0,100.0,90000.0
2023,Data Analyst,Data Analysis,USD,60000,60000,United States,Entry-level,Full-time,In-person,United States,M,55200.0,100.0,60000.0
2023,Data Engineer,Data Engineering,USD,226600,226600,United States,Senior,Full-time,In-person,United States,M,208472.0,100.0,226600.0
2023,Data Engineer,Data Engineering,USD,140100,140100,United States,Senior,Full-time,In-person,United States,M,128892.0,100.0,140100.0
2023,Data Analyst,Data Analysis,GBP,40000,49216,United Kingdom,Entry-level,Full-time,In-person,United Kingdom,M,45278.72,82.7,59511.49
2023,Data Analyst,Data Analysis,GBP,34000,41833,United Kingdom,Entry-level,Full-time,In-person,United Kingdom,M,38486.36,82.7,50584.04
2023,Data Architect,Data Architecture and Modeling,USD,80000,80000,United States,Senior,Full-time,In-person,United States,M,73600.0,100.0,80000.0
2023,Data Architect,Data Architecture and Modeling,USD,52500,52500,United States,Senior,Full-time,In-person,United States,M,48300.0,100.0,52500.0
2023,Research Engineer,Data Science and Research,USD,253000,253000,United States,Senior,Full-time,Remote,United States,M,232760.0,100.0,253000.0
2023,Research Engineer,Data Science and Research,USD,156400,156400,United States,Senior,Full-time,Remote,United States,M,143888.0,100.0,156400.0
2023,Machine Learning Engineer,Machine Learning and AI,USD,235000,235000,United States,Senior,Full-time,In-person,United States,M,216200.0,100.0,235000.0
2023,Data Analyst,Data Analysis,USD,223100,223100,United States,Senior,Full-time,In-person,United States,L,205252.0,100.0,223100.0
2023,Data Analyst,Data Analysis,USD,114700,114700,United States,Senior,Full-time,In-person,United States,L,105524.0,100.0,114700.0
2023,Data Analyst,Data Analysis,USD,172800,172800,United Kingdom,Senior,Full-time,Remote,United Kingdom,M,158976.0,82.7,208948.0
2023,Data Analyst,Data Analysis,USD,110000,110000,United Kingdom,Senior,Full-time,Remote,United Kingdom,M,101200.0,82.7,133010.88
2023,Data Engineer,Data Engineering,USD,152375,152375,United States,Mid-level,Full-time,Remote,United States,M,140185.0,100.0,152375.0
2023,Data Engineer,Data Engineering,USD,94000,94000,United States,Mid-level,Full-time,Remote,United States,M,86480.0,100.0,94000.0
2023,Data Engineer,Data Engineering,USD,183000,183000,Canada,Senior,Full-time,In-person,Canada,M,168360.0,79.3,230769.23
2023,Data Engineer,Data Engineering,USD,125000,125000,Canada,Senior,Full-time,In-person,Canada,M,115000.0,79.3,157629.26
2023,Data Analyst,Data Analysis,USD,120350,120350,United States,Senior,Full-time,In-person,United States,M,110722.0,100.0,120350.0
2023,Data Analyst,Data Analysis,USD,74400,74400,United States,Senior,Full-time,In-person,United States,M,68448.0,100.0,74400.0
2023,Data Analyst,Data Analysis,USD,134000,134000,United States,Senior,Full-time,Remote,United States,M,123280.0,100.0,134000.0
2023,Data Engineer,Data Engineering,EUR,52800,57007,Estonia,Senior,Full-time,In-person,Estonia,M,52446.44,63.4,89916.4
2023,Data Engineer,Data Engineering,EUR,40800,44051,Estonia,Senior,Full-time,In-person,Estonia,M,40526.92,63.4,69481.07
2023,Data Engineer,Data Engineering,USD,258750,258750,United States,Senior,Full-time,Remote,United States,M,238050.0,100.0,258750.0
2023,Data Engineer,Data Engineering,USD,172500,172500,United States,Senior,Full-time,Remote,United States,M,158700.0,100.0,172500.0
2023,Data Engineer,Data Engineering,USD,220000,220000,United States,Executive,Full-time,In-person,United States,M,202400.0,100.0,220000.0
2023,Data Engineer,Data Engineering,USD,150000,150000,United States,Executive,Full-time,In-person,United States,M,138000.0,100.0,150000.0
2023,Data Engineer,Data Engineering,USD,109528,109528,United States,Senior,Full-time,In-person,United States,M,100765.76,100.0,109528.0
2023,Machine Learning Engineer,Machine Learning and AI,USD,287500,287500,Australia,Mid-level,Full-time,In-person,Australia,M,264500.0,76.8,374348.96
2023,Machine Learning Engineer,Machine Learning and AI,USD,207500,207500,Australia,Mid-level,Full-time,In-person,Australia,M,190900.0,76.8,270182.29
2023,Data Analyst,Data Analysis,USD,134200,134200,United Kingdom,Senior,Full-time,In-person,United Kingdom,M,123464.0,82.7,162273.28
2023,Data Analyst,Data Analysis,USD,103200,103200,United Kingdom,Senior,Full-time,In-person,United Kingdom,M,94944.0,82.7,124788.39
2023,Principal Data Scientist,Data Science and Research,USD,160000,160000,United States,Senior,Full-time,Remote,United States,L,147200.0,100.0,160000.0
2023,Data Analyst,Data Analysis,USD,93919,93919,United States,Senior,Full-time,In-person,United States,M,86405.48,100.0,93919.0
2023,Data Architect,Data Architecture and Modeling,USD,180000,180000,United States,Senior,Full-time,Remote,United States,M,165600.0,100.0,180000.0
2023,Data Analyst,Data Analysis,USD,186600,186600,United States,Senior,Full-time,Remote,United States,M,171672.0,100.0,186600.0
2023,Data Analyst,Data Analysis,USD,119800,119800,United States,Senior,Full-time,Remote,United States,M,110216.0,100.0,119800.0
2023,Data Architect,Data Architecture and Modeling,USD,200000,200000,United States,Senior,Full-time,Remote,United States,M,184000.0,100.0,200000.0
2023,ML Engineer,Machine Learning and AI,USD,383910,383910,United States,Senior,Full-time,In-person,United States,M,353197.2,100.0,383910.0
2023,ML Engineer,Machine Learning and AI,USD,315850,315850,United States,Senior,Full-time,In-person,United States,M,290582.0,100.0,315850.0
2023,Applied Scientist,Data Science and Research,USD,198000,198000,United States,Mid-level,Full-time,Remote,United States,M,182160.0,100.0,198000.0
2023,Applied Scientist,Data Science and Research,USD,132000,132000,United States,Mid-level,Full-time,Remote,United States,M,121440.0,100.0,132000.0
2023,Data Scientist,Data Science and Research,USD,141600,141600,United States,Mid-level,Full-time,Remote,United States,M,130272.0,100.0,141600.0
2023,Data Scientist,Data Science and Research,USD,94400,94400,United States,Mid-level,Full-time,Remote,United States,M,86848.0,100.0,94400.0
2023,Data Scientist,Data Science and Research,USD,209450,209450,United States,Senior,Full-time,Remote,United States,M,192694.0,100.0,209450.0
2023,Data Scientist,Data Science and Research,USD,167560,167560,United States,Senior,Full-time,Remote,United States,M,154155.2,100.0,167560.0
2021,Staff Machine Learning Engineer,Machine Learning and AI,USD,185000,185000,United States,Senior,Full-time,Hybrid,United States,M,170200.0,100.0,185000.0
2020,Staff Data Scientist,Data Science and Research,USD,164000,164000,United States,Senior,Full-time,Hybrid,United States,M,150880.0,100.0,164000.0
2023,Data Engineer,Data Engineering,USD,80000,80000,United States,Entry-level,Full-time,In-person,United States,M,73600.0,100.0,80000.0
2023,Data Engineer,Data Engineering,USD,52500,52500,United States,Entry-level,Full-time,In-person,United States,M,48300.0,100.0,52500.0
2023,Data Scientist,Data Science and Research,USD,238000,238000,United States,Senior,Full-time,In-person,United States,M,218960.0,100.0,238000.0
2023,Data Scientist,Data Science and Research,USD,149500,149500,United States,Senior,Full-time,In-person,United States,M,137540.0,100.0,149500.0
2023,Data Engineer,Data Engineering,USD,186600,186600,United States,Senior,Full-time,Remote,United States,M,171672.0,100.0,186600.0
2023,Data Engineer,Data Engineering,USD,116500,116500,United States,Senior,Full-time,Remote,United States,M,107180.0,100.0,116500.0
2023,Data Engineer,Data Engineering,GBP,50000,61520,United Kingdom,Mid-level,Full-time,Remote,United Kingdom,M,56598.4,82.7,74389.36
2023,Applied Scientist,Data Science and Research,USD,175000,175000,United States,Senior,Full-time,Remote,United States,M,161000.0,100.0,175000.0
2023,Applied Scientist,Data Science and Research,USD,145000,145000,United States,Senior,Full-time,Remote,United States,M,133400.0,100.0,145000.0
2023,Data Analyst,Data Analysis,USD,195000,195000,United States,Senior,Full-time,In-person,United States,M,179400.0,100.0,195000.0
2023,Research Scientist,Data Science and Research,USD,220000,220000,United States,Mid-level,Full-time,Remote,United States,M,202400.0,100.0,220000.0
2023,Research Scientist,Data Science and Research,USD,190000,190000,United States,Mid-level,Full-time,Remote,United States,M,174800.0,100.0,190000.0
2023,Machine Learning Engineer,Machine Learning and AI,EUR,105000,113366,Germany,Senior,Full-time,Hybrid,Germany,L,104296.72,78.5,144415.29
2023,Consultant Data Engineer,Data Engineering,CAD,160000,118539,Canada,Senior,Contract,Remote,Canada,L,109055.88,79.3,149481.72
2023,Data Analyst,Data Analysis,GBP,70000,86128,United Kingdom,Mid-level,Full-time,Hybrid,United Kingdom,L,79237.76,82.7,104145.1
2023,Machine Learning Engineer,Machine Learning and AI,USD,146000,146000,United Kingdom,Senior,Full-time,In-person,United Kingdom,M,134320.0,82.7,176541.72
2023,Machine Learning Engineer,Machine Learning and AI,USD,97400,97400,United Kingdom,Senior,Full-time,In-person,United Kingdom,M,89608.0,82.7,117775.09
2023,Data Analyst,Data Analysis,CAD,55000,40747,Canada,Entry-level,Full-time,In-person,Canada,L,37487.24,79.3,51383.35
2023,Data Engineer,Data Engineering,USD,166364,166364,United States,Senior,Full-time,In-person,United States,M,153054.88,100.0,166364.0
2023,Data Engineer,Data Engineering,USD,116455,116455,United States,Senior,Full-time,In-person,United States,M,107138.6,100.0,116455.0
2023,Business Intelligence Analyst,BI and Visualization,USD,145000,145000,United States,Senior,Full-time,In-person,United States,M,133400.0,100.0,145000.0
2023,Business Intelligence Analyst,BI and Visualization,USD,125000,125000,United States,Senior,Full-time,In-person,United States,M,115000.0,100.0,125000.0
2023,Data Engineer,Data Engineering,USD,76000,76000,United States,Mid-level,Full-time,Remote,United States,M,69920.0,100.0,76000.0
2023,Data Analyst,Data Analysis,USD,131000,131000,United States,Senior,Full-time,In-person,United States,M,120520.0,100.0,131000.0
2023,Data Scientist,Data Science and Research,USD,222000,222000,United States,Senior,Full-time,Remote,United States,M,204240.0,100.0,222000.0
2023,Data Scientist,Data Science and Research,USD,166500,166500,United States,Senior,Full-time,Remote,United States,M,153180.0,100.0,166500.0
2023,Data Engineer,Data Engineering,USD,205600,205600,United States,Senior,Full-time,Remote,United States,M,189152.0,100.0,205600.0
2023,Data Engineer,Data Engineering,USD,105700,105700,United States,Senior,Full-time,Remote,United States,M,97244.0,100.0,105700.0
2023,Business Intelligence Developer,BI and Visualization,USD,138000,138000,United States,Senior,Full-time,In-person,United States,M,126960.0,100.0,138000.0
2023,Business Intelligence Developer,BI and Visualization,USD,67000,67000,United States,Senior,Full-time,In-person,United States,M,61640.0,100.0,67000.0
2023,Research Engineer,Data Science and Research,USD,211200,211200,United States,Senior,Full-time,In-person,United States,M,194304.0,100.0,211200.0
2023,Data Analyst,Data Analysis,USD,230000,230000,United States,Senior,Full-time,Remote,United States,M,211600.0,100.0,230000.0
2023,Data Analyst,Data Analysis,USD,60000,60000,United States,Mid-level,Full-time,Remote,United States,M,55200.0,100.0,60000.0
2023,Business Intelligence Analyst,BI and Visualization,USD,200000,200000,United States,Senior,Full-time,Remote,United States,M,184000.0,100.0,200000.0
2023,Business Intelligence Analyst,BI and Visualization,USD,180000,180000,United States,Senior,Full-time,Remote,United States,M,165600.0,100.0,180000.0
2023,BI Analyst,BI and Visualization,TRY,360000,18381,Turkey,Senior,Full-time,Remote,Turkey,L,16910.52,30.9,59485.44
2023,Research Scientist,Data Science and Research,USD,200000,200000,United States,Entry-level,Full-time,Remote,United States,M,184000.0,100.0,200000.0
2023,Research Scientist,Data Science and Research,USD,120000,120000,United States,Entry-level,Full-time,Remote,United States,M,110400.0,100.0,120000.0
2023,Data Scientist,Data Science and Research,USD,126500,126500,United States,Executive,Full-time,Remote,United States,M,116380.0,100.0,126500.0
2023,Data Scientist,Data Science and Research,USD,78000,78000,United States,Executive,Full-time,Remote,United States,M,71760.0,100.0,78000.0
2023,Data Scientist,Data Science and Research,USD,157750,157750,United States,Senior,Full-time,In-person,United States,M,145130.0,100.0,157750.0
2023,Data Scientist,Data Science and Research,USD,104650,104650,United States,Senior,Full-time,In-person,United States,M,96278.0,100.0,104650.0
2023,Data Scientist,Data Science and Research,USD,133000,133000,United States,Senior,Full-time,Remote,United States,M,122360.0,100.0,133000.0
2023,Machine Learning Specialist,Machine Learning and AI,USD,70000,70000,France,Mid-level,Full-time,Remote,France,M,64400.0,79.8,87719.3
2023,Machine Learning Specialist,Machine Learning and AI,USD,40000,40000,France,Mid-level,Full-time,Remote,France,M,36800.0,79.8,50125.31
2023,Research Scientist,Data Science and Research,USD,190000,190000,United States,Mid-level,Full-time,In-person,United States,M,174800.0,100.0,190000.0
2023,Research Scientist,Data Science and Research,USD,158080,158080,United States,Mid-level,Full-time,In-person,United States,M,145433.6,100.0,158080.0
2023,Data Analyst,Data Analysis,USD,182000,182000,United States,Senior,Full-time,Remote,United States,M,167440.0,100.0,182000.0
2023,Data Engineer,Data Engineering,USD,252000,252000,United States,Senior,Full-time,In-person,United States,M,231840.0,100.0,252000.0
2023,Data Engineer,Data Engineering,USD,129000,129000,United States,Senior,Full-time,In-person,United States,M,118680.0,100.0,129000.0
2023,Machine Learning Engineer,Machine Learning and AI,USD,231000,231000,United States,Senior,Full-time,In-person,United States,M,212520.0,100.0,231000.0
2023,Machine Learning Engineer,Machine Learning and AI,USD,200800,200800,United States,Senior,Full-time,In-person,United States,M,184736.0,100.0,200800.0
2023,Data Scientist,Data Science and Research,USD,159100,159100,United States,Senior,Full-time,Remote,United States,M,146372.0,100.0,159100.0
2023,Data Scientist,Data Science and Research,USD,120160,120160,United States,Senior,Full-time,Remote,United States,M,110547.2,100.0,120160.0
2023,Analytics Engineer,Leadership and Management,USD,140000,140000,United States,Senior,Full-time,Remote,United States,M,128800.0,100.0,140000.0
2023,Analytics Engineer,Leadership and Management,USD,110000,110000,United States,Senior,Full-time,Remote,United States,M,101200.0,100.0,110000.0
2023,Machine Learning Engineer,Machine Learning and AI,USD,165000,165000,United States,Mid-level,Full-time,In-person,United States,M,151800.0,100.0,165000.0
2023,Machine Learning Engineer,Machine Learning and AI,USD,149094,149094,United States,Mid-level,Full-time,In-person,United States,M,137166.48,100.0,149094.0
2023,Head of Data,Leadership and Management,USD,290000,290000,United States,Executive,Full-time,Remote,United States,L,266800.0,100.0,290000.0
2023,Business Intelligence Engineer,BI and Visualization,USD,247500,247500,United States,Senior,Full-time,In-person,United States,M,227700.0,100.0,247500.0
2023,Business Intelligence Engineer,BI and Visualization,USD,172200,172200,United States,Senior,Full-time,In-person,United States,M,158424.0,100.0,172200.0
2023,Data Analyst,Data Analysis,USD,72250,72250,United States,Senior,Full-time,Remote,United States,M,66470.0,100.0,72250.0
2023,Data Engineer,Data Engineering,USD,162500,162500,United States,Executive,Full-time,In-person,United States,M,149500.0,100.0,162500.0
2023,Data Quality Engineer,Data Quality and Operations,EUR,22000,23753,Portugal,Entry-level,Full-time,Hybrid,Portugal,L,21852.76,62.4,38065.71
2023,Research Analyst,Data Science and Research,USD,83000,83000,United States,Senior,Full-time,Remote,United States,M,76360.0,100.0,83000.0
2023,Research Analyst,Data Science and Research,USD,63967,63967,United States,Senior,Full-time,Remote,United States,M,58849.64,100.0,63967.0
2023,Research Analyst,Data Science and Research,USD,188600,188600,United States,Senior,Full-time,In-person,United States,M,173512.0,100.0,188600.0
2023,Research Analyst,Data Science and Research,USD,111550,111550,United States,Senior,Full-time,In-person,United States,M,102626.0,100.0,111550.0
2023,Machine Learning Engineer,Machine Learning and AI,USD,219300,219300,United States,Senior,Full-time,In-person,United States,M,201756.0,100.0,219300.0
2023,Machine Learning Engineer,Machine Learning and AI,USD,143000,143000,United States,Senior,Full-time,In-person,United States,M,131560.0,100.0,143000.0
2023,Machine Learning Engineer,Machine Learning and AI,USD,133300,133300,United States,Senior,Full-time,In-person,United States,M,122636.0,100.0,133300.0
2023,Data Engineer,Data Engineering,USD,80000,80000,United States,Senior,Full-time,Remote,United States,M,73600.0,100.0,80000.0
2023,Machine Learning Engineer,Machine Learning and AI,EUR,189000,204060,Germany,Senior,Full-time,Remote,Germany,M,187735.2,78.5,259949.04
2023,Machine Learning Engineer,Machine Learning and AI,EUR,130000,140358,Germany,Senior,Full-time,Remote,Germany,M,129129.36,78.5,178800.0
2023,Data Engineer,Data Engineering,USD,198900,198900,United States,Mid-level,Full-time,In-person,United States,M,182988.0,100.0,198900.0
2023,Data Engineer,Data Engineering,USD,183310,183310,United States,Mid-level,Full-time,In-person,United States,M,168645.2,100.0,183310.0
2023,Research Analyst,Data Science and Research,GBP,35000,43064,United Kingdom,Entry-level,Full-time,In-person,United Kingdom,M,39618.88,82.7,52072.55
2023,Machine Learning Engineer,Machine Learning and AI,USD,392000,392000,United States,Senior,Full-time,In-person,United States,M,360640.0,100.0,392000.0
2023,Machine Learning Engineer,Machine Learning and AI,USD,224000,224000,United States,Senior,Full-time,In-person,United States,M,206080.0,100.0,224000.0
2023,Data Engineer,Data Engineering,USD,233000,233000,United States,Senior,Full-time,In-person,United States,M,214360.0,100.0,233000.0
2023,Data Engineer,Data Engineering,USD,199098,199098,United States,Senior,Full-time,In-person,United States,M,183170.16,100.0,199098.0
2023,Data Engineer,Data Engineering,USD,172000,172000,United States,Senior,Full-time,Remote,United States,M,158240.0,100.0,172000.0
2023,Data Engineer,Data Engineering,USD,107000,107000,United States,Senior,Full-time,Remote,United States,M,98440.0,100.0,107000.0
2023,Data Engineer,Data Engineering,USD,128000,128000,United States,Mid-level,Full-time,In-person,United States,M,117760.0,100.0,128000.0
2023,Data Engineer,Data Engineering,USD,81500,81500,United States,Mid-level,Full-time,In-person,United States,M,74980.0,100.0,81500.0
2023,ML Engineer,Machine Learning and AI,USD,208450,208450,United States,Senior,Full-time,In-person,United States,M,191774.0,100.0,208450.0
2023,ML Engineer,Machine Learning and AI,USD,151600,151600,United States,Senior,Full-time,In-person,United States,M,139472.0,100.0,151600.0
2023,Research Engineer,Data Science and Research,USD,240960,240960,United States,Senior,Full-time,In-person,United States,M,221683.2,100.0,240960.0
2023,Research Engineer,Data Science and Research,USD,200800,200800,United States,Senior,Full-time,In-person,United States,M,184736.0,100.0,200800.0
2023,Data Scientist,Data Science and Research,USD,120681,120681,United States,Mid-level,Full-time,In-person,United States,M,111026.52,100.0,120681.0
2023,Data Scientist,Data Science and Research,USD,72409,72409,United States,Mid-level,Full-time,In-person,United States,M,66616.28,100.0,72409.0
2023,Research Engineer,Data Science and Research,USD,250000,250000,United States,Senior,Full-time,Remote,United States,M,230000.0,100.0,250000.0
2023,Research Engineer,Data Science and Research,USD,176000,176000,United States,Senior,Full-time,Remote,United States,M,161920.0,100.0,176000.0
2023,Research Scientist,Data Science and Research,USD,250000,250000,United States,Senior,Full-time,In-person,United States,M,230000.0,100.0,250000.0
2023,Research Scientist,Data Science and Research,USD,170000,170000,United States,Senior,Full-time,In-person,United States,M,156400.0,100.0,170000.0
2023,Principal Machine Learning Engineer,Machine Learning and AI,BRL,195000,38290,Brazil,Senior,Full-time,Hybrid,Brazil,L,35226.8,37.5,102106.67
2023,AI Architect,Machine Learning and AI,EUR,200000,215936,Belgium,Executive,Full-time,Remote,United States,L,198661.12,100.0,215936.0
2023,Data Scientist,Data Science and Research,USD,178560,178560,United States,Senior,Full-time,In-person,United States,M,164275.2,100.0,178560.0
2023,Data Scientist,Data Science and Research,USD,148800,148800,United States,Senior,Full-time,In-person,United States,M,136896.0,100.0,148800.0
2023,Deep Learning Engineer,Machine Learning and AI,USD,331640,331640,United States,Senior,Full-time,In-person,United States,M,305108.8,100.0,331640.0
2023,Deep Learning Engineer,Machine Learning and AI,USD,283780,283780,United States,Senior,Full-time,In-person,United States,M,261077.6,100.0,283780.0
2023,Data Engineer,Data Engineering,USD,167954,167954,United States,Executive,Full-time,In-person,United States,M,154517.68,100.0,167954.0
2023,Data Engineer,Data Engineering,USD,115830,115830,United States,Executive,Full-time,In-person,United States,M,106563.6,100.0,115830.0
2023,Machine Learning Engineer,Machine Learning and AI,USD,125000,125000,United States,Senior,Full-time,In-person,United States,M,115000.0,100.0,125000.0
2023,Data Visualization Specialist,BI and Visualization,USD,185000,185000,United States,Senior,Full-time,In-person,United States,M,170200.0,100.0,185000.0
2023,Data Visualization Specialist,BI and Visualization,USD,50000,50000,United States,Senior,Full-time,In-person,United States,M,46000.0,100.0,50000.0
2023,Data Engineer,Data Engineering,USD,331640,331640,United States,Senior,Full-time,In-person,United States,M,305108.8,100.0,331640.0
2023,Data Engineer,Data Engineering,USD,283780,283780,United States,Senior,Full-time,In-person,United States,M,261077.6,100.0,283780.0
2023,Research Engineer,Data Science and Research,USD,189110,189110,United States,Senior,Full-time,In-person,United States,M,173981.2,100.0,189110.0
2023,Research Engineer,Data Science and Research,USD,139000,139000,United States,Senior,Full-time,In-person,United States,M,127880.0,100.0,139000.0
2023,ML Engineer,Machine Learning and AI,USD,199000,199000,United States,Senior,Full-time,Remote,United States,M,183080.0,100.0,199000.0
2023,ML Engineer,Machine Learning and AI,USD,145000,145000,United States,Senior,Full-time,Remote,United States,M,133400.0,100.0,145000.0
2023,MLOps Engineer,Machine Learning and AI,USD,199000,199000,United States,Senior,Full-time,In-person,United States,M,183080.0,100.0,199000.0
2023,MLOps Engineer,Machine Learning and AI,USD,142000,142000,United States,Senior,Full-time,In-person,United States,M,130640.0,100.0,142000.0
2023,Analytics Engineer,Leadership and Management,USD,230000,230000,United Kingdom,Senior,Full-time,Remote,United Kingdom,M,211600.0,82.7,278113.66
2023,Analytics Engineer,Leadership and Management,USD,170000,170000,United Kingdom,Senior,Full-time,Remote,United Kingdom,M,156400.0,82.7,205562.27
2023,Data Analyst,Data Analysis,USD,66000,66000,United States,Senior,Full-time,In-person,United States,M,60720.0,100.0,66000.0
2023,Data Analyst,Data Analysis,USD,52000,52000,United States,Senior,Full-time,In-person,United States,M,47840.0,100.0,52000.0
2023,Data Scientist,Data Science and Research,USD,200000,200000,United States,Senior,Full-time,Remote,United States,M,184000.0,100.0,200000.0
2023,Analytics Engineer,Leadership and Management,USD,178560,178560,United States,Senior,Full-time,In-person,United States,M,164275.2,100.0,178560.0
2023,Analytics Engineer,Leadership and Management,USD,148800,148800,United States,Senior,Full-time,In-person,United States,M,136896.0,100.0,148800.0
2023,AI Architect,Machine Learning and AI,USD,200000,200000,United States,Senior,Full-time,Remote,United States,L,184000.0,100.0,200000.0
2023,Data Analyst,Data Analysis,USD,166500,166500,United States,Senior,Full-time,In-person,United States,M,153180.0,100.0,166500.0
2023,Data Analyst,Data Analysis,USD,113220,113220,United States,Senior,Full-time,In-person,United States,M,104162.4,100.0,113220.0
2023,ML Engineer,Machine Learning and AI,USD,365630,365630,United States,Senior,Full-time,In-person,United States,M,336379.6,100.0,365630.0
2023,Data Engineer,Data Engineering,USD,229000,229000,United States,Senior,Full-time,In-person,United States,M,210680.0,100.0,229000.0
2023,Data Scientist,Data Science and Research,USD,185000,185000,United States,Senior,Full-time,In-person,United States,L,170200.0,100.0,185000.0
2023,Data Scientist,Data Science and Research,USD,86700,86700,United States,Senior,Full-time,In-person,United States,L,79764.0,100.0,86700.0
2023,Data Analyst,Data Analysis,USD,192300,192300,United States,Senior,Full-time,Remote,United States,M,176916.0,100.0,192300.0
2023,Data Analyst,Data Analysis,USD,153800,153800,United States,Senior,Full-time,Remote,United States,M,141496.0,100.0,153800.0
2023,Business Intelligence Data Analyst,Data Analysis,CAD,91000,67419,Canada,Mid-level,Full-time,Hybrid,Canada,L,62025.48,79.3,85017.65
2023,Data Analyst,Data Analysis,USD,131650,131650,United States,Mid-level,Full-time,In-person,United States,M,121118.0,100.0,131650.0
2023,Data Analyst,Data Analysis,USD,105320,105320,United States,Mid-level,Full-time,In-person,United States,M,96894.4,100.0,105320.0
2023,Decision Scientist,Data Science and Research,USD,126400,126400,United States,Senior,Full-time,In-person,United States,M,116288.0,100.0,126400.0
2023,Machine Learning Engineer,Machine Learning and AI,USD,235400,235400,United States,Senior,Full-time,Remote,United States,M,216568.0,100.0,235400.0
2023,Machine Learning Engineer,Machine Learning and AI,USD,160080,160080,United States,Senior,Full-time,Remote,United States,M,147273.6,100.0,160080.0
2023,Data Analyst,Data Analysis,USD,146190,146190,United States,Senior,Full-time,In-person,United States,M,134494.8,100.0,146190.0
2023,Research Scientist,Data Science and Research,USD,175000,175000,United States,Mid-level,Full-time,Remote,United States,M,161000.0,100.0,175000.0
2023,Data Scientist,Data Science and Research,USD,228856,228856,United Kingdom,Executive,Full-time,Remote,United Kingdom,M,210547.52,82.7,276730.35
2023,Data Scientist,Data Science and Research,USD,144540,144540,United Kingdom,Executive,Full-time,Remote,United Kingdom,M,132976.8,82.7,174776.3
2023,Research Scientist,Data Science and Research,USD,151800,151800,United States,Senior,Full-time,In-person,United States,M,139656.0,100.0,151800.0
2023,Data Architect,Data Architecture and Modeling,USD,150000,150000,United States,Mid-level,Full-time,In-person,United States,M,138000.0,100.0,150000.0
2023,Data Architect,Data Architecture and Modeling,USD,100000,100000,United States,Mid-level,Full-time,In-person,United States,M,92000.0,100.0,100000.0
2023,Data Scientist,Data Science and Research,USD,126500,126500,United States,Senior,Full-time,In-person,United States,M,116380.0,100.0,126500.0
2023,Data Scientist,Data Science and Research,USD,78000,78000,United States,Senior,Full-time,In-person,United States,M,71760.0,100.0,78000.0
2023,Data Analyst,Data Analysis,USD,126500,126500,United States,Senior,Full-time,In-person,United States,M,116380.0,100.0,126500.0
2023,Data Analyst,Data Analysis,USD,78000,78000,United States,Senior,Full-time,In-person,United States,M,71760.0,100.0,78000.0
2023,Data Scientist,Data Science and Research,USD,70000,70000,United States,Senior,Full-time,In-person,United States,M,64400.0,100.0,70000.0
2023,Machine Learning Engineer,Machine Learning and AI,USD,300000,300000,United Kingdom,Mid-level,Full-time,In-person,United Kingdom,M,276000.0,82.7,362756.95
2023,Machine Learning Engineer,Machine Learning and AI,USD,200000,200000,United Kingdom,Mid-level,Full-time,In-person,United Kingdom,M,184000.0,82.7,241837.97
2023,Data Engineer,Data Engineering,USD,96000,96000,United States,Senior,Full-time,Remote,United States,M,88320.0,100.0,96000.0
2023,Data Engineer,Data Engineering,USD,72000,72000,United States,Senior,Full-time,Remote,United States,M,66240.0,100.0,72000.0
2023,Data Scientist,Data Science and Research,USD,205150,205150,United States,Senior,Full-time,Remote,United States,M,188738.0,100.0,205150.0
2023,Data Scientist,Data Science and Research,USD,167850,167850,United States,Senior,Full-time,Remote,United States,M,154422.0,100.0,167850.0
2023,Data Scientist,Data Science and Research,USD,222750,222750,United States,Senior,Full-time,In-person,United States,M,204930.0,100.0,222750.0
2023,Data Scientist,Data Science and Research,USD,182250,182250,United States,Senior,Full-time,In-person,United States,M,167670.0,100.0,182250.0
2023,Data Science Engineer,Data Science and Research,CHF,95000,104024,Switzerland,Entry-level,Full-time,Hybrid,Switzerland,S,95702.08,122.4,84986.93
2023,Data Scientist,Data Science and Research,EUR,47000,50745,Andorra,Mid-level,Full-time,Hybrid,Andorra,S,46685.4,76.3,66507.21
2023,Machine Learning Engineer,Machine Learning and AI,USD,148594,148594,United States,Senior,Full-time,In-person,United States,M,136706.48,100.0,148594.0
2023,Data Scientist,Data Science and Research,USD,206000,206000,United States,Senior,Full-time,Remote,United States,M,189520.0,100.0,206000.0
2023,Data Scientist,Data Science and Research,USD,140250,140250,United States,Senior,Full-time,Remote,United States,M,129030.0,100.0,140250.0
2023,Data Analytics Manager,Leadership and Management,USD,254500,254500,United States,Senior,Full-time,Remote,United States,L,234140.0,100.0,254500.0
2023,Data Analytics Manager,Leadership and Management,USD,130900,130900,United States,Senior,Full-time,Remote,United States,L,120428.0,100.0,130900.0
2023,Data Scientist,Data Science and Research,USD,198000,198000,United States,Senior,Full-time,Remote,United States,M,182160.0,100.0,198000.0
2023,Data Scientist,Data Science and Research,USD,124000,124000,United States,Senior,Full-time,Remote,United States,M,114080.0,100.0,124000.0
2023,BI Analyst,BI and Visualization,USD,234485,234485,United States,Senior,Full-time,Remote,United States,M,215726.2,100.0,234485.0
2023,BI Analyst,BI and Visualization,USD,112655,112655,United States,Senior,Full-time,Remote,United States,M,103642.6,100.0,112655.0
2023,Data Analyst,Data Analysis,USD,125000,125000,United States,Entry-level,Full-time,In-person,United States,M,115000.0,100.0,125000.0
2023,Data Scientist,Data Science and Research,GBP,42000,51676,United Kingdom,Mid-level,Full-time,In-person,United Kingdom,M,47541.92,82.7,62486.09
2023,Data Engineer,Data Engineering,EUR,65000,70179,France,Mid-level,Full-time,Remote,France,M,64564.68,79.8,87943.61
2023,Data Engineer,Data Engineering,EUR,60000,64781,France,Mid-level,Full-time,Remote,France,M,59598.52,79.8,81179.2
2023,Data Scientist,Data Science and Research,USD,258000,258000,Canada,Senior,Full-time,In-person,Canada,M,237360.0,79.3,325346.78
2023,Data Scientist,Data Science and Research,USD,190000,190000,Canada,Senior,Full-time,In-person,Canada,M,174800.0,79.3,239596.47
2023,Data Scientist,Data Science and Research,USD,184184,184184,United States,Senior,Full-time,Remote,United States,M,169449.28,100.0,184184.0
2023,Data Scientist,Data Science and Research,USD,167441,167441,United States,Senior,Full-time,Remote,United States,M,154045.72,100.0,167441.0
2023,AI Programmer,Machine Learning and AI,CAD,100000,74087,Canada,Entry-level,Full-time,Remote,Canada,L,68160.04,79.3,93426.23
2023,Data Scientist,Data Science and Research,EUR,30000,32390,Netherlands,Entry-level,Full-time,In-person,Netherlands,L,29798.8,82.6,39213.08
2023,Data Engineer,Data Engineering,USD,204500,204500,United States,Executive,Full-time,In-person,United States,M,188140.0,100.0,204500.0
2023,Analytics Engineer,Leadership and Management,USD,90000,90000,United States,Entry-level,Full-time,In-person,United States,M,82800.0,100.0,90000.0
2023,Analytics Engineer,Leadership and Management,USD,84000,84000,United States,Entry-level,Full-time,In-person,United States,M,77280.0,100.0,84000.0
2023,Data Engineer,Data Engineering,USD,202400,202400,United States,Senior,Full-time,Remote,United States,M,186208.0,100.0,202400.0
2023,Data Engineer,Data Engineering,USD,147200,147200,United States,Senior,Full-time,Remote,United States,M,135424.0,100.0,147200.0
2023,Data Scientist,Data Science and Research,USD,139500,139500,United States,Senior,Full-time,Remote,United States,M,128340.0,100.0,139500.0
2023,Data Scientist,Data Science and Research,USD,90000,90000,United States,Senior,Full-time,Remote,United States,M,82800.0,100.0,90000.0
2023,Business Intelligence Engineer,BI and Visualization,USD,192000,192000,United States,Senior,Full-time,In-person,United States,M,176640.0,100.0,192000.0
2023,Business Intelligence Engineer,BI and Visualization,USD,142000,142000,United States,Senior,Full-time,In-person,United States,M,130640.0,100.0,142000.0
2023,Data Operations Manager,Data Quality and Operations,USD,143000,143000,United States,Senior,Full-time,Remote,United States,M,131560.0,100.0,143000.0
2023,Data Operations Manager,Data Quality and Operations,USD,129000,129000,United States,Senior,Full-time,Remote,United States,M,118680.0,100.0,129000.0
2023,Data Scientist,Data Science and Research,USD,191000,191000,United States,Senior,Full-time,Remote,United States,M,175720.0,100.0,191000.0
2023,Data Specialist,Data Management and Strategy,USD,85000,85000,United States,Senior,Full-time,In-person,United States,M,78200.0,100.0,85000.0
2023,Data Specialist,Data Management and Strategy,USD,70000,70000,United States,Senior,Full-time,In-person,United States,M,64400.0,100.0,70000.0
2023,Data Engineer,Data Engineering,GBP,120000,147648,United Kingdom,Senior,Full-time,Remote,United Kingdom,M,135836.16,82.7,178534.46
2023,Data Engineer,Data Engineering,GBP,80000,98432,United Kingdom,Senior,Full-time,Remote,United Kingdom,M,90557.44,82.7,119022.97
2023,Machine Learning Engineer,Machine Learning and AI,USD,144800,144800,United States,Senior,Full-time,In-person,United States,M,133216.0,100.0,144800.0
2023,Data Analyst,Data Analysis,USD,250000,250000,United States,Mid-level,Full-time,Remote,United States,M,230000.0,100.0,250000.0
2023,Data Scientist,Data Science and Research,USD,16000,16000,Ecuador,Entry-level,Full-time,Remote,Ecuador,L,14720.0,38.2,41884.82
2023,Data Engineer,Data Engineering,USD,27000,27000,Peru,Mid-level,Full-time,Remote,Portugal,S,24840.0,62.4,43269.23
2023,Data Manager,Leadership and Management,USD,72000,72000,Mexico,Executive,Full-time,Remote,Mexico,S,66240.0,33.5,214925.37
2023,Data Engineer,Data Engineering,USD,172900,172900,United States,Senior,Full-time,In-person,United States,M,159068.0,100.0,172900.0
2023,Data Engineer,Data Engineering,USD,144100,144100,United States,Senior,Full-time,In-person,United States,M,132572.0,100.0,144100.0
2023,BI Analyst,BI and Visualization,USD,160000,160000,United States,Senior,Full-time,In-person,United States,M,147200.0,100.0,160000.0
2023,BI Analyst,BI and Visualization,USD,135000,135000,United States,Senior,Full-time,In-person,United States,M,124200.0,100.0,135000.0
2023,Data Analyst,Data Analysis,USD,101500,101500,United States,Senior,Full-time,Remote,United States,M,93380.0,100.0,101500.0
2023,Data Analyst,Data Analysis,USD,83700,83700,United States,Senior,Full-time,Remote,United States,M,77004.0,100.0,83700.0
2023,Data Scientist,Data Science and Research,USD,283000,283000,United States,Senior,Full-time,In-person,United States,M,260360.0,100.0,283000.0
2023,Data Scientist,Data Science and Research,USD,184000,184000,United States,Senior,Full-time,In-person,United States,M,169280.0,100.0,184000.0
2023,Data Scientist,Data Science and Research,USD,220000,220000,United States,Executive,Full-time,In-person,United States,M,202400.0,100.0,220000.0
2023,Data Scientist,Data Science and Research,USD,185000,185000,United States,Executive,Full-time,In-person,United States,M,170200.0,100.0,185000.0
2023,Applied Scientist,Data Science and Research,USD,246500,246500,United States,Senior,Full-time,In-person,United States,M,226780.0,100.0,246500.0
2023,Applied Scientist,Data Science and Research,USD,133500,133500,United States,Senior,Full-time,In-person,United States,M,122820.0,100.0,133500.0
2023,Data Scientist,Data Science and Research,USD,174000,174000,United States,Senior,Full-time,Remote,United States,M,160080.0,100.0,174000.0
2023,Data Scientist,Data Science and Research,USD,134000,134000,United States,Senior,Full-time,Remote,United States,M,123280.0,100.0,134000.0
2023,Head of Data Science,Data Science and Research,USD,330000,330000,United States,Executive,Full-time,In-person,United States,M,303600.0,100.0,330000.0
2023,Head of Data Science,Data Science and Research,USD,230000,230000,United States,Executive,Full-time,In-person,United States,M,211600.0,100.0,230000.0
2023,Data Manager,Leadership and Management,USD,167000,167000,United States,Mid-level,Full-time,In-person,United States,M,153640.0,100.0,167000.0
2023,Data Manager,Leadership and Management,USD,109000,109000,United States,Mid-level,Full-time,In-person,United States,M,100280.0,100.0,109000.0
2020,Data Analyst,Data Analysis,EUR,42000,47899,Germany,Entry-level,Full-time,In-person,Germany,L,44067.08,78.5,61017.83
2023,Lead Machine Learning Engineer,Machine Learning and AI,USD,115000,115000,Moldova,Senior,Full-time,Remote,Israel,S,105800.0,86.7,132641.29
2023,Machine Learning Engineer,Machine Learning and AI,USD,145000,145000,United States,Senior,Full-time,Remote,United States,M,133400.0,100.0,145000.0
2023,Machine Learning Engineer,Machine Learning and AI,USD,284000,284000,United States,Senior,Full-time,Remote,United States,M,261280.0,100.0,284000.0
2023,Machine Learning Engineer,Machine Learning and AI,USD,227000,227000,United States,Senior,Full-time,Remote,United States,M,208840.0,100.0,227000.0
2023,Research Scientist,Data Science and Research,USD,205000,205000,United States,Senior,Full-time,In-person,United States,M,188600.0,100.0,205000.0
2023,Research Scientist,Data Science and Research,USD,160000,160000,United States,Senior,Full-time,In-person,United States,M,147200.0,100.0,160000.0
2023,Machine Learning Engineer,Machine Learning and AI,USD,191400,191400,United States,Senior,Full-time,In-person,United States,M,176088.0,100.0,191400.0
2023,Machine Learning Engineer,Machine Learning and AI,USD,127600,127600,United States,Senior,Full-time,In-person,United States,M,117392.0,100.0,127600.0
2023,Machine Learning Engineer,Machine Learning and AI,USD,230000,230000,United States,Senior,Full-time,Remote,United States,M,211600.0,100.0,230000.0
2023,Data Quality Analyst,Data Quality and Operations,USD,95000,95000,United States,Mid-level,Full-time,In-person,United States,M,87400.0,100.0,95000.0
2023,Data Quality Analyst,Data Quality and Operations,USD,70000,70000,United States,Mid-level,Full-time,In-person,United States,M,64400.0,100.0,70000.0
2023,Data Engineer,Data Engineering,USD,258000,258000,United States,Mid-level,Full-time,In-person,United States,M,237360.0,100.0,258000.0
2023,Data Engineer,Data Engineering,USD,171000,171000,United States,Mid-level,Full-time,In-person,United States,M,157320.0,100.0,171000.0
2023,Data Engineer,Data Engineering,USD,87000,87000,Canada,Senior,Full-time,In-person,Canada,M,80040.0,79.3,109709.96
2023,Data Engineer,Data Engineering,USD,73000,73000,Canada,Senior,Full-time,In-person,Canada,M,67160.0,79.3,92055.49
2023,AI Scientist,Machine Learning and AI,USD,20000,20000,Turkey,Entry-level,Full-time,Remote,Turkey,S,18400.0,30.9,64724.92
2020,Managing Director Data Science,Data Science and Research,USD,300000,300000,United States,Executive,Full-time,Remote,United States,L,276000.0,100.0,300000.0
2023,Data Modeller,Data Architecture and Modeling,GBP,90000,110736,United Kingdom,Mid-level,Full-time,In-person,United Kingdom,M,101877.12,82.7,133900.85
2023,Data Modeller,Data Architecture and Modeling,GBP,45000,55368,United Kingdom,Mid-level,Full-time,In-person,United Kingdom,M,50938.56,82.7,66950.42
2023,Data Engineer,Data Engineering,USD,151840,151840,United States,Senior,Full-time,In-person,United States,M,139692.8,100.0,151840.0
2023,Data Engineer,Data Engineering,USD,163152,163152,United States,Senior,Full-time,In-person,United States,M,150099.84,100.0,163152.0
2023,Data Engineer,Data Engineering,USD,108768,108768,United States,Senior,Full-time,In-person,United States,M,100066.56,100.0,108768.0
2023,Machine Learning Engineer,Machine Learning and AI,USD,285000,285000,United States,Senior,Full-time,In-person,United States,M,262200.0,100.0,285000.0
2023,Machine Learning Engineer,Machine Learning and AI,USD,193900,193900,United States,Senior,Full-time,In-person,United States,M,178388.0,100.0,193900.0
2023,Research Scientist,Data Science and Research,USD,345000,345000,United States,Senior,Full-time,In-person,United States,M,317400.0,100.0,345000.0
2023,Research Scientist,Data Science and Research,USD,234700,234700,United States,Senior,Full-time,In-person,United States,M,215924.0,100.0,234700.0
2023,AI Scientist,Machine Learning and AI,USD,100000,100000,Turkey,Senior,Full-time,Remote,United States,S,92000.0,100.0,100000.0
2023,Finance Data Analyst,Data Analysis,USD,40000,40000,Nigeria,Entry-level,Full-time,In-person,Nigeria,S,36800.0,21.5,186046.51
2023,Data Engineer,Data Engineering,USD,241000,241000,United States,Senior,Full-time,In-person,United States,M,221720.0,100.0,241000.0
2023,Software Data Engineer,Data Engineering,USD,210000,210000,United States,Senior,Full-time,Remote,United States,L,193200.0,100.0,210000.0
2023,Machine Learning Research Engineer,Data Science and Research,USD,90000,90000,Saudi Arabia,Mid-level,Full-time,Remote,Saudi Arabia,M,82800.0,49.3,182555.78
2023,Data Analyst,Data Analysis,EUR,55000,59382,Germany,Mid-level,Full-time,Hybrid,Germany,L,54631.44,78.5,75645.86
2023,Analytics Engineer,Leadership and Management,USD,90000,90000,United States,Senior,Full-time,In-person,United States,M,82800.0,100.0,90000.0
2023,Analytics Engineer,Leadership and Management,USD,84000,84000,United States,Senior,Full-time,In-person,United States,M,77280.0,100.0,84000.0
2023,Data Analyst,Data Analysis,USD,160000,160000,United States,Senior,Full-time,Remote,United States,M,147200.0,100.0,160000.0
2023,Analytics Engineer,Leadership and Management,USD,221300,221300,United States,Senior,Full-time,In-person,United States,M,203596.0,100.0,221300.0
2023,Analytics Engineer,Leadership and Management,USD,147500,147500,United States,Senior,Full-time,In-person,United States,M,135700.0,100.0,147500.0
2023,Machine Learning Engineer,Machine Learning and AI,USD,210000,210000,United States,Senior,Full-time,Remote,United States,M,193200.0,100.0,210000.0
2023,Machine Learning Engineer,Machine Learning and AI,USD,160000,160000,United States,Senior,Full-time,Remote,United States,M,147200.0,100.0,160000.0
2023,Analytics Engineer,Leadership and Management,USD,192000,192000,United States,Senior,Full-time,Remote,United States,M,176640.0,100.0,192000.0
2023,Analytics Engineer,Leadership and Management,USD,151000,151000,United States,Senior,Full-time,Remote,United States,M,138920.0,100.0,151000.0
2023,Data Scientist,Data Science and Research,USD,169000,169000,United States,Senior,Full-time,In-person,United States,M,155480.0,100.0,169000.0
2023,Data Engineer,Data Engineering,USD,204500,204500,United States,Senior,Full-time,In-person,United States,M,188140.0,100.0,204500.0
2023,Data Engineer,Data Engineering,USD,142200,142200,United States,Senior,Full-time,In-person,United States,M,130824.0,100.0,142200.0
2023,Business Intelligence Engineer,BI and Visualization,USD,210000,210000,United States,Senior,Full-time,In-person,United States,M,193200.0,100.0,210000.0
2023,Business Intelligence Engineer,BI and Visualization,USD,170000,170000,United States,Senior,Full-time,In-person,United States,M,156400.0,100.0,170000.0
2023,Data Engineer,Data Engineering,USD,72000,72000,Colombia,Mid-level,Full-time,Remote,Colombia,M,66240.0,27.9,258064.52
2023,Data Engineer,Data Engineering,USD,60000,60000,Colombia,Mid-level,Full-time,Remote,Colombia,M,55200.0,27.9,215053.76
2023,Analytics Engineer,Leadership and Management,USD,210000,210000,United States,Senior,Full-time,Remote,United States,M,193200.0,100.0,210000.0
2023,Analytics Engineer,Leadership and Management,USD,159090,159090,United States,Senior,Full-time,Remote,United States,M,146362.8,100.0,159090.0
2023,Data Analyst,Data Analysis,USD,94400,94400,United States,Senior,Full-time,Remote,United States,M,86848.0,100.0,94400.0
2023,Data Architect,Data Architecture and Modeling,USD,90000,90000,United States,Mid-level,Full-time,Remote,United States,M,82800.0,100.0,90000.0
2023,Data Scientist,Data Science and Research,USD,190000,190000,Canada,Mid-level,Full-time,Remote,Canada,M,174800.0,79.3,239596.47
2023,Data Scientist,Data Science and Research,USD,125000,125000,Canada,Mid-level,Full-time,Remote,Canada,M,115000.0,79.3,157629.26
2023,Data Engineer,Data Engineering,USD,130002,130002,United States,Entry-level,Full-time,Remote,United States,M,119601.84,100.0,130002.0
2023,Data Engineer,Data Engineering,USD,71908,71908,United States,Entry-level,Full-time,Remote,United States,M,66155.36,100.0,71908.0
2023,Data Analyst,Data Analysis,USD,60000,60000,United States,Mid-level,Full-time,In-person,United States,M,55200.0,100.0,60000.0
2023,AI Scientist,Machine Learning and AI,AUD,121000,81838,Australia,Mid-level,Full-time,Remote,Australia,L,75290.96,76.8,106559.9
2023,Compliance Data Analyst,Data Analysis,USD,60000,60000,United States,Entry-level,Full-time,Remote,United States,L,55200.0,100.0,60000.0
2023,Data Scientist,Data Science and Research,USD,255000,255000,United States,Senior,Full-time,In-person,United States,M,234600.0,100.0,255000.0
2023,Analytics Engineer,Leadership and Management,USD,116990,116990,United States,Senior,Full-time,Remote,United States,M,107630.8,100.0,116990.0
2023,Analytics Engineer,Leadership and Management,USD,82920,82920,United States,Senior,Full-time,Remote,United States,M,76286.4,100.0,82920.0
2023,Analytics Engineer,Leadership and Management,USD,159000,159000,United States,Senior,Full-time,Remote,United States,M,146280.0,100.0,159000.0
2023,Analytics Engineer,Leadership and Management,USD,105000,105000,United States,Senior,Full-time,Remote,United States,M,96600.0,100.0,105000.0
2023,Research Scientist,Data Science and Research,USD,155000,155000,United States,Mid-level,Full-time,In-person,United States,M,142600.0,100.0,155000.0
2023,Research Scientist,Data Science and Research,USD,102000,102000,United States,Mid-level,Full-time,In-person,United States,M,93840.0,100.0,102000.0
2023,Research Scientist,Data Science and Research,USD,374000,374000,United States,Senior,Full-time,In-person,United States,M,344080.0,100.0,374000.0
2023,Research Scientist,Data Science and Research,USD,197500,197500,United States,Senior,Full-time,In-person,United States,M,181700.0,100.0,197500.0
2023,Data Scientist,Data Science and Research,USD,187000,187000,United States,Senior,Full-time,In-person,United States,M,172040.0,100.0,187000.0
2023,Applied Scientist,Data Science and Research,USD,20000,20000,Nigeria,Mid-level,Full-time,Remote,United States,L,18400.0,100.0,20000.0
2023,Data Scientist,Data Science and Research,USD,195000,195000,United States,Senior,Full-time,Remote,United States,M,179400.0,100.0,195000.0
2023,Data Scientist,Data Science and Research,USD,119000,119000,United States,Senior,Full-time,Remote,United States,M,109480.0,100.0,119000.0
2023,Data Science Engineer,Data Science and Research,USD,266450,266450,United States,Senior,Full-time,In-person,United States,M,245134.0,100.0,266450.0
2023,Data Science Engineer,Data Science and Research,USD,177700,177700,United States,Senior,Full-time,In-person,United States,M,163484.0,100.0,177700.0
2023,Data Operations Specialist,Data Quality and Operations,USD,55720,55720,United States,Senior,Full-time,Remote,United States,M,51262.4,100.0,55720.0
2023,Data Operations Specialist,Data Quality and Operations,USD,50700,50700,United States,Senior,Full-time,Remote,United States,M,46644.0,100.0,50700.0
2021,Business Data Analyst,Data Analysis,USD,56000,56000,Ghana,Mid-level,Part-time,Remote,United States,M,51520.0,100.0,56000.0
2023,Data Architect,Data Architecture and Modeling,USD,135000,135000,United States,Mid-level,Full-time,In-person,United States,M,124200.0,100.0,135000.0
2023,Data Architect,Data Architecture and Modeling,USD,115000,115000,United States,Mid-level,Full-time,In-person,United States,M,105800.0,100.0,115000.0
2023,Machine Learning Software Engineer,Machine Learning and AI,USD,302000,302000,United States,Senior,Full-time,In-person,United States,M,277840.0,100.0,302000.0
2023,Machine Learning Software Engineer,Machine Learning and AI,USD,189000,189000,United States,Senior,Full-time,In-person,United States,M,173880.0,100.0,189000.0
2023,Machine Learning Engineer,Machine Learning and AI,USD,220000,220000,United States,Senior,Full-time,Remote,United States,M,202400.0,100.0,220000.0
2023,BI Analyst,BI and Visualization,USD,150000,150000,United States,Senior,Full-time,Remote,United States,M,138000.0,100.0,150000.0
2023,BI Analyst,BI and Visualization,USD,93000,93000,United States,Senior,Full-time,Remote,United States,M,85560.0,100.0,93000.0
2022,Data Science Manager,Data Science and Research,USD,190000,190000,United States,Senior,Full-time,Remote,United States,L,174800.0,100.0,190000.0
2023,Data Engineer,Data Engineering,PLN,200000,46565,Poland,Senior,Full-time,Remote,Poland,L,42839.8,52.4,88864.5
2023,Machine Learning Engineer,Machine Learning and AI,USD,216000,216000,United States,Senior,Full-time,Remote,United States,M,198720.0,100.0,216000.0
2023,Machine Learning Engineer,Machine Learning and AI,USD,184000,184000,United States,Senior,Full-time,Remote,United States,M,169280.0,100.0,184000.0
2023,Data Science Consultant,Data Science and Research,USD,100000,100000,United States,Mid-level,Full-time,Remote,United States,M,92000.0,100.0,100000.0
2023,Data Scientist,Data Science and Research,USD,128750,128750,United States,Mid-level,Full-time,In-person,United States,M,118450.0,100.0,128750.0
2023,Data Scientist,Data Science and Research,USD,79350,79350,United States,Mid-level,Full-time,In-person,United States,M,73002.0,100.0,79350.0
2023,Research Engineer,Data Science and Research,USD,155000,155000,United States,Mid-level,Full-time,In-person,United States,M,142600.0,100.0,155000.0
2023,Research Engineer,Data Science and Research,USD,125000,125000,United States,Mid-level,Full-time,In-person,United States,M,115000.0,100.0,125000.0
2023,Machine Learning Engineer,Machine Learning and AI,USD,273400,273400,United States,Senior,Full-time,Remote,United States,M,251528.0,100.0,273400.0
2023,Machine Learning Engineer,Machine Learning and AI,USD,182200,182200,United States,Senior,Full-time,Remote,United States,M,167624.0,100.0,182200.0
2023,Data Analyst,Data Analysis,USD,165000,165000,Australia,Mid-level,Full-time,In-person,Australia,M,151800.0,76.8,214843.75
2023,Data Analyst,Data Analysis,USD,142500,142500,Australia,Mid-level,Full-time,In-person,Australia,M,131100.0,76.8,185546.88
2023,Data Scientist,Data Science and Research,USD,213654,213654,United Kingdom,Senior,Full-time,In-person,United Kingdom,M,196561.68,82.7,258348.25
2023,Data Scientist,Data Science and Research,USD,142436,142436,United Kingdom,Senior,Full-time,In-person,United Kingdom,M,131041.12,82.7,172232.16
2023,Data Engineer,Data Engineering,USD,124230,124230,United States,Senior,Full-time,Remote,United States,M,114291.6,100.0,124230.0
2023,Data Engineer,Data Engineering,USD,68637,68637,United States,Senior,Full-time,Remote,United States,M,63146.04,100.0,68637.0
2023,Data Engineer,Data Engineering,USD,204000,204000,United States,Mid-level,Full-time,Remote,United States,M,187680.0,100.0,204000.0
2023,Data Engineer,Data Engineering,USD,161500,161500,United States,Mid-level,Full-time,Remote,United States,M,148580.0,100.0,161500.0
2023,Decision Scientist,Data Science and Research,USD,185900,185900,United States,Senior,Full-time,In-person,United States,M,171028.0,100.0,185900.0
2023,Decision Scientist,Data Science and Research,USD,129300,129300,United States,Senior,Full-time,In-person,United States,M,118956.0,100.0,129300.0
2023,Data Scientist,Data Science and Research,USD,148750,148750,United States,Senior,Full-time,In-person,United States,M,136850.0,100.0,148750.0
2023,Data Scientist,Data Science and Research,USD,95000,95000,United States,Senior,Full-time,Remote,United States,M,87400.0,100.0,95000.0
2023,ML Engineer,Machine Learning and AI,USD,287700,287700,United States,Senior,Full-time,In-person,United States,L,264684.0,100.0,287700.0
2023,ML Engineer,Machine Learning and AI,USD,148000,148000,United States,Senior,Full-time,In-person,United States,L,136160.0,100.0,148000.0
2023,Data Scientist,Data Science and Research,USD,227240,227240,United States,Senior,Full-time,Remote,United States,M,209060.8,100.0,227240.0
2023,Data Scientist,Data Science and Research,USD,197600,197600,United States,Senior,Full-time,Remote,United States,M,181792.0,100.0,197600.0
2023,Data Scientist,Data Science and Research,USD,178500,178500,United States,Senior,Full-time,In-person,United States,M,164220.0,100.0,178500.0
2023,Analytics Engineer,Leadership and Management,USD,146100,146100,United Kingdom,Mid-level,Full-time,In-person,United Kingdom,M,134412.0,82.7,176662.64
2023,Analytics Engineer,Leadership and Management,USD,112400,112400,United Kingdom,Mid-level,Full-time,In-person,United Kingdom,M,103408.0,82.7,135912.94
2023,Data Architect,Data Architecture and Modeling,GBP,70000,86128,United Kingdom,Mid-level,Full-time,In-person,United Kingdom,M,79237.76,82.7,104145.1
2023,Data Architect,Data Architecture and Modeling,GBP,65000,79976,United Kingdom,Mid-level,Full-time,In-person,United Kingdom,M,73577.92,82.7,96706.17
2023,Data Engineer,Data Engineering,USD,285000,285000,United States,Senior,Full-time,In-person,United States,M,262200.0,100.0,285000.0
2023,Computer Vision Engineer,Machine Learning and AI,USD,90000,90000,India,Entry-level,Full-time,Remote,United States,M,82800.0,100.0,90000.0
2023,Data Engineer,Data Engineering,USD,146000,146000,United States,Senior,Full-time,In-person,United States,M,134320.0,100.0,146000.0
2023,Machine Learning Engineer,Machine Learning and AI,USD,237400,237400,United States,Mid-level,Full-time,In-person,United States,M,218408.0,100.0,237400.0
2023,Machine Learning Engineer,Machine Learning and AI,USD,158200,158200,United States,Mid-level,Full-time,In-person,United States,M,145544.0,100.0,158200.0
2023,ML Engineer,Machine Learning and AI,USD,192000,192000,United States,Senior,Full-time,Remote,United States,M,176640.0,100.0,192000.0
2023,ML Engineer,Machine Learning and AI,USD,164000,164000,United States,Senior,Full-time,Remote,United States,M,150880.0,100.0,164000.0
2023,Business Intelligence Engineer,BI and Visualization,USD,150000,150000,United States,Senior,Full-time,In-person,United States,M,138000.0,100.0,150000.0
2023,Business Intelligence Engineer,BI and Visualization,USD,141000,141000,United States,Senior,Full-time,In-person,United States,M,129720.0,100.0,141000.0
2023,Analytics Engineer,Leadership and Management,USD,267000,267000,United States,Senior,Full-time,In-person,United States,M,245640.0,100.0,267000.0
2023,Research Scientist,Data Science and Research,USD,147100,147100,United States,Senior,Full-time,In-person,United States,M,135332.0,100.0,147100.0
2023,Research Scientist,Data Science and Research,USD,90700,90700,United States,Senior,Full-time,In-person,United States,M,83444.0,100.0,90700.0
2023,Data Analyst,Data Analysis,USD,72000,72000,United States,Senior,Full-time,Remote,United States,M,66240.0,100.0,72000.0
2023,Cloud Data Engineer,Data Engineering,GBP,144000,177177,United Kingdom,Entry-level,Full-time,Remote,United Kingdom,L,163002.84,82.7,214240.63
2023,Data Scientist,Data Science and Research,USD,240000,240000,United States,Senior,Full-time,In-person,United States,S,220800.0,100.0,240000.0
2023,Data Scientist,Data Science and Research,USD,142000,142000,United States,Senior,Full-time,In-person,United States,S,130640.0,100.0,142000.0
2023,Machine Learning Engineer,Machine Learning and AI,USD,180000,180000,United States,Mid-level,Contract,Remote,United States,S,165600.0,100.0,180000.0
2023,Machine Learning Engineer,Machine Learning and AI,USD,105000,105000,United States,Mid-level,Contract,Remote,United States,S,96600.0,100.0,105000.0
2023,Data Analyst,Data Analysis,USD,80000,80000,United States,Entry-level,Full-time,Remote,United States,M,73600.0,100.0,80000.0
2023,Data Analyst,Data Analysis,USD,60000,60000,United States,Entry-level,Full-time,Remote,United States,M,55200.0,100.0,60000.0
2023,Machine Learning Engineer,Machine Learning and AI,USD,268000,268000,United States,Senior,Full-time,Remote,United States,M,246560.0,100.0,268000.0
2023,Analytics Engineer,Leadership and Management,USD,144628,144628,United States,Mid-level,Full-time,In-person,United States,M,133057.76,100.0,144628.0
2023,Analytics Engineer,Leadership and Management,USD,115702,115702,United States,Mid-level,Full-time,In-person,United States,M,106445.84,100.0,115702.0
2023,Data Analyst,Data Analysis,USD,144000,144000,United States,Senior,Full-time,Remote,United States,M,132480.0,100.0,144000.0
2023,Data Analyst,Data Analysis,USD,132000,132000,United States,Senior,Full-time,Remote,United States,M,121440.0,100.0,132000.0
2023,Data Analyst,Data Analysis,USD,106400,106400,United Kingdom,Senior,Full-time,In-person,United Kingdom,M,97888.0,82.7,128657.8
2023,Data Analyst,Data Analysis,USD,81800,81800,United Kingdom,Senior,Full-time,In-person,United Kingdom,M,75256.0,82.7,98911.73
2023,Data Analyst,Data Analysis,USD,93500,93500,United States,Senior,Full-time,Remote,United States,M,86020.0,100.0,93500.0
2023,Data Engineer,Data Engineering,USD,208200,208200,United States,Senior,Full-time,Remote,United States,M,191544.0,100.0,208200.0
2023,Data Engineer,Data Engineering,USD,151200,151200,United States,Senior,Full-time,Remote,United States,M,139104.0,100.0,151200.0
2023,Data Scientist,Data Science and Research,USD,270000,270000,United States,Senior,Full-time,In-person,United States,M,248400.0,100.0,270000.0
2023,Data Engineer,Data Engineering,USD,194500,194500,United States,Executive,Full-time,In-person,United States,M,178940.0,100.0,194500.0
2023,Data Engineer,Data Engineering,USD,115500,115500,United States,Executive,Full-time,In-person,United States,M,106260.0,100.0,115500.0
2023,Data Analyst,Data Analysis,USD,140000,140000,United Kingdom,Senior,Full-time,Remote,United Kingdom,M,128800.0,82.7,169286.58
2023,Data Analyst,Data Analysis,USD,100000,100000,United Kingdom,Senior,Full-time,Remote,United Kingdom,M,92000.0,82.7,120918.98
2023,Machine Learning Engineer,Machine Learning and AI,USD,225000,225000,France,Senior,Full-time,In-person,France,M,207000.0,79.8,281954.89
2023,Machine Learning Engineer,Machine Learning and AI,USD,199000,199000,France,Senior,Full-time,In-person,France,M,183080.0,79.8,249373.43
2023,Data Analyst,Data Analysis,USD,50000,50000,United States,Entry-level,Full-time,Remote,United States,M,46000.0,100.0,50000.0
2023,Data Analyst,Data Analysis,USD,40000,40000,United States,Entry-level,Full-time,Remote,United States,M,36800.0,100.0,40000.0
2023,Data Analyst,Data Analysis,GBP,80000,98432,United Kingdom,Mid-level,Full-time,In-person,United Kingdom,M,90557.44,82.7,119022.97
2023,Analytics Engineering Manager,Leadership and Management,GBP,325000,399880,United Kingdom,Senior,Full-time,Hybrid,United Kingdom,L,367889.6,82.7,483530.83
2023,Data Engineer,Data Engineering,EUR,38000,41027,Spain,Entry-level,Full-time,Remote,Spain,L,37744.84,62.8,65329.62
2023,Machine Learning Engineer,Machine Learning and AI,USD,155000,155000,United States,Senior,Full-time,In-person,United States,M,142600.0,100.0,155000.0
2023,Machine Learning Engineer,Machine Learning and AI,USD,100000,100000,United States,Senior,Full-time,In-person,United States,M,92000.0,100.0,100000.0
2023,Data Analyst,Data Analysis,USD,65000,65000,United States,Senior,Full-time,In-person,United States,M,59800.0,100.0,65000.0
2023,Data Architect,Data Architecture and Modeling,USD,280100,280100,United States,Senior,Full-time,Remote,United States,M,257692.0,100.0,280100.0
2023,Data Architect,Data Architecture and Modeling,USD,168100,168100,United States,Senior,Full-time,Remote,United States,M,154652.0,100.0,168100.0
2023,Machine Learning Scientist,Machine Learning and AI,USD,120000,120000,United States,Senior,Full-time,In-person,United States,M,110400.0,100.0,120000.0
2023,Data Engineer,Data Engineering,USD,149040,149040,United States,Senior,Full-time,Remote,United States,M,137116.8,100.0,149040.0
2023,Data Engineer,Data Engineering,USD,113900,113900,United States,Senior,Full-time,Remote,United States,M,104788.0,100.0,113900.0
2023,Machine Learning Scientist,Machine Learning and AI,USD,165000,165000,United States,Senior,Full-time,Remote,United States,M,151800.0,100.0,165000.0
2023,Machine Learning Scientist,Machine Learning and AI,USD,145000,145000,United States,Senior,Full-time,Remote,United States,M,133400.0,100.0,145000.0
2023,Data Architect,Data Architecture and Modeling,USD,274450,274450,United States,Senior,Full-time,In-person,United States,M,252494.0,100.0,274450.0
2023,Data Architect,Data Architecture and Modeling,USD,199600,199600,United States,Senior,Full-time,In-person,United States,M,183632.0,100.0,199600.0
2023,Data Engineer,Data Engineering,USD,83500,83500,United States,Mid-level,Full-time,In-person,United States,M,76820.0,100.0,83500.0
2023,Data Engineer,Data Engineering,USD,52500,52500,United States,Mid-level,Full-time,In-person,United States,M,48300.0,100.0,52500.0
2023,Business Intelligence Developer,BI and Visualization,USD,140000,140000,Canada,Senior,Full-time,Remote,Canada,M,128800.0,79.3,176544.77
2023,Business Intelligence Developer,BI and Visualization,USD,76500,76500,Canada,Senior,Full-time,Remote,Canada,M,70380.0,79.3,96469.1
2023,Research Scientist,Data Science and Research,USD,280000,280000,United Kingdom,Mid-level,Full-time,Hybrid,United Kingdom,L,257600.0,82.7,338573.16
2023,Data Scientist,Data Science and Research,USD,250000,250000,United States,Executive,Full-time,Remote,United States,M,230000.0,100.0,250000.0
2023,Data Scientist,Data Science and Research,USD,180000,180000,United States,Executive,Full-time,Remote,United States,M,165600.0,100.0,180000.0
2023,Data Scientist,Data Science and Research,USD,157000,157000,United States,Senior,Full-time,Remote,United States,M,144440.0,100.0,157000.0
2023,Data Analyst,Data Analysis,USD,140700,140700,United States,Senior,Full-time,Remote,United States,M,129444.0,100.0,140700.0
2023,Data Analyst,Data Analysis,USD,109600,109600,United States,Senior,Full-time,Remote,United States,M,100832.0,100.0,109600.0
2023,Machine Learning Engineer,Machine Learning and AI,USD,278000,278000,United States,Senior,Full-time,In-person,United States,M,255760.0,100.0,278000.0
2023,Machine Learning Engineer,Machine Learning and AI,USD,173000,173000,United States,Senior,Full-time,In-person,United States,M,159160.0,100.0,173000.0
2023,Data Engineer,Data Engineering,USD,305000,305000,United States,Senior,Full-time,Remote,United States,M,280600.0,100.0,305000.0
2023,Data Engineer,Data Engineering,USD,125000,125000,United States,Senior,Full-time,Remote,United States,M,115000.0,100.0,125000.0
2023,Data Analyst,Data Analysis,USD,155000,155000,United Kingdom,Senior,Full-time,In-person,United Kingdom,M,142600.0,82.7,187424.43
2023,Data Analyst,Data Analysis,USD,120000,120000,United Kingdom,Senior,Full-time,In-person,United Kingdom,M,110400.0,82.7,145102.78
2023,Data Scientist,Data Science and Research,USD,24000,24000,United States,Entry-level,Full-time,Remote,United States,M,22080.0,100.0,24000.0
2023,Machine Learning Infrastructure Engineer,Machine Learning and AI,USD,165400,165400,United Kingdom,Senior,Full-time,In-person,United Kingdom,M,152168.0,82.7,200000.0
2023,Machine Learning Infrastructure Engineer,Machine Learning and AI,USD,127300,127300,United Kingdom,Senior,Full-time,In-person,United Kingdom,M,117116.0,82.7,153929.87
2023,Business Intelligence Engineer,BI and Visualization,USD,259000,259000,United States,Senior,Full-time,In-person,United States,M,238280.0,100.0,259000.0
2023,Business Intelligence Engineer,BI and Visualization,USD,138750,138750,United States,Senior,Full-time,In-person,United States,M,127650.0,100.0,138750.0
2023,Data Scientist,Data Science and Research,USD,218000,218000,United States,Senior,Full-time,Remote,United States,M,200560.0,100.0,218000.0
2023,Data Scientist,Data Science and Research,USD,85000,85000,United States,Senior,Full-time,Remote,United States,M,78200.0,100.0,85000.0
2023,Data Specialist,Data Management and Strategy,USD,132000,132000,United States,Senior,Full-time,In-person,United States,M,121440.0,100.0,132000.0
2023,Data Specialist,Data Management and Strategy,USD,71500,71500,United States,Senior,Full-time,In-person,United States,M,65780.0,100.0,71500.0
2023,Analytics Engineer,Leadership and Management,USD,215050,215050,United States,Senior,Full-time,In-person,United States,M,197846.0,100.0,215050.0
2023,Analytics Engineer,Leadership and Management,USD,113100,113100,United States,Senior,Full-time,In-person,United States,M,104052.0,100.0,113100.0
2023,Data Scientist,Data Science and Research,USD,130000,130000,United States,Mid-level,Full-time,In-person,United States,M,119600.0,100.0,130000.0
2023,Data Scientist,Data Science and Research,USD,85000,85000,United States,Mid-level,Full-time,In-person,United States,M,78200.0,100.0,85000.0
2023,Data Engineer,Data Engineering,USD,250000,250000,United States,Executive,Full-time,Remote,United States,M,230000.0,100.0,250000.0
2023,Data Engineer,Data Engineering,USD,200000,200000,United States,Executive,Full-time,Remote,United States,M,184000.0,100.0,200000.0
2023,Research Scientist,Data Science and Research,USD,168400,168400,United States,Senior,Full-time,In-person,United States,M,154928.0,100.0,168400.0
2023,Data Analyst,Data Analysis,USD,136505,136505,United States,Senior,Full-time,Remote,United States,M,125584.6,100.0,136505.0
2023,Data Analyst,Data Analysis,USD,100895,100895,United States,Senior,Full-time,Remote,United States,M,92823.4,100.0,100895.0
2023,Data Engineer,Data Engineering,USD,275300,275300,United States,Senior,Full-time,Remote,United States,M,253276.0,100.0,275300.0
2023,Data Engineer,Data Engineering,USD,183500,183500,United States,Senior,Full-time,Remote,United States,M,168820.0,100.0,183500.0
2023,Data Scientist,Data Science and Research,USD,168400,168400,United States,Senior,Full-time,In-person,United States,M,154928.0,100.0,168400.0
2023,Data Scientist,Data Science and Research,USD,105200,105200,United States,Senior,Full-time,In-person,United States,M,96784.0,100.0,105200.0
2023,Data Architect,Data Architecture and Modeling,USD,240000,240000,United States,Mid-level,Full-time,Remote,United States,M,220800.0,100.0,240000.0
2023,Data Manager,Leadership and Management,USD,120000,120000,United States,Mid-level,Full-time,In-person,United States,M,110400.0,100.0,120000.0
2023,Data Analyst,Data Analysis,USD,93000,93000,United States,Mid-level,Full-time,Remote,United States,L,85560.0,100.0,93000.0
2023,Machine Learning Engineer,Machine Learning and AI,USD,237400,237400,United Kingdom,Senior,Full-time,In-person,United Kingdom,M,218408.0,82.7,287061.67
2023,Machine Learning Engineer,Machine Learning and AI,USD,132870,132870,United Kingdom,Senior,Full-time,In-person,United Kingdom,M,122240.4,82.7,160665.05
2023,Data Engineer,Data Engineering,USD,105000,105000,United States,Senior,Full-time,In-person,United States,M,96600.0,100.0,105000.0
2023,Machine Learning Engineer,Machine Learning and AI,USD,317070,317070,United States,Senior,Full-time,In-person,United States,M,291704.4,100.0,317070.0
2023,Machine Learning Engineer,Machine Learning and AI,USD,170730,170730,United States,Senior,Full-time,In-person,United States,M,157071.6,100.0,170730.0
2023,Machine Learning Engineer,Machine Learning and AI,USD,170000,170000,United States,Mid-level,Full-time,In-person,United States,M,156400.0,100.0,170000.0
2023,Machine Learning Engineer,Machine Learning and AI,USD,125000,125000,United States,Mid-level,Full-time,In-person,United States,M,115000.0,100.0,125000.0
2023,Data Engineer,Data Engineering,USD,158700,158700,United States,Senior,Full-time,In-person,United States,M,146004.0,100.0,158700.0
2023,Data Engineer,Data Engineering,USD,123906,123906,United States,Senior,Full-time,In-person,United States,M,113993.52,100.0,123906.0
2023,Data Engineer,Data Engineering,EUR,75000,80976,Spain,Mid-level,Full-time,Remote,Spain,M,74497.92,62.8,128942.68
2023,Data Engineer,Data Engineering,EUR,62000,66940,Spain,Mid-level,Full-time,Remote,Spain,M,61584.8,62.8,106592.36
2023,Data Engineer,Data Engineering,USD,333500,333500,United States,Executive,Full-time,In-person,United States,M,306820.0,100.0,333500.0
2023,Data Engineer,Data Engineering,USD,180500,180500,United States,Executive,Full-time,In-person,United States,M,166060.0,100.0,180500.0
2023,Data Engineer,Data Engineering,GBP,62000,76284,United Kingdom,Mid-level,Full-time,Remote,United Kingdom,M,70181.28,82.7,92241.84
2023,Data Engineer,Data Engineering,USD,257400,257400,United States,Executive,Full-time,Remote,United States,M,236808.0,100.0,257400.0
2023,Data Engineer,Data Engineering,USD,210600,210600,United States,Executive,Full-time,Remote,United States,M,193752.0,100.0,210600.0
2023,Data Operations Specialist,Data Quality and Operations,USD,65000,65000,United States,Mid-level,Full-time,In-person,United States,M,59800.0,100.0,65000.0
2023,Data Operations Specialist,Data Quality and Operations,USD,50000,50000,United States,Mid-level,Full-time,In-person,United States,M,46000.0,100.0,50000.0
2023,Data Engineer,Data Engineering,USD,293000,293000,United States,Senior,Full-time,In-person,United States,M,269560.0,100.0,293000.0
2023,Director of Data Science,Data Science and Research,USD,260000,260000,United States,Executive,Full-time,Remote,United States,M,239200.0,100.0,260000.0
2023,Director of Data Science,Data Science and Research,USD,192000,192000,United States,Executive,Full-time,Remote,United States,M,176640.0,100.0,192000.0
2023,Machine Learning Scientist,Machine Learning and AI,USD,170000,170000,United States,Mid-level,Full-time,In-person,United States,M,156400.0,100.0,170000.0
2023,Machine Learning Scientist,Machine Learning and AI,USD,125000,125000,United States,Mid-level,Full-time,In-person,United States,M,115000.0,100.0,125000.0
2023,Business Intelligence Data Analyst,Data Analysis,USD,99000,99000,United States,Entry-level,Full-time,Remote,United States,L,91080.0,100.0,99000.0
2023,Machine Learning Engineer,Machine Learning and AI,USD,233000,233000,United States,Senior,Full-time,In-person,United States,M,214360.0,100.0,233000.0
2023,Data Engineer,Data Engineering,USD,185100,185100,United States,Senior,Full-time,Remote,United States,M,170292.0,100.0,185100.0
2023,Data Engineer,Data Engineering,USD,127600,127600,United States,Senior,Full-time,Remote,United States,M,117392.0,100.0,127600.0
2023,Data Analyst,Data Analysis,USD,105000,105000,United States,Mid-level,Full-time,Remote,United States,M,96600.0,100.0,105000.0
2023,Data Analyst,Data Analysis,USD,160000,160000,United States,Executive,Full-time,Remote,United States,M,147200.0,100.0,160000.0
2023,Data Analyst,Data Analysis,USD,55000,55000,United States,Executive,Full-time,Remote,United States,M,50600.0,100.0,55000.0
2023,Machine Learning Engineer,Machine Learning and AI,USD,241000,241000,United States,Senior,Full-time,In-person,United States,M,221720.0,100.0,241000.0
2023,Machine Learning Engineer,Machine Learning and AI,USD,163000,163000,United States,Senior,Full-time,In-person,United States,M,149960.0,100.0,163000.0
2023,Data Scientist,Data Science and Research,USD,120000,120000,United States,Mid-level,Full-time,Remote,United States,M,110400.0,100.0,120000.0
2023,Data Scientist,Data Science and Research,USD,218000,218000,United States,Senior,Full-time,In-person,United States,M,200560.0,100.0,218000.0
2023,Data Scientist,Data Science and Research,USD,118000,118000,United States,Senior,Full-time,In-person,United States,M,108560.0,100.0,118000.0
2023,Machine Learning Engineer,Machine Learning and AI,USD,311000,311000,United States,Senior,Full-time,In-person,United States,M,286120.0,100.0,311000.0
2023,Machine Learning Engineer,Machine Learning and AI,USD,162540,162540,United States,Senior,Full-time,In-person,United States,M,149536.8,100.0,162540.0
2023,Data Scientist,Data Science and Research,USD,258750,258750,United States,Executive,Full-time,In-person,United States,M,238050.0,100.0,258750.0
2023,Data Scientist,Data Science and Research,USD,225000,225000,United States,Executive,Full-time,In-person,United States,M,207000.0,100.0,225000.0
2023,Data Scientist,Data Science and Research,USD,145000,145000,United States,Executive,Full-time,In-person,United States,M,133400.0,100.0,145000.0
2023,Data Engineer,Data Engineering,USD,153600,153600,United States,Senior,Full-time,In-person,United States,M,141312.0,100.0,153600.0
2023,Data Engineer,Data Engineering,USD,106800,106800,United States,Senior,Full-time,In-person,United States,M,98256.0,100.0,106800.0
2023,Business Intelligence Developer,BI and Visualization,USD,140000,140000,Canada,Senior,Full-time,In-person,Canada,M,128800.0,79.3,176544.77
2023,Business Intelligence Developer,BI and Visualization,USD,76500,76500,Canada,Senior,Full-time,In-person,Canada,M,70380.0,79.3,96469.1
2023,ETL Developer,Data Engineering,USD,182850,182850,United States,Senior,Full-time,Remote,United States,M,168222.0,100.0,182850.0
2023,ETL Developer,Data Engineering,USD,113000,113000,United States,Senior,Full-time,Remote,United States,M,103960.0,100.0,113000.0
2023,Data Analyst,Data Analysis,USD,126000,126000,United States,Mid-level,Full-time,In-person,United States,M,115920.0,100.0,126000.0
2023,Data Analyst,Data Analysis,USD,86400,86400,United States,Mid-level,Full-time,In-person,United States,M,79488.0,100.0,86400.0
2023,Data Engineer,Data Engineering,USD,232760,232760,United States,Senior,Full-time,Remote,United States,M,214139.2,100.0,232760.0
2023,Data Engineer,Data Engineering,USD,169280,169280,United States,Senior,Full-time,Remote,United States,M,155737.6,100.0,169280.0
2023,Data Engineer,Data Engineering,USD,162500,162500,United States,Mid-level,Full-time,In-person,United States,M,149500.0,100.0,162500.0
2023,Data Scientist,Data Science and Research,USD,240350,240350,United States,Senior,Full-time,Remote,United States,M,221122.0,100.0,240350.0
2023,Data Scientist,Data Science and Research,USD,174800,174800,United States,Senior,Full-time,Remote,United States,M,160816.0,100.0,174800.0
2023,Data Engineer,Data Engineering,USD,116000,116000,United States,Senior,Full-time,In-person,United States,M,106720.0,100.0,116000.0
2023,Data Analyst,Data Analysis,USD,153600,153600,United States,Senior,Full-time,Remote,United States,M,141312.0,100.0,153600.0
2023,Data Analyst,Data Analysis,USD,107500,107500,United States,Senior,Full-time,Remote,United States,M,98900.0,100.0,107500.0
2023,Data Analyst,Data Analysis,USD,94100,94100,United Kingdom,Mid-level,Full-time,In-person,United Kingdom,M,86572.0,82.7,113784.76
2023,Data Analyst,Data Analysis,USD,72400,72400,United Kingdom,Mid-level,Full-time,In-person,United Kingdom,M,66608.0,82.7,87545.34
2023,ML Engineer,Machine Learning and AI,USD,178000,178000,United States,Senior,Full-time,Remote,United States,M,163760.0,100.0,178000.0
2023,ML Engineer,Machine Learning and AI,USD,152000,152000,United States,Senior,Full-time,Remote,United States,M,139840.0,100.0,152000.0
2023,Data Scientist,Data Science and Research,USD,233200,233200,United States,Senior,Full-time,Remote,United States,M,214544.0,100.0,233200.0
2023,NLP Engineer,Machine Learning and AI,USD,210000,210000,United States,Senior,Full-time,Remote,United States,M,193200.0,100.0,210000.0
2023,NLP Engineer,Machine Learning and AI,USD,160000,160000,United States,Senior,Full-time,Remote,United States,M,147200.0,100.0,160000.0
2023,Data Analyst,Data Analysis,USD,206000,206000,United States,Senior,Full-time,In-person,United States,M,189520.0,100.0,206000.0
2023,Data Analyst,Data Analysis,USD,130000,130000,United States,Senior,Full-time,In-person,United States,M,119600.0,100.0,130000.0
2023,Data Engineer,Data Engineering,USD,146100,146100,United Kingdom,Senior,Full-time,In-person,United Kingdom,M,134412.0,82.7,176662.64
2023,Data Engineer,Data Engineering,USD,112400,112400,United Kingdom,Senior,Full-time,In-person,United Kingdom,M,103408.0,82.7,135912.94
2023,Data Specialist,Data Management and Strategy,USD,110000,110000,United States,Mid-level,Full-time,In-person,United States,M,101200.0,100.0,110000.0
2023,Data Specialist,Data Management and Strategy,USD,70000,70000,United States,Mid-level,Full-time,In-person,United States,M,64400.0,100.0,70000.0
2023,Data Scientist,Data Science and Research,USD,150120,150120,United States,Senior,Full-time,Remote,United States,M,138110.4,100.0,150120.0
2023,Data Scientist,Data Science and Research,USD,120096,120096,United States,Senior,Full-time,Remote,United States,M,110488.32,100.0,120096.0
2023,Machine Learning Engineer,Machine Learning and AI,USD,168000,168000,United States,Senior,Full-time,Remote,United States,M,154560.0,100.0,168000.0
2023,Analytics Engineer,Leadership and Management,USD,178600,178600,United States,Senior,Full-time,In-person,United States,M,164312.0,100.0,178600.0
2023,Analytics Engineer,Leadership and Management,USD,142880,142880,United States,Senior,Full-time,In-person,United States,M,131449.6,100.0,142880.0
2023,Data Science Manager,Data Science and Research,USD,255000,255000,United States,Senior,Full-time,In-person,United States,M,234600.0,100.0,255000.0
2023,Data Science Manager,Data Science and Research,USD,169000,169000,United States,Senior,Full-time,In-person,United States,M,155480.0,100.0,169000.0
2023,Data Scientist,Data Science and Research,USD,155000,155000,United States,Mid-level,Full-time,In-person,United States,M,142600.0,100.0,155000.0
2023,Data Engineer,Data Engineering,USD,151410,151410,United States,Mid-level,Full-time,In-person,United States,M,139297.2,100.0,151410.0
2023,Data Engineer,Data Engineering,USD,144200,144200,United States,Mid-level,Full-time,In-person,United States,M,132664.0,100.0,144200.0
2023,Data Scientist,Data Science and Research,USD,151410,151410,United States,Entry-level,Full-time,Remote,United States,M,139297.2,100.0,151410.0
2023,Data Scientist,Data Science and Research,USD,115360,115360,United States,Entry-level,Full-time,Remote,United States,M,106131.2,100.0,115360.0
2023,Analytics Engineer,Leadership and Management,USD,193170,193170,United States,Mid-level,Full-time,In-person,United States,M,177716.4,100.0,193170.0
2023,Analytics Engineer,Leadership and Management,USD,116480,116480,United States,Mid-level,Full-time,In-person,United States,M,107161.6,100.0,116480.0
2023,Data Engineer,Data Engineering,USD,146000,146000,United States,Senior,Full-time,Remote,United States,M,134320.0,100.0,146000.0
2023,Data Engineer,Data Engineering,USD,94000,94000,United States,Senior,Full-time,Remote,United States,M,86480.0,100.0,94000.0
2023,Director of Data Science,Data Science and Research,GBP,200000,246080,United Kingdom,Executive,Full-time,In-person,United Kingdom,M,226393.6,82.7,297557.44
2023,Director of Data Science,Data Science and Research,GBP,165000,203016,United Kingdom,Executive,Full-time,In-person,United Kingdom,M,186774.72,82.7,245484.89
2023,Head of Data,Leadership and Management,GBP,110000,135344,United Kingdom,Executive,Full-time,Remote,United Kingdom,M,124516.48,82.7,163656.59
2023,Head of Data,Leadership and Management,GBP,90000,110736,United Kingdom,Executive,Full-time,Remote,United Kingdom,M,101877.12,82.7,133900.85
2023,Head of Data,Leadership and Management,USD,329500,329500,United States,Executive,Full-time,In-person,United States,M,303140.0,100.0,329500.0
2023,Head of Data,Leadership and Management,USD,269600,269600,United States,Executive,Full-time,In-person,United States,M,248032.0,100.0,269600.0
2023,Data Architect,Data Architecture and Modeling,USD,250500,250500,United States,Senior,Full-time,In-person,United States,M,230460.0,100.0,250500.0
2023,Data Architect,Data Architecture and Modeling,USD,159500,159500,United States,Senior,Full-time,In-person,United States,M,146740.0,100.0,159500.0
2023,Data Analyst,Data Analysis,USD,115000,115000,United States,Entry-level,Full-time,In-person,United States,M,105800.0,100.0,115000.0
2023,Data Analyst,Data Analysis,USD,94035,94035,United States,Entry-level,Full-time,Remote,United States,M,86512.2,100.0,94035.0
2023,Data Analyst,Data Analysis,USD,57920,57920,United States,Entry-level,Full-time,Remote,United States,M,53286.4,100.0,57920.0
2023,Data Analyst,Data Analysis,USD,113600,113600,United States,Senior,Full-time,In-person,United States,M,104512.0,100.0,113600.0
2023,Data Analyst,Data Analysis,USD,60000,60000,United States,Senior,Full-time,In-person,United States,M,55200.0,100.0,60000.0
2023,Data Scientist,Data Science and Research,USD,256000,256000,United States,Senior,Full-time,Remote,United States,M,235520.0,100.0,256000.0
2023,Data Analyst,Data Analysis,USD,116000,116000,United States,Senior,Full-time,Remote,United States,M,106720.0,100.0,116000.0
2023,Computer Vision Engineer,Machine Learning and AI,USD,245000,245000,United Kingdom,Senior,Full-time,In-person,United Kingdom,M,225400.0,82.7,296251.51
2023,Computer Vision Engineer,Machine Learning and AI,USD,210000,210000,United Kingdom,Senior,Full-time,In-person,United Kingdom,M,193200.0,82.7,253929.87
2023,Machine Learning Engineer,Machine Learning and AI,USD,283200,283200,United States,Senior,Full-time,In-person,United States,M,260544.0,100.0,283200.0
2023,Machine Learning Engineer,Machine Learning and AI,USD,188800,188800,United States,Senior,Full-time,In-person,United States,M,173696.0,100.0,188800.0
2023,Business Data Analyst,Data Analysis,USD,36000,36000,Ghana,Mid-level,Freelance,In-person,Ghana,S,33120.0,33.1,108761.33
2023,Research Scientist,Data Science and Research,USD,205640,205640,United States,Senior,Full-time,In-person,United States,M,189188.8,100.0,205640.0
2023,Research Scientist,Data Science and Research,USD,142600,142600,United States,Senior,Full-time,In-person,United States,M,131192.0,100.0,142600.0
2023,Data Engineer,Data Engineering,USD,193200,193200,United States,Senior,Full-time,Remote,United States,M,177744.0,100.0,193200.0
2023,Data Engineer,Data Engineering,USD,156400,156400,United States,Senior,Full-time,Remote,United States,M,143888.0,100.0,156400.0
2023,Machine Learning Engineer,Machine Learning and AI,USD,121000,121000,United States,Senior,Full-time,In-person,United States,M,111320.0,100.0,121000.0
2023,Data Engineer,Data Engineering,USD,72000,72000,Argentina,Senior,Full-time,Remote,Argentina,M,66240.0,29.1,247422.68
2023,Data Engineer,Data Engineering,USD,48000,48000,Argentina,Senior,Full-time,Remote,Argentina,M,44160.0,29.1,164948.45
2023,Data Engineer,Data Engineering,USD,132300,132300,United States,Senior,Full-time,In-person,United States,M,121716.0,100.0,132300.0
2023,Data Scientist,Data Science and Research,USD,197000,197000,Canada,Senior,Full-time,In-person,Canada,M,181240.0,79.3,248423.71
2023,Data Science Manager,Data Science and Research,USD,328000,328000,United States,Senior,Full-time,In-person,United States,M,301760.0,100.0,328000.0
2023,Data Science Manager,Data Science and Research,USD,211000,211000,United States,Senior,Full-time,In-person,United States,M,194120.0,100.0,211000.0
2023,Data Scientist,Data Science and Research,USD,237000,237000,United States,Senior,Full-time,Remote,United States,M,218040.0,100.0,237000.0
2023,Data Scientist,Data Science and Research,USD,201450,201450,United States,Senior,Full-time,Remote,United States,M,185334.0,100.0,201450.0
2023,ML Engineer,Machine Learning and AI,USD,229000,229000,United States,Senior,Full-time,In-person,United States,M,210680.0,100.0,229000.0
2023,ML Engineer,Machine Learning and AI,USD,206000,206000,United States,Senior,Full-time,In-person,United States,M,189520.0,100.0,206000.0
2023,Data Scientist,Data Science and Research,USD,231000,231000,United States,Senior,Full-time,Remote,United States,M,212520.0,100.0,231000.0
2023,ML Engineer,Machine Learning and AI,USD,183750,183750,United States,Senior,Full-time,In-person,United States,M,169050.0,100.0,183750.0
2023,ML Engineer,Machine Learning and AI,USD,165400,165400,United States,Senior,Full-time,In-person,United States,M,152168.0,100.0,165400.0
2023,Data Engineer,Data Engineering,USD,175000,175000,United States,Mid-level,Full-time,In-person,United States,M,161000.0,100.0,175000.0
2023,Analytics Engineer,Leadership and Management,USD,152900,152900,United Kingdom,Senior,Full-time,Remote,United Kingdom,M,140668.0,82.7,184885.13
2023,Analytics Engineer,Leadership and Management,USD,117700,117700,United Kingdom,Senior,Full-time,Remote,United Kingdom,M,108284.0,82.7,142321.64
2023,Data Scientist,Data Science and Research,USD,285800,285800,United States,Senior,Full-time,In-person,United States,M,262936.0,100.0,285800.0
2023,Data Scientist,Data Science and Research,USD,154600,154600,United States,Senior,Full-time,In-person,United States,M,142232.0,100.0,154600.0
2023,Data Operations Engineer,Data Quality and Operations,USD,289120,289120,United States,Senior,Full-time,In-person,United States,M,265990.4,100.0,289120.0
2023,Data Operations Engineer,Data Quality and Operations,USD,192400,192400,United States,Senior,Full-time,In-person,United States,M,177008.0,100.0,192400.0
2023,Staff Data Analyst,Data Analysis,USD,179998,179998,Saudi Arabia,Mid-level,Full-time,Remote,Saudi Arabia,S,165598.16,49.3,365107.51
2023,Data Scientist,Data Science and Research,USD,35000,35000,India,Mid-level,Full-time,In-person,India,L,32200.0,24.1,145228.22
2023,AWS Data Architect,Data Architecture and Modeling,USD,258000,258000,United States,Mid-level,Full-time,Remote,United States,L,237360.0,100.0,258000.0
2023,Data Scientist,Data Science and Research,USD,196000,196000,United States,Senior,Full-time,In-person,United States,M,180320.0,100.0,196000.0
2023,Data Scientist,Data Science and Research,USD,121000,121000,United States,Senior,Full-time,In-person,United States,M,111320.0,100.0,121000.0
2023,Data Scientist,Data Science and Research,USD,141000,141000,United States,Senior,Full-time,In-person,United States,M,129720.0,100.0,141000.0
2023,Data Engineer,Data Engineering,USD,206000,206000,United States,Senior,Full-time,In-person,United States,M,189520.0,100.0,206000.0
2023,Applied Scientist,Data Science and Research,USD,192000,192000,United States,Senior,Full-time,In-person,United States,M,176640.0,100.0,192000.0
2023,Applied Scientist,Data Science and Research,USD,164000,164000,United States,Senior,Full-time,In-person,United States,M,150880.0,100.0,164000.0
2023,ML Engineer,Machine Learning and AI,USD,300000,300000,Australia,Mid-level,Full-time,In-person,Australia,M,276000.0,76.8,390625.0
2023,ML Engineer,Machine Learning and AI,USD,260000,260000,Australia,Mid-level,Full-time,In-person,Australia,M,239200.0,76.8,338541.67
2023,Data Analyst,Data Analysis,USD,147000,147000,United States,Senior,Full-time,Remote,United States,M,135240.0,100.0,147000.0
2023,Data Analyst,Data Analysis,USD,92000,92000,United States,Senior,Full-time,Remote,United States,M,84640.0,100.0,92000.0
2023,Data Manager,Leadership and Management,USD,110000,110000,United States,Mid-level,Full-time,In-person,United States,M,101200.0,100.0,110000.0
2023,Machine Learning Engineer,Machine Learning and AI,USD,261500,261500,United States,Senior,Full-time,In-person,United States,L,240580.0,100.0,261500.0
2023,Machine Learning Engineer,Machine Learning and AI,USD,134500,134500,United States,Senior,Full-time,In-person,United States,L,123740.0,100.0,134500.0
2023,Product Data Analyst,Data Analysis,USD,83200,83200,United States,Entry-level,Contract,Hybrid,United States,S,76544.0,100.0,83200.0
2023,Data Engineer,Data Engineering,USD,204500,204500,Germany,Senior,Full-time,In-person,Germany,M,188140.0,78.5,260509.55
2023,Data Engineer,Data Engineering,USD,142200,142200,Germany,Senior,Full-time,In-person,Germany,M,130824.0,78.5,181146.5
2023,Analytics Engineer,Leadership and Management,USD,275300,275300,United States,Senior,Full-time,Remote,United States,M,253276.0,100.0,275300.0
2023,Analytics Engineer,Leadership and Management,USD,183500,183500,United States,Senior,Full-time,Remote,United States,M,168820.0,100.0,183500.0
2023,Data Engineer,Data Engineering,GBP,120000,147648,United Kingdom,Mid-level,Full-time,In-person,United Kingdom,M,135836.16,82.7,178534.46
2023,Data Engineer,Data Engineering,GBP,100000,123040,United Kingdom,Mid-level,Full-time,In-person,United Kingdom,M,113196.8,82.7,148778.72
2023,Data Engineer,Data Engineering,USD,136600,136600,United States,Senior,Full-time,Remote,United States,M,125672.0,100.0,136600.0
2023,Data Engineer,Data Engineering,USD,109280,109280,United States,Senior,Full-time,Remote,United States,M,100537.6,100.0,109280.0
2023,Data Analyst,Data Analysis,USD,84000,84000,Colombia,Senior,Full-time,Remote,Colombia,M,77280.0,27.9,301075.27
2023,Data Analyst,Data Analysis,USD,60000,60000,Colombia,Senior,Full-time,Remote,Colombia,M,55200.0,27.9,215053.76
2023,Analytics Engineer,Leadership and Management,GBP,50000,61520,United Kingdom,Mid-level,Full-time,In-person,United Kingdom,M,56598.4,82.7,74389.36
2023,BI Data Analyst,Data Analysis,USD,70000,70000,Egypt,Mid-level,Full-time,Remote,United States,M,64400.0,100.0,70000.0
2021,Machine Learning Developer,Machine Learning and AI,USD,60000,60000,Nigeria,Senior,Freelance,Remote,Nigeria,M,55200.0,21.5,279069.77
2023,Research Engineer,Data Science and Research,USD,281000,281000,United States,Senior,Full-time,In-person,United States,M,258520.0,100.0,281000.0
2023,Data Integration Specialist,Data Management and Strategy,USD,69500,69500,United States,Entry-level,Full-time,Remote,United States,M,63940.0,100.0,69500.0
2023,Data Architect,Data Architecture and Modeling,USD,285000,285000,United States,Senior,Full-time,Remote,United States,M,262200.0,100.0,285000.0
2023,Data Analyst,Data Analysis,USD,69525,69525,United States,Entry-level,Full-time,Remote,United States,M,63963.0,100.0,69525.0
2023,Data Analyst,Data Analysis,USD,61800,61800,United States,Entry-level,Full-time,Remote,United States,M,56856.0,100.0,61800.0
2023,Data Scientist,Data Science and Research,USD,192000,192000,United States,Senior,Full-time,In-person,United States,M,176640.0,100.0,192000.0
2023,ML Engineer,Machine Learning and AI,USD,178000,178000,United States,Senior,Full-time,In-person,United States,M,163760.0,100.0,178000.0
2023,ML Engineer,Machine Learning and AI,USD,152000,152000,United States,Senior,Full-time,In-person,United States,M,139840.0,100.0,152000.0
2023,BI Developer,BI and Visualization,USD,160000,160000,United States,Senior,Full-time,Remote,Japan,L,147200.0,74.2,215633.42
2023,Data Scientist,Data Science and Research,USD,40000,40000,Uzbekistan,Entry-level,Full-time,Remote,United States,M,36800.0,100.0,40000.0
2023,Data Visualization Analyst,BI and Visualization,USD,130000,130000,United States,Senior,Full-time,In-person,United States,M,119600.0,100.0,130000.0
2023,Data Visualization Analyst,BI and Visualization,USD,110000,110000,United States,Senior,Full-time,In-person,United States,M,101200.0,100.0,110000.0
2023,Research Engineer,Data Science and Research,USD,225000,225000,France,Senior,Full-time,In-person,France,M,207000.0,79.8,281954.89
2023,Research Engineer,Data Science and Research,USD,168000,168000,France,Senior,Full-time,In-person,France,M,154560.0,79.8,210526.32
2023,Data Scientist,Data Science and Research,USD,130001,130001,United States,Entry-level,Full-time,Remote,United States,M,119600.92,100.0,130001.0
2023,Data Scientist,Data Science and Research,USD,71907,71907,United States,Entry-level,Full-time,Remote,United States,M,66154.44,100.0,71907.0
2023,Analytics Engineer,Leadership and Management,USD,144000,144000,Canada,Senior,Full-time,Remote,Canada,M,132480.0,79.3,181588.9
2023,Analytics Engineer,Leadership and Management,USD,80000,80000,Canada,Senior,Full-time,Remote,Canada,M,73600.0,79.3,100882.72
2023,Data Architect,Data Architecture and Modeling,USD,205000,205000,United States,Senior,Full-time,Remote,United States,M,188600.0,100.0,205000.0
2023,Data Architect,Data Architecture and Modeling,USD,150000,150000,United States,Senior,Full-time,Remote,United States,M,138000.0,100.0,150000.0
2023,Data Analyst,Data Analysis,USD,189400,189400,United Kingdom,Senior,Full-time,In-person,United Kingdom,M,174248.0,82.7,229020.56
2023,Data Analyst,Data Analysis,USD,131685,131685,United Kingdom,Senior,Full-time,In-person,United Kingdom,M,121150.2,82.7,159232.16
2023,Head of Data,Leadership and Management,USD,204500,204500,United States,Executive,Full-time,In-person,United States,M,188140.0,100.0,204500.0
2023,Head of Data,Leadership and Management,USD,142200,142200,United States,Executive,Full-time,In-person,United States,M,130824.0,100.0,142200.0
2023,Data Analyst,Data Analysis,USD,172000,172000,United Kingdom,Senior,Full-time,Remote,United Kingdom,M,158240.0,82.7,207980.65
2023,BI Data Analyst,Data Analysis,USD,60000,60000,Argentina,Entry-level,Full-time,Remote,United States,M,55200.0,100.0,60000.0
2023,Data Scientist,Data Science and Research,CAD,105000,77791,Canada,Entry-level,Full-time,Hybrid,Canada,L,71567.72,79.3,98097.1
2022,Data Scientist,Data Science and Research,GBP,45000,55410,France,Mid-level,Full-time,Remote,United Kingdom,M,50977.2,82.7,67001.21
2023,Product Data Analyst,Data Analysis,USD,57000,57000,Georgia,Senior,Full-time,Remote,Russia,L,52440.0,36.4,156593.41
2023,Autonomous Vehicle Technician,Machine Learning and AI,USD,120000,120000,United Kingdom,Mid-level,Full-time,Hybrid,United Kingdom,M,110400.0,82.7,145102.78
2023,Data Scientist,Data Science and Research,USD,277500,277500,United States,Senior,Full-time,In-person,United States,M,255300.0,100.0,277500.0
2023,Machine Learning Engineer,Machine Learning and AI,USD,150000,150000,United States,Mid-level,Full-time,In-person,United States,M,138000.0,100.0,150000.0
2023,Data Scientist,Data Science and Research,USD,236500,236500,United States,Senior,Full-time,In-person,United States,M,217580.0,100.0,236500.0
2023,Data Scientist,Data Science and Research,USD,172800,172800,United Kingdom,Senior,Full-time,Remote,United Kingdom,M,158976.0,82.7,208948.0
2023,Data Scientist,Data Science and Research,USD,110000,110000,United Kingdom,Senior,Full-time,Remote,United Kingdom,M,101200.0,82.7,133010.88
2020,Sales Data Analyst,Data Analysis,USD,60000,60000,Nigeria,Mid-level,Contract,In-person,Nigeria,M,55200.0,21.5,279069.77
2023,Cloud Data Engineer,Data Engineering,USD,100000,100000,Germany,Entry-level,Full-time,Hybrid,United States,L,92000.0,100.0,100000.0
2023,Finance Data Analyst,Data Analysis,EUR,300000,323905,France,Senior,Contract,Remote,United States,M,297992.6,100.0,323905.0
2023,Research Scientist,Data Science and Research,USD,150000,150000,United States,Entry-level,Full-time,In-person,United States,M,138000.0,100.0,150000.0
2023,Research Scientist,Data Science and Research,USD,100000,100000,United States,Entry-level,Full-time,In-person,United States,M,92000.0,100.0,100000.0
2023,Data Analyst,Data Analysis,USD,62000,62000,United States,Senior,Full-time,In-person,United States,M,57040.0,100.0,62000.0
2023,Data Analyst,Data Analysis,USD,55000,55000,United States,Senior,Full-time,In-person,United States,M,50600.0,100.0,55000.0
2023,Data Analytics Manager,Leadership and Management,USD,155000,155000,United States,Mid-level,Full-time,In-person,United States,M,142600.0,100.0,155000.0
2023,Data Analytics Manager,Leadership and Management,USD,140000,140000,United States,Mid-level,Full-time,In-person,United States,M,128800.0,100.0,140000.0
2023,Applied Scientist,Data Science and Research,USD,36000,36000,Nigeria,Mid-level,Full-time,Hybrid,Nigeria,M,33120.0,21.5,167441.86
2023,Data Operations Analyst,Data Quality and Operations,USD,144000,144000,United Kingdom,Senior,Full-time,In-person,United Kingdom,M,132480.0,82.7,174123.34
2023,Data Operations Analyst,Data Quality and Operations,USD,77000,77000,United Kingdom,Senior,Full-time,In-person,United Kingdom,M,70840.0,82.7,93107.62
2023,Data Modeler,Data Architecture and Modeling,GBP,90000,110736,United Kingdom,Mid-level,Full-time,In-person,United Kingdom,M,101877.12,82.7,133900.85
2023,Data Modeler,Data Architecture and Modeling,GBP,45000,55368,United Kingdom,Mid-level,Full-time,In-person,United Kingdom,M,50938.56,82.7,66950.42
2023,Data Engineer,Data Engineering,USD,265000,265000,United States,Senior,Full-time,Remote,United States,M,243800.0,100.0,265000.0
2023,Data Engineer,Data Engineering,USD,217000,217000,United States,Senior,Full-time,Remote,United States,M,199640.0,100.0,217000.0
2023,Data Scientist,Data Science and Research,USD,177300,177300,United Kingdom,Senior,Full-time,In-person,United Kingdom,M,163116.0,82.7,214389.36
2023,Data Scientist,Data Science and Research,USD,136300,136300,United Kingdom,Senior,Full-time,In-person,United Kingdom,M,125396.0,82.7,164812.58
2023,Data Analyst,Data Analysis,USD,83000,83000,United States,Senior,Full-time,Remote,United States,M,76360.0,100.0,83000.0
2023,Data Analyst,Data Analysis,USD,208450,208450,United States,Senior,Full-time,Remote,United States,M,191774.0,100.0,208450.0
2023,Data Analyst,Data Analysis,USD,170550,170550,United States,Senior,Full-time,Remote,United States,M,156906.0,100.0,170550.0
2023,Data Engineer,Data Engineering,USD,72000,72000,Colombia,Senior,Full-time,Remote,Colombia,M,66240.0,27.9,258064.52
2023,Data Engineer,Data Engineering,USD,60000,60000,Colombia,Senior,Full-time,Remote,Colombia,M,55200.0,27.9,215053.76
2023,Machine Learning Engineer,Machine Learning and AI,USD,130000,130000,United States,Senior,Full-time,In-person,United States,M,119600.0,100.0,130000.0
2023,Research Engineer,Data Science and Research,USD,165000,165000,United States,Entry-level,Full-time,In-person,United States,M,151800.0,100.0,165000.0
2023,Research Engineer,Data Science and Research,USD,145000,145000,United States,Entry-level,Full-time,In-person,United States,M,133400.0,100.0,145000.0
2023,Director of Data Science,Data Science and Research,USD,336400,336400,United States,Executive,Full-time,In-person,United States,M,309488.0,100.0,336400.0
2023,Director of Data Science,Data Science and Research,USD,201900,201900,United States,Executive,Full-time,In-person,United States,M,185748.0,100.0,201900.0
2023,Data Scientist,Data Science and Research,USD,189750,189750,United States,Mid-level,Full-time,In-person,United States,M,174570.0,100.0,189750.0
2023,Data Scientist,Data Science and Research,USD,131100,131100,United States,Mid-level,Full-time,In-person,United States,M,120612.0,100.0,131100.0
2023,Data Science Manager,Data Science and Research,USD,270000,270000,United States,Mid-level,Full-time,Remote,United States,M,248400.0,100.0,270000.0
2023,Data Science Manager,Data Science and Research,USD,95000,95000,United States,Mid-level,Full-time,Remote,United States,M,87400.0,100.0,95000.0
2023,Data Engineer,Data Engineering,USD,117300,117300,United States,Mid-level,Full-time,In-person,United States,M,107916.0,100.0,117300.0
2023,Data Engineer,Data Engineering,USD,69000,69000,United States,Mid-level,Full-time,In-person,United States,M,63480.0,100.0,69000.0
2023,Data Engineer,Data Engineering,USD,182000,182000,United States,Senior,Full-time,Remote,United States,M,167440.0,100.0,182000.0
2023,Data Engineer,Data Engineering,USD,144000,144000,United States,Senior,Full-time,Remote,United States,M,132480.0,100.0,144000.0
2023,Data Science Lead,Data Science and Research,USD,244000,244000,United States,Mid-level,Full-time,In-person,United States,M,224480.0,100.0,244000.0
2023,Data Science Lead,Data Science and Research,USD,200000,200000,United States,Mid-level,Full-time,In-person,United States,M,184000.0,100.0,200000.0
2023,Data Engineer,Data Engineering,USD,260000,260000,United States,Mid-level,Full-time,In-person,United States,M,239200.0,100.0,260000.0
2023,Machine Learning Engineer,Machine Learning and AI,USD,225000,225000,United States,Senior,Full-time,Remote,United States,M,207000.0,100.0,225000.0
2023,Data Scientist,Data Science and Research,USD,102500,102500,United States,Mid-level,Full-time,In-person,United States,M,94300.0,100.0,102500.0
2023,Data Engineer,Data Engineering,USD,186600,186600,United States,Mid-level,Full-time,Remote,United States,M,171672.0,100.0,186600.0
2023,Data Engineer,Data Engineering,USD,116500,116500,United States,Mid-level,Full-time,Remote,United States,M,107180.0,100.0,116500.0
2023,Data Engineer,Data Engineering,USD,80000,80000,Argentina,Senior,Full-time,Remote,Argentina,M,73600.0,29.1,274914.09
2023,Data Engineer,Data Engineering,USD,60000,60000,Argentina,Senior,Full-time,Remote,Argentina,M,55200.0,29.1,206185.57
2023,Machine Learning Scientist,Machine Learning and AI,USD,222000,222000,United States,Senior,Full-time,Remote,United States,M,204240.0,100.0,222000.0
2023,Machine Learning Scientist,Machine Learning and AI,USD,138000,138000,United States,Senior,Full-time,Remote,United States,M,126960.0,100.0,138000.0
2023,Data Analyst,Data Analysis,USD,207300,207300,Canada,Senior,Full-time,Remote,Canada,M,190716.0,79.3,261412.36
2023,Data Analyst,Data Analysis,USD,149200,149200,Canada,Senior,Full-time,Remote,Canada,M,137264.0,79.3,188146.28
2023,Machine Learning Scientist,Machine Learning and AI,USD,292000,292000,United States,Senior,Full-time,Remote,United States,M,268640.0,100.0,292000.0
2023,Machine Learning Scientist,Machine Learning and AI,USD,164500,164500,United States,Senior,Full-time,Remote,United States,M,151340.0,100.0,164500.0
2023,Machine Learning Scientist,Machine Learning and AI,USD,292200,292200,United States,Senior,Full-time,Remote,United States,M,268824.0,100.0,292200.0
2023,Data Engineer,Data Engineering,USD,163800,163800,United States,Senior,Full-time,In-person,United States,M,150696.0,100.0,163800.0
2023,Data Engineer,Data Engineering,USD,126000,126000,United States,Senior,Full-time,In-person,United States,M,115920.0,100.0,126000.0
2023,AI Scientist,Machine Learning and AI,USD,120000,120000,Germany,Mid-level,Full-time,Remote,Germany,M,110400.0,78.5,152866.24
2023,Computer Vision Engineer,Machine Learning and AI,USD,280000,280000,United States,Senior,Full-time,In-person,United States,M,257600.0,100.0,280000.0
2023,Computer Vision Engineer,Machine Learning and AI,USD,210000,210000,United States,Senior,Full-time,In-person,United States,M,193200.0,100.0,210000.0
2023,Data Scientist,Data Science and Research,USD,150000,150000,United States,Mid-level,Full-time,Remote,United States,M,138000.0,100.0,150000.0
2023,Machine Learning Engineer,Machine Learning and AI,USD,200000,200000,United States,Mid-level,Full-time,Remote,United States,M,184000.0,100.0,200000.0
2023,Machine Learning Engineer,Machine Learning and AI,USD,170000,170000,United States,Mid-level,Full-time,Remote,United States,M,156400.0,100.0,170000.0
2023,Director of Data Science,Data Science and Research,USD,225000,225000,United States,Executive,Full-time,Remote,United States,M,207000.0,100.0,225000.0
2023,Director of Data Science,Data Science and Research,USD,175000,175000,United States,Executive,Full-time,Remote,United States,M,161000.0,100.0,175000.0
2023,Data Science Consultant,Data Science and Research,USD,189750,189750,United States,Senior,Full-time,In-person,United States,M,174570.0,100.0,189750.0
2023,Data Science Consultant,Data Science and Research,USD,131100,131100,United States,Senior,Full-time,In-person,United States,M,120612.0,100.0,131100.0
2023,Data Analyst,Data Analysis,USD,123400,123400,United States,Senior,Full-time,Remote,United States,M,113528.0,100.0,123400.0
2023,Data Analyst,Data Analysis,USD,82200,82200,United States,Senior,Full-time,Remote,United States,M,75624.0,100.0,82200.0
2023,Applied Machine Learning Engineer,Machine Learning and AI,USD,225000,225000,United States,Executive,Full-time,Remote,United States,M,207000.0,100.0,225000.0
2023,Analytics Engineer,Leadership and Management,USD,50000,50000,Nigeria,Senior,Full-time,Remote,Nigeria,S,46000.0,21.5,232558.14
2023,Data Engineer,Data Engineering,USD,161800,161800,United States,Senior,Full-time,In-person,United States,M,148856.0,100.0,161800.0
2023,Data Engineer,Data Engineering,USD,121400,121400,United States,Senior,Full-time,In-person,United States,M,111688.0,100.0,121400.0
2023,Research Scientist,Data Science and Research,USD,285000,285000,United States,Senior,Full-time,In-person,United States,M,262200.0,100.0,285000.0
2023,Research Scientist,Data Science and Research,USD,193900,193900,United States,Senior,Full-time,In-person,United States,M,178388.0,100.0,193900.0
2023,Analytics Engineer,Leadership and Management,USD,240000,240000,United States,Senior,Full-time,In-person,United States,M,220800.0,100.0,240000.0
2023,Analytics Engineer,Leadership and Management,USD,196000,196000,United States,Senior,Full-time,In-person,United States,M,180320.0,100.0,196000.0
2023,Data Scientist,Data Science and Research,USD,214000,214000,United States,Senior,Full-time,In-person,United States,M,196880.0,100.0,214000.0
2023,Decision Scientist,Data Science and Research,USD,170000,170000,United States,Senior,Full-time,Remote,United States,M,156400.0,100.0,170000.0
2023,Decision Scientist,Data Science and Research,USD,155000,155000,United States,Senior,Full-time,Remote,United States,M,142600.0,100.0,155000.0
2023,Data Analyst,Data Analysis,USD,98000,98000,United States,Senior,Full-time,In-person,United States,M,90160.0,100.0,98000.0
2023,Machine Learning Engineer,Machine Learning and AI,USD,199000,199000,United States,Senior,Full-time,Remote,United States,M,183080.0,100.0,199000.0
2023,Machine Learning Engineer,Machine Learning and AI,USD,260000,260000,United States,Senior,Full-time,Remote,United States,M,239200.0,100.0,260000.0
2022,Research Engineer,Data Science and Research,EUR,100000,105066,United Kingdom,Mid-level,Full-time,Hybrid,United Kingdom,S,96660.72,82.7,127044.74
2023,Data Engineer,Data Engineering,GBP,90000,110736,United Kingdom,Mid-level,Full-time,In-person,United Kingdom,M,101877.12,82.7,133900.85
2023,Data Engineer,Data Engineering,GBP,70000,86128,United Kingdom,Mid-level,Full-time,In-person,United Kingdom,M,79237.76,82.7,104145.1
2023,Data Engineer,Data Engineering,USD,145000,145000,United States,Executive,Full-time,In-person,United States,M,133400.0,100.0,145000.0
2023,Analytics Engineer,Leadership and Management,USD,289800,289800,United Kingdom,Senior,Full-time,In-person,United Kingdom,M,266616.0,82.7,350423.22
2023,Analytics Engineer,Leadership and Management,USD,214000,214000,United Kingdom,Senior,Full-time,In-person,United Kingdom,M,196880.0,82.7,258766.63
2023,Data Analyst,Data Analysis,USD,87500,87500,United States,Senior,Full-time,In-person,United States,M,80500.0,100.0,87500.0
2023,Machine Learning Engineer,Machine Learning and AI,USD,165000,165000,United States,Senior,Full-time,Remote,United States,M,151800.0,100.0,165000.0
2023,Data Scientist,Data Science and Research,USD,280830,280830,Canada,Senior,Full-time,Remote,Canada,M,258363.6,79.3,354136.19
2023,Data Scientist,Data Science and Research,USD,173175,173175,Canada,Senior,Full-time,Remote,Canada,M,159321.0,79.3,218379.57
2023,BI Developer,BI and Visualization,GBP,75000,92280,United Kingdom,Mid-level,Full-time,In-person,United Kingdom,M,84897.6,82.7,111584.04
2023,BI Developer,BI and Visualization,GBP,40000,49216,United Kingdom,Mid-level,Full-time,In-person,United Kingdom,M,45278.72,82.7,59511.49
2023,NLP Engineer,Machine Learning and AI,EUR,69500,75038,Spain,Senior,Full-time,Remote,Spain,M,69034.96,62.8,119487.26
2023,NLP Engineer,Machine Learning and AI,EUR,60000,64781,Spain,Senior,Full-time,Remote,Spain,M,59598.52,62.8,103154.46
2023,NLP Engineer,Machine Learning and AI,EUR,66200,71475,Italy,Senior,Full-time,Remote,Italy,M,65757.0,68.4,104495.61
2023,NLP Engineer,Machine Learning and AI,EUR,57000,61541,Italy,Senior,Full-time,Remote,Italy,M,56617.72,68.4,89972.22
2023,Analytics Engineer,Leadership and Management,USD,231250,231250,United States,Senior,Full-time,Remote,United States,M,212750.0,100.0,231250.0
2023,Analytics Engineer,Leadership and Management,USD,138750,138750,United States,Senior,Full-time,Remote,United States,M,127650.0,100.0,138750.0
2023,Machine Learning Engineer,Machine Learning and AI,USD,155000,155000,United States,Mid-level,Full-time,In-person,United States,M,142600.0,100.0,155000.0
2023,Data Engineer,Data Engineering,USD,242000,242000,United States,Mid-level,Full-time,In-person,United States,M,222640.0,100.0,242000.0
2023,Data Engineer,Data Engineering,USD,195000,195000,United States,Mid-level,Full-time,In-person,United States,M,179400.0,100.0,195000.0
2023,Research Scientist,Data Science and Research,USD,155000,155000,United States,Entry-level,Full-time,In-person,United States,M,142600.0,100.0,155000.0
2023,Research Scientist,Data Science and Research,USD,125000,125000,United States,Entry-level,Full-time,In-person,United States,M,115000.0,100.0,125000.0
2023,Machine Learning Engineer,Machine Learning and AI,USD,160000,160000,United States,Mid-level,Full-time,Remote,United States,M,147200.0,100.0,160000.0
2023,Machine Learning Engineer,Machine Learning and AI,USD,140000,140000,United States,Mid-level,Full-time,Remote,United States,M,128800.0,100.0,140000.0
2023,Data Scientist,Data Science and Research,USD,183924,183924,United States,Senior,Full-time,In-person,United States,M,169210.08,100.0,183924.0
2023,Data Scientist,Data Science and Research,USD,125760,125760,United States,Senior,Full-time,In-person,United States,M,115699.2,100.0,125760.0
2023,Analytics Engineer,Leadership and Management,GBP,350000,430640,United Kingdom,Mid-level,Full-time,In-person,United Kingdom,M,396188.8,82.7,520725.51
2023,Principal Data Scientist,Data Science and Research,EUR,80000,86374,Spain,Senior,Full-time,Remote,Spain,L,79464.08,62.8,137538.22
2023,ML Engineer,Machine Learning and AI,USD,30000,30000,United States,Mid-level,Contract,Remote,United States,S,27600.0,100.0,30000.0
2023,ML Engineer,Machine Learning and AI,USD,25500,25500,United States,Mid-level,Contract,Remote,United States,S,23460.0,100.0,25500.0
2023,Data Scientist,Data Science and Research,USD,175000,175000,Canada,Senior,Full-time,Remote,Canada,M,161000.0,79.3,220680.96
2023,Data Scientist,Data Science and Research,USD,120000,120000,Canada,Senior,Full-time,Remote,Canada,M,110400.0,79.3,151324.09
2023,Data Scientist,Data Science and Research,USD,219000,219000,Canada,Senior,Full-time,In-person,Canada,M,201480.0,79.3,276166.46
2023,Data Scientist,Data Science and Research,USD,141000,141000,Canada,Senior,Full-time,In-person,Canada,M,129720.0,79.3,177805.8
2023,Applied Scientist,Data Science and Research,USD,213660,213660,United States,Entry-level,Full-time,In-person,United States,L,196567.2,100.0,213660.0
2023,Applied Scientist,Data Science and Research,USD,130760,130760,United States,Entry-level,Full-time,In-person,United States,L,120299.2,100.0,130760.0
2023,Research Engineer,Data Science and Research,USD,275000,275000,Germany,Senior,Full-time,In-person,Germany,M,253000.0,78.5,350318.47
2023,Research Engineer,Data Science and Research,USD,174000,174000,Germany,Senior,Full-time,In-person,Germany,M,160080.0,78.5,221656.05
2023,Analytics Engineer,Leadership and Management,USD,143200,143200,United Kingdom,Senior,Full-time,Remote,United Kingdom,M,131744.0,82.7,173155.99
2023,Data Strategist,Data Architecture and Modeling,USD,90000,90000,Canada,Senior,Full-time,In-person,Canada,M,82800.0,79.3,113493.06
2023,Data Strategist,Data Architecture and Modeling,USD,72000,72000,Canada,Senior,Full-time,In-person,Canada,M,66240.0,79.3,90794.45
2023,Data Engineer,Data Engineering,USD,253200,253200,United States,Senior,Full-time,In-person,United States,M,232944.0,100.0,253200.0
2023,Computer Vision Engineer,Machine Learning and AI,USD,342810,342810,United States,Senior,Full-time,In-person,United States,M,315385.2,100.0,342810.0
2023,Computer Vision Engineer,Machine Learning and AI,USD,184590,184590,United States,Senior,Full-time,In-person,United States,M,169822.8,100.0,184590.0
2023,Data Analyst,Data Analysis,USD,105380,105380,United States,Mid-level,Full-time,In-person,United States,M,96949.6,100.0,105380.0
2023,Data Analyst,Data Analysis,USD,64500,64500,United States,Mid-level,Full-time,In-person,United States,M,59340.0,100.0,64500.0
2023,Compliance Data Analyst,Data Analysis,USD,30000,30000,Nigeria,Entry-level,Full-time,Remote,Nigeria,L,27600.0,21.5,139534.88
2023,Applied Scientist,Data Science and Research,USD,204620,204620,United States,Entry-level,Full-time,In-person,United States,L,188250.4,100.0,204620.0
2023,Applied Scientist,Data Science and Research,USD,110680,110680,United States,Entry-level,Full-time,In-person,United States,L,101825.6,100.0,110680.0
2023,Data Engineer,Data Engineering,USD,270703,270703,United States,Senior,Full-time,In-person,United States,M,249046.76,100.0,270703.0
2023,Data Engineer,Data Engineering,USD,221484,221484,United States,Senior,Full-time,In-person,United States,M,203765.28,100.0,221484.0
2023,Data Scientist,Data Science and Research,USD,212750,212750,United States,Senior,Full-time,Remote,United States,M,195730.0,100.0,212750.0
2023,Data Scientist,Data Science and Research,USD,218500,218500,United States,Senior,Full-time,Remote,United States,M,201020.0,100.0,218500.0
2023,Data Scientist,Data Science and Research,USD,199098,199098,United States,Senior,Full-time,Remote,United States,M,183170.16,100.0,199098.0
2023,Data Engineer,Data Engineering,USD,203300,203300,United States,Senior,Full-time,Remote,United States,M,187036.0,100.0,203300.0
2023,Data Engineer,Data Engineering,USD,123600,123600,United States,Senior,Full-time,Remote,United States,M,113712.0,100.0,123600.0
2023,Data Engineer,Data Engineering,USD,231500,231500,United States,Senior,Full-time,Remote,United States,M,212980.0,100.0,231500.0
2023,Data Engineer,Data Engineering,USD,166000,166000,United States,Senior,Full-time,Remote,United States,M,152720.0,100.0,166000.0
2023,Data Scientist,Data Science and Research,USD,172500,172500,United States,Senior,Full-time,Remote,United States,M,158700.0,100.0,172500.0
2023,Data Scientist,Data Science and Research,USD,110500,110500,United States,Senior,Full-time,Remote,United States,M,101660.0,100.0,110500.0
2023,Data Engineer,Data Engineering,USD,238000,238000,United States,Senior,Full-time,In-person,United States,M,218960.0,100.0,238000.0
2023,Data Engineer,Data Engineering,USD,176000,176000,United States,Senior,Full-time,In-person,United States,M,161920.0,100.0,176000.0
2023,Data Engineer,Data Engineering,USD,237000,237000,United States,Senior,Full-time,Remote,United States,M,218040.0,100.0,237000.0
2023,Data Engineer,Data Engineering,USD,201450,201450,United States,Senior,Full-time,Remote,United States,M,185334.0,100.0,201450.0
2023,Data Engineer,Data Engineering,USD,193500,193500,United States,Senior,Full-time,Remote,United States,M,178020.0,100.0,193500.0
2023,Data Engineer,Data Engineering,USD,139000,139000,United States,Senior,Full-time,Remote,United States,M,127880.0,100.0,139000.0
2023,Machine Learning Engineer,Machine Learning and AI,USD,150000,150000,Portugal,Senior,Full-time,Remote,United States,M,138000.0,100.0,150000.0
2023,Applied Machine Learning Engineer,Machine Learning and AI,EUR,65000,70179,India,Mid-level,Full-time,Remote,Germany,S,64564.68,78.5,89400.0
2023,Machine Learning Engineer,Machine Learning and AI,EUR,90000,97171,Netherlands,Mid-level,Full-time,Remote,Netherlands,L,89397.32,82.6,117640.44
2023,Business Intelligence Engineer,BI and Visualization,USD,185900,185900,United States,Senior,Full-time,In-person,United States,M,171028.0,100.0,185900.0
2023,Business Intelligence Engineer,BI and Visualization,USD,129300,129300,United States,Senior,Full-time,In-person,United States,M,118956.0,100.0,129300.0
2023,Machine Learning Engineer,Machine Learning and AI,USD,163196,163196,United States,Entry-level,Full-time,In-person,United States,M,150140.32,100.0,163196.0
2023,Machine Learning Engineer,Machine Learning and AI,USD,145885,145885,United States,Entry-level,Full-time,In-person,United States,M,134214.2,100.0,145885.0
2023,Data Analyst,Data Analysis,USD,202800,202800,United States,Senior,Full-time,In-person,United States,L,186576.0,100.0,202800.0
2023,Data Analyst,Data Analysis,USD,104300,104300,United States,Senior,Full-time,In-person,United States,L,95956.0,100.0,104300.0
2023,Data Engineer,Data Engineering,USD,179170,179170,United States,Senior,Full-time,In-person,United States,M,164836.4,100.0,179170.0
2023,Data Engineer,Data Engineering,USD,94300,94300,United States,Senior,Full-time,In-person,United States,M,86756.0,100.0,94300.0
2023,Analytics Engineer,Leadership and Management,USD,152500,152500,United States,Senior,Full-time,In-person,United States,M,140300.0,100.0,152500.0
2023,Analytics Engineer,Leadership and Management,USD,116450,116450,United States,Senior,Full-time,In-person,United States,M,107134.0,100.0,116450.0
2023,Data Engineer,Data Engineering,USD,133800,133800,United States,Senior,Full-time,In-person,United States,M,123096.0,100.0,133800.0
2023,Research Scientist,Data Science and Research,USD,220000,220000,United States,Entry-level,Full-time,Hybrid,United States,L,202400.0,100.0,220000.0
2022,Machine Learning Engineer,Machine Learning and AI,CHF,54000,56536,Switzerland,Entry-level,Full-time,Remote,Switzerland,S,52013.12,122.4,46189.54
2023,Analytics Engineer,Leadership and Management,USD,214000,214000,United States,Senior,Full-time,In-person,United States,M,196880.0,100.0,214000.0
2023,Machine Learning Engineer,Machine Learning and AI,USD,283200,283200,United States,Senior,Full-time,Remote,United States,M,260544.0,100.0,283200.0
2023,Machine Learning Engineer,Machine Learning and AI,USD,188800,188800,United States,Senior,Full-time,Remote,United States,M,173696.0,100.0,188800.0
2023,Data Engineer,Data Engineering,USD,161800,161800,United States,Senior,Full-time,Remote,United States,M,148856.0,100.0,161800.0
2023,Data Engineer,Data Engineering,USD,141600,141600,United States,Senior,Full-time,Remote,United States,M,130272.0,100.0,141600.0
2023,Machine Learning Engineer,Machine Learning and AI,USD,342300,342300,United States,Senior,Full-time,In-person,United States,L,314916.0,100.0,342300.0
2023,Machine Learning Engineer,Machine Learning and AI,USD,176100,176100,United States,Senior,Full-time,In-person,United States,L,162012.0,100.0,176100.0
2023,Data Engineer,Data Engineering,USD,85000,85000,United States,Entry-level,Full-time,In-person,United States,M,78200.0,100.0,85000.0
2023,Data Engineer,Data Engineering,USD,65000,65000,United States,Entry-level,Full-time,In-person,United States,M,59800.0,100.0,65000.0
2023,Data Scientist,Data Science and Research,USD,138784,138784,United States,Senior,Full-time,Remote,United States,M,127681.28,100.0,138784.0
2023,Data Scientist,Data Science and Research,USD,83270,83270,United States,Senior,Full-time,Remote,United States,M,76608.4,100.0,83270.0
2023,Data Analyst,Data Analysis,USD,70000,70000,United States,Entry-level,Full-time,In-person,United States,M,64400.0,100.0,70000.0
2023,Machine Learning Engineer,Machine Learning and AI,USD,318300,318300,United States,Senior,Full-time,Remote,United States,M,292836.0,100.0,318300.0
2023,Machine Learning Engineer,Machine Learning and AI,USD,212200,212200,United States,Senior,Full-time,Remote,United States,M,195224.0,100.0,212200.0
2023,Analytics Engineer,Leadership and Management,USD,230000,230000,United States,Senior,Full-time,In-person,United States,M,211600.0,100.0,230000.0
2023,Analytics Engineer,Leadership and Management,USD,143200,143200,United States,Senior,Full-time,In-person,United States,M,131744.0,100.0,143200.0
2023,Business Data Analyst,Data Analysis,USD,105000,105000,United States,Mid-level,Full-time,Hybrid,United States,L,96600.0,100.0,105000.0
2023,Data Analyst,Data Analysis,GBP,38000,46755,United Kingdom,Mid-level,Full-time,In-person,United Kingdom,M,43014.6,82.7,56535.67
2023,Data Analyst,Data Analysis,GBP,35000,43064,United Kingdom,Mid-level,Full-time,In-person,United Kingdom,M,39618.88,82.7,52072.55
2023,Data Analyst,Data Analysis,USD,168400,168400,United States,Senior,Full-time,In-person,United States,M,154928.0,100.0,168400.0
2023,Data Analyst,Data Analysis,USD,105200,105200,United States,Senior,Full-time,In-person,United States,M,96784.0,100.0,105200.0
2023,Data Analyst,Data Analysis,GBP,45000,55368,Central African Republic,Senior,Full-time,Remote,Central African Republic,M,50938.56,42.1,131515.44
2023,Data Analyst,Data Analysis,GBP,35000,43064,Central African Republic,Senior,Full-time,Remote,Central African Republic,M,39618.88,42.1,102289.79
2023,Data Engineer,Data Engineering,USD,220000,220000,United States,Senior,Full-time,Remote,United States,M,202400.0,100.0,220000.0
2023,Data Scientist,Data Science and Research,GBP,55000,67672,United Kingdom,Mid-level,Full-time,In-person,United Kingdom,M,62258.24,82.7,81828.3
2020,Staff Data Analyst,Data Analysis,USD,15000,15000,Nigeria,Executive,Full-time,In-person,Canada,M,13800.0,79.3,18915.51
2023,ETL Engineer,Data Engineering,GBP,70000,86128,United Kingdom,Mid-level,Full-time,Remote,United Kingdom,M,79237.76,82.7,104145.1
2023,ETL Engineer,Data Engineering,GBP,47500,58444,United Kingdom,Mid-level,Full-time,Remote,United Kingdom,M,53768.48,82.7,70669.89
2023,Data Analyst,Data Analysis,USD,85000,85000,United States,Entry-level,Full-time,Remote,United States,M,78200.0,100.0,85000.0
2023,Data Analyst,Data Analysis,USD,75000,75000,United States,Entry-level,Full-time,Remote,United States,M,69000.0,100.0,75000.0
2023,Machine Learning Engineer,Machine Learning and AI,USD,250000,250000,United States,Mid-level,Full-time,In-person,United States,M,230000.0,100.0,250000.0
2023,Data Scientist,Data Science and Research,USD,186000,186000,United States,Senior,Full-time,In-person,United States,M,171120.0,100.0,186000.0
2023,Research Engineer,Data Science and Research,USD,230000,230000,United States,Mid-level,Full-time,In-person,United States,M,211600.0,100.0,230000.0
2023,Research Engineer,Data Science and Research,USD,200000,200000,United States,Mid-level,Full-time,In-person,United States,M,184000.0,100.0,200000.0
2023,Data DevOps Engineer,Data Engineering,EUR,50000,53984,France,Senior,Full-time,Hybrid,France,S,49665.28,79.8,67649.12
2023,Data Engineer,Data Engineering,USD,205000,205000,United States,Executive,Full-time,In-person,United States,M,188600.0,100.0,205000.0
2023,Data Engineer,Data Engineering,USD,180000,180000,United States,Mid-level,Full-time,In-person,United States,M,165600.0,100.0,180000.0
2023,Computer Vision Engineer,Machine Learning and AI,USD,215000,215000,United States,Senior,Full-time,In-person,United States,M,197800.0,100.0,215000.0
2023,Computer Vision Engineer,Machine Learning and AI,USD,170000,170000,United States,Senior,Full-time,In-person,United States,M,156400.0,100.0,170000.0
2023,Data Scientist,Data Science and Research,USD,224000,224000,Canada,Senior,Full-time,In-person,Canada,M,206080.0,79.3,282471.63
2023,Data Scientist,Data Science and Research,USD,176000,176000,Canada,Senior,Full-time,In-person,Canada,M,161920.0,79.3,221941.99
2023,Applied Data Scientist,Data Science and Research,AUD,100000,67635,Australia,Senior,Full-time,Remote,Finland,M,62224.2,83.7,80806.45
2023,AI Developer,Machine Learning and AI,SGD,100000,74883,Finland,Mid-level,Full-time,In-person,Finland,M,68892.36,83.7,89465.95
2023,Data Quality Analyst,Data Quality and Operations,USD,100000,100000,United States,Senior,Full-time,In-person,United States,M,92000.0,100.0,100000.0
2023,Data Quality Analyst,Data Quality and Operations,USD,80000,80000,United States,Senior,Full-time,In-person,United States,M,73600.0,100.0,80000.0
2023,Data Scientist,Data Science and Research,USD,162500,162500,United States,Senior,Full-time,In-person,United States,M,149500.0,100.0,162500.0
2023,AI Developer,Machine Learning and AI,USD,200000,200000,United States,Mid-level,Full-time,Remote,United States,M,184000.0,100.0,200000.0
2023,Data Engineer,Data Engineering,USD,115000,115000,United States,Executive,Full-time,In-person,United States,M,105800.0,100.0,115000.0
2023,Data Scientist,Data Science and Research,USD,239000,239000,United States,Senior,Full-time,In-person,United States,L,219880.0,100.0,239000.0
2023,Data Scientist,Data Science and Research,USD,122900,122900,United States,Senior,Full-time,In-person,United States,L,113068.0,100.0,122900.0
2023,Data Scientist,Data Science and Research,USD,237000,237000,United States,Senior,Full-time,In-person,United States,M,218040.0,100.0,237000.0
2023,Data Science Manager,Data Science and Research,USD,191765,191765,United States,Senior,Full-time,In-person,United States,M,176423.8,100.0,191765.0
2023,Data Science Manager,Data Science and Research,USD,134236,134236,United States,Senior,Full-time,In-person,United States,M,123497.12,100.0,134236.0
2023,Analytics Engineer,Leadership and Management,USD,190000,190000,United States,Senior,Full-time,Remote,United States,M,174800.0,100.0,190000.0
2023,Analytics Engineer,Leadership and Management,USD,112000,112000,United States,Senior,Full-time,Remote,United States,M,103040.0,100.0,112000.0
2022,Data Scientist,Data Science and Research,EUR,84000,88256,Spain,Senior,Full-time,Remote,United Kingdom,L,81195.52,82.7,106718.26
2023,Data Analyst,Data Analysis,USD,105500,105500,United States,Senior,Full-time,In-person,United States,M,97060.0,100.0,105500.0
2023,Research Engineer,Data Science and Research,USD,293000,293000,United States,Senior,Full-time,In-person,United States,M,269560.0,100.0,293000.0
2023,Data Analyst,Data Analysis,USD,148500,148500,United States,Senior,Full-time,In-person,United States,M,136620.0,100.0,148500.0
2023,Analytics Engineer,Leadership and Management,USD,152900,152900,United States,Senior,Full-time,Remote,United States,M,140668.0,100.0,152900.0
2023,Analytics Engineer,Leadership and Management,USD,117100,117100,United States,Senior,Full-time,Remote,United States,M,107732.0,100.0,117100.0
2023,Analytics Engineer,Leadership and Management,USD,173000,173000,United States,Senior,Full-time,Remote,United States,M,159160.0,100.0,173000.0
2023,Analytics Engineer,Leadership and Management,USD,113000,113000,United States,Senior,Full-time,Remote,United States,M,103960.0,100.0,113000.0
2023,Data Engineer,Data Engineering,USD,175000,175000,United States,Executive,Full-time,In-person,United States,M,161000.0,100.0,175000.0
2023,Data Engineer,Data Engineering,USD,110000,110000,United States,Executive,Full-time,In-person,United States,M,101200.0,100.0,110000.0
2023,Research Scientist,Data Science and Research,USD,110000,110000,United States,Senior,Full-time,Remote,United States,M,101200.0,100.0,110000.0
2023,Applied Scientist,Data Science and Research,USD,205000,205000,United States,Senior,Full-time,Remote,United States,M,188600.0,100.0,205000.0
2023,Data Analyst,Data Analysis,USD,149500,149500,United States,Senior,Full-time,Remote,United States,M,137540.0,100.0,149500.0
2023,Data Analyst,Data Analysis,USD,127075,127075,United States,Senior,Full-time,Remote,United States,M,116909.0,100.0,127075.0
2023,Data Engineer,Data Engineering,USD,219535,219535,United States,Senior,Full-time,Remote,United States,M,201972.2,100.0,219535.0
2023,Data Engineer,Data Engineering,USD,146115,146115,United States,Senior,Full-time,Remote,United States,M,134425.8,100.0,146115.0
2023,Analytics Engineer,Leadership and Management,USD,221000,221000,United States,Executive,Full-time,Remote,United States,M,203320.0,100.0,221000.0
2023,Analytics Engineer,Leadership and Management,USD,153000,153000,United States,Executive,Full-time,Remote,United States,M,140760.0,100.0,153000.0
2023,Data Analyst,Data Analysis,USD,187000,187000,United States,Senior,Full-time,In-person,United States,M,172040.0,100.0,187000.0
2023,Data Engineer,Data Engineering,USD,179000,179000,United States,Senior,Full-time,In-person,United States,M,164680.0,100.0,179000.0
2023,Data Engineer,Data Engineering,USD,109000,109000,United States,Senior,Full-time,In-person,United States,M,100280.0,100.0,109000.0
2023,Data Analyst,Data Analysis,USD,142000,142000,United States,Senior,Full-time,Remote,United States,M,130640.0,100.0,142000.0
2023,Data Manager,Leadership and Management,USD,198800,198800,United States,Senior,Full-time,In-person,United States,M,182896.0,100.0,198800.0
2023,Data Manager,Leadership and Management,USD,105200,105200,United States,Senior,Full-time,In-person,United States,M,96784.0,100.0,105200.0
2023,Data Analyst,Data Analysis,USD,112000,112000,United States,Senior,Full-time,Remote,United States,M,103040.0,100.0,112000.0
2023,Data Manager,Leadership and Management,USD,115000,115000,United States,Senior,Full-time,Remote,United States,M,105800.0,100.0,115000.0
2023,Data Manager,Leadership and Management,USD,86000,86000,United States,Senior,Full-time,Remote,United States,M,79120.0,100.0,86000.0
2023,Data Analyst,Data Analysis,USD,106000,106000,United States,Senior,Full-time,In-person,United States,M,97520.0,100.0,106000.0
2022,AI Developer,Machine Learning and AI,USD,275000,275000,Canada,Senior,Full-time,In-person,Canada,S,253000.0,79.3,346784.36
2023,Machine Learning Researcher,Machine Learning and AI,USD,50000,50000,Ukraine,Senior,Freelance,Hybrid,Ukraine,S,46000.0,29.8,167785.23
2023,Machine Learning Engineer,Machine Learning and AI,USD,280700,280700,United States,Mid-level,Full-time,Remote,United States,M,258244.0,100.0,280700.0
2023,Machine Learning Engineer,Machine Learning and AI,USD,150450,150450,United States,Mid-level,Full-time,Remote,United States,M,138414.0,100.0,150450.0
2023,Data Scientist,Data Science and Research,CAD,70000,51861,Canada,Entry-level,Full-time,Remote,Canada,L,47712.12,79.3,65398.49
2023,Data Scientist,Data Science and Research,USD,93918,93918,United States,Mid-level,Full-time,Remote,United States,M,86404.56,100.0,93918.0
2023,Data Scientist,Data Science and Research,USD,51962,51962,United States,Mid-level,Full-time,Remote,United States,M,47805.04,100.0,51962.0
2023,Data Analyst,Data Analysis,USD,175000,175000,Canada,Senior,Full-time,Remote,Canada,M,161000.0,79.3,220680.96
2023,Data Analyst,Data Analysis,USD,135000,135000,Canada,Senior,Full-time,Remote,Canada,M,124200.0,79.3,170239.6
2023,Machine Learning Engineer,Machine Learning and AI,USD,257000,257000,United States,Senior,Full-time,In-person,United States,M,236440.0,100.0,257000.0
2023,Data Engineer,Data Engineering,USD,222000,222000,United States,Senior,Full-time,Remote,United States,M,204240.0,100.0,222000.0
2023,Data Scientist,Data Science and Research,USD,133200,133200,United States,Senior,Full-time,Remote,United States,M,122544.0,100.0,133200.0
2023,Data Engineer,Data Engineering,USD,221000,221000,United States,Senior,Full-time,In-person,United States,M,203320.0,100.0,221000.0
2023,Data Engineer,Data Engineering,USD,147000,147000,United States,Senior,Full-time,In-person,United States,M,135240.0,100.0,147000.0
2023,Data Scientist,Data Science and Research,USD,238000,238000,United States,Senior,Full-time,Remote,United States,M,218960.0,100.0,238000.0
2023,Data Scientist,Data Science and Research,USD,156000,156000,United States,Senior,Full-time,Remote,United States,M,143520.0,100.0,156000.0
2023,Machine Learning Engineer,Machine Learning and AI,USD,304000,304000,United States,Senior,Full-time,Remote,United States,M,279680.0,100.0,304000.0
2023,Big Data Engineer,Data Engineering,EUR,45000,48585,Spain,Mid-level,Full-time,Remote,Spain,M,44698.2,62.8,77364.65
2023,Research Scientist,Data Science and Research,GBP,161200,198340,United Kingdom,Mid-level,Full-time,In-person,United Kingdom,M,182472.8,82.7,239830.71
2023,Research Scientist,Data Science and Research,GBP,84570,104055,United Kingdom,Mid-level,Full-time,In-person,United Kingdom,M,95730.6,82.7,125822.25
2023,Data Engineer,Data Engineering,USD,183600,183600,United States,Senior,Full-time,In-person,United States,M,168912.0,100.0,183600.0
2023,Data Specialist,Data Management and Strategy,USD,130000,130000,United States,Mid-level,Full-time,In-person,United States,M,119600.0,100.0,130000.0
2023,Data Analytics Manager,Leadership and Management,USD,160000,160000,United States,Senior,Full-time,Remote,United States,M,147200.0,100.0,160000.0
2023,Data Analytics Manager,Leadership and Management,USD,120000,120000,United States,Senior,Full-time,Remote,United States,M,110400.0,100.0,120000.0
2023,Machine Learning Engineer,Machine Learning and AI,USD,289076,289076,United States,Senior,Full-time,In-person,United States,M,265949.92,100.0,289076.0
2023,Machine Learning Engineer,Machine Learning and AI,USD,202353,202353,United States,Senior,Full-time,In-person,United States,M,186164.76,100.0,202353.0
2023,Data Scientist,Data Science and Research,USD,157750,157750,United States,Senior,Full-time,Remote,United States,M,145130.0,100.0,157750.0
2023,Data Scientist,Data Science and Research,USD,104650,104650,United States,Senior,Full-time,Remote,United States,M,96278.0,100.0,104650.0
2023,Data Scientist,Data Science and Research,USD,180000,180000,United States,Mid-level,Full-time,Remote,United States,M,165600.0,100.0,180000.0
2023,Data Scientist,Data Science and Research,USD,200000,200000,United States,Executive,Full-time,In-person,United States,M,184000.0,100.0,200000.0
2023,Lead Data Analyst,Data Analysis,USD,68000,68000,United States,Mid-level,Full-time,In-person,United States,L,62560.0,100.0,68000.0
2023,BI Data Engineer,Data Engineering,USD,60000,60000,United States,Entry-level,Full-time,Remote,United States,M,55200.0,100.0,60000.0
2023,Data Engineer,Data Engineering,USD,90000,90000,United States,Mid-level,Full-time,In-person,United States,M,82800.0,100.0,90000.0
2023,Research Engineer,Data Science and Research,USD,155000,155000,United States,Entry-level,Full-time,In-person,United States,M,142600.0,100.0,155000.0
2023,Research Engineer,Data Science and Research,USD,125000,125000,United States,Entry-level,Full-time,In-person,United States,M,115000.0,100.0,125000.0
2023,Machine Learning Engineer,Machine Learning and AI,USD,181000,181000,United States,Senior,Full-time,In-person,United States,M,166520.0,100.0,181000.0
2023,Data Scientist,Data Science and Research,USD,252000,252000,United States,Senior,Full-time,In-person,United States,M,231840.0,100.0,252000.0
2023,Data Scientist,Data Science and Research,USD,154000,154000,United States,Senior,Full-time,In-person,United States,M,141680.0,100.0,154000.0
2023,Data Architect,Data Architecture and Modeling,USD,180000,180000,United States,Executive,Full-time,In-person,United States,M,165600.0,100.0,180000.0
2023,Data Architect,Data Architecture and Modeling,USD,155000,155000,United States,Executive,Full-time,In-person,United States,M,142600.0,100.0,155000.0
2023,Data Analyst,Data Analysis,USD,64200,64200,United States,Entry-level,Full-time,Remote,United States,M,59064.0,100.0,64200.0
2023,Data Analyst,Data Analysis,USD,56100,56100,United States,Entry-level,Full-time,Remote,United States,M,51612.0,100.0,56100.0
2023,Data Manager,Leadership and Management,USD,135000,135000,United States,Mid-level,Full-time,In-person,United States,M,124200.0,100.0,135000.0
2023,Data Scientist,Data Science and Research,USD,171250,171250,Ireland,Senior,Full-time,In-person,Ireland,M,157550.0,91.1,187980.24
2023,Data Scientist,Data Science and Research,USD,113750,113750,Ireland,Senior,Full-time,In-person,Ireland,M,104650.0,91.1,124862.79
2023,Data Analyst,Data Analysis,USD,153600,153600,United States,Senior,Full-time,In-person,United States,M,141312.0,100.0,153600.0
2023,Data Analyst,Data Analysis,USD,100500,100500,United States,Senior,Full-time,In-person,United States,M,92460.0,100.0,100500.0
2023,Machine Learning Engineer,Machine Learning and AI,USD,115000,115000,Canada,Senior,Full-time,Remote,Canada,M,105800.0,79.3,145018.92
2023,Data Analyst,Data Analysis,USD,182500,182500,United States,Mid-level,Full-time,In-person,United States,M,167900.0,100.0,182500.0
2023,Data Analyst,Data Analysis,USD,121500,121500,United States,Mid-level,Full-time,In-person,United States,M,111780.0,100.0,121500.0
2023,Data Engineer,Data Engineering,USD,203100,203100,United States,Senior,Full-time,In-person,United States,M,186852.0,100.0,203100.0
2023,Data Engineer,Data Engineering,USD,114500,114500,United States,Senior,Full-time,In-person,United States,M,105340.0,100.0,114500.0
2023,Data Engineer,Data Engineering,USD,92700,92700,United States,Entry-level,Full-time,Remote,United States,M,85284.0,100.0,92700.0
2023,Data Architect,Data Architecture and Modeling,USD,167500,167500,United States,Mid-level,Full-time,In-person,United States,M,154100.0,100.0,167500.0
2023,Data Architect,Data Architecture and Modeling,USD,106500,106500,United States,Mid-level,Full-time,In-person,United States,M,97980.0,100.0,106500.0
2022,Data Engineer,Data Engineering,EUR,57000,59888,Netherlands,Entry-level,Full-time,Remote,Netherlands,L,55096.96,82.6,72503.63
2023,Data Engineer,Data Engineering,USD,286000,286000,United States,Executive,Full-time,Remote,United States,M,263120.0,100.0,286000.0
2023,Data Engineer,Data Engineering,USD,207000,207000,United States,Executive,Full-time,Remote,United States,M,190440.0,100.0,207000.0
2023,Data Engineer,Data Engineering,USD,178600,178600,United States,Senior,Full-time,In-person,United States,M,164312.0,100.0,178600.0
2023,Machine Learning Scientist,Machine Learning and AI,USD,230000,230000,United States,Mid-level,Full-time,In-person,United States,M,211600.0,100.0,230000.0
2023,Machine Learning Scientist,Machine Learning and AI,USD,220000,220000,United States,Mid-level,Full-time,In-person,United States,M,202400.0,100.0,220000.0
2023,Research Scientist,Data Science and Research,USD,210000,210000,United States,Mid-level,Full-time,Remote,United States,M,193200.0,100.0,210000.0
2023,Research Scientist,Data Science and Research,USD,151800,151800,United States,Mid-level,Full-time,Remote,United States,M,139656.0,100.0,151800.0
2023,Data Scientist,Data Science and Research,USD,317070,317070,United States,Senior,Full-time,In-person,United States,M,291704.4,100.0,317070.0
2023,Data Scientist,Data Science and Research,USD,170730,170730,United States,Senior,Full-time,In-person,United States,M,157071.6,100.0,170730.0
2023,Business Data Analyst,Data Analysis,EUR,20000,21593,Spain,Entry-level,Full-time,In-person,Spain,M,19865.56,62.8,34383.76
2023,AI Developer,Machine Learning and AI,USD,108000,108000,Ukraine,Senior,Full-time,In-person,Ukraine,M,99360.0,29.8,362416.11
2023,AI Developer,Machine Learning and AI,USD,60000,60000,Ukraine,Senior,Full-time,In-person,Ukraine,M,55200.0,29.8,201342.28
2023,MLOps Engineer,Machine Learning and AI,USD,134000,134000,United States,Mid-level,Full-time,Remote,United States,M,123280.0,100.0,134000.0
2023,MLOps Engineer,Machine Learning and AI,USD,124000,124000,United States,Mid-level,Full-time,Remote,United States,M,114080.0,100.0,124000.0
2023,Data Engineer,Data Engineering,USD,124500,124500,United States,Senior,Full-time,In-person,United States,M,114540.0,100.0,124500.0
2023,Data Analyst,Data Analysis,USD,175000,175000,United States,Senior,Full-time,In-person,United States,M,161000.0,100.0,175000.0
2023,Data Analyst,Data Analysis,USD,148700,148700,United States,Senior,Full-time,In-person,United States,M,136804.0,100.0,148700.0
2023,Data Analyst,Data Analysis,USD,125600,125600,United States,Senior,Full-time,In-person,United States,M,115552.0,100.0,125600.0
2023,Research Engineer,Data Science and Research,USD,120000,120000,United States,Entry-level,Full-time,In-person,United States,M,110400.0,100.0,120000.0
2023,Data Analyst,Data Analysis,USD,185000,185000,United States,Senior,Full-time,Remote,United States,M,170200.0,100.0,185000.0
2023,Data Analyst,Data Analysis,USD,120250,120250,United States,Senior,Full-time,Remote,United States,M,110630.0,100.0,120250.0
2023,Data Scientist,Data Science and Research,USD,183000,183000,United States,Senior,Full-time,Remote,United States,M,168360.0,100.0,183000.0
2023,Data Architect,Data Architecture and Modeling,USD,125000,125000,United States,Senior,Full-time,Remote,United States,M,115000.0,100.0,125000.0
2023,Machine Learning Engineer,Machine Learning and AI,USD,135000,135000,United States,Mid-level,Full-time,Hybrid,United States,L,124200.0,100.0,135000.0
2023,Data Engineer,Data Engineering,USD,143865,143865,United States,Mid-level,Full-time,In-person,United States,M,132355.8,100.0,143865.0
2023,Data Engineer,Data Engineering,USD,115092,115092,United States,Mid-level,Full-time,In-person,United States,M,105884.64,100.0,115092.0
2023,Machine Learning Engineer,Machine Learning and AI,USD,90000,90000,United States,Mid-level,Full-time,In-person,United States,M,82800.0,100.0,90000.0
2023,Data Scientist,Data Science and Research,USD,173000,173000,United States,Senior,Full-time,Remote,United States,M,159160.0,100.0,173000.0
2023,Data Scientist,Data Science and Research,USD,132000,132000,United States,Senior,Full-time,Remote,United States,M,121440.0,100.0,132000.0
2023,Data Analyst,Data Analysis,USD,208049,208049,United States,Senior,Full-time,In-person,United States,M,191405.08,100.0,208049.0
2023,Data Analyst,Data Analysis,USD,128500,128500,United States,Senior,Full-time,In-person,United States,M,118220.0,100.0,128500.0
2023,Data Engineer,Data Engineering,USD,149600,149600,United States,Mid-level,Full-time,In-person,United States,M,137632.0,100.0,149600.0
2023,Data Engineer,Data Engineering,USD,102000,102000,United States,Mid-level,Full-time,In-person,United States,M,93840.0,100.0,102000.0
2023,Data Scientist,Data Science and Research,USD,100000,100000,United States,Executive,Full-time,In-person,United States,M,92000.0,100.0,100000.0
2023,Data Analyst,Data Analysis,USD,190000,190000,United States,Senior,Full-time,Remote,United States,M,174800.0,100.0,190000.0
2023,Data Analyst,Data Analysis,USD,106800,106800,United States,Senior,Full-time,In-person,United States,M,98256.0,100.0,106800.0
2023,Data Scientist,Data Science and Research,EUR,90000,97171,Ireland,Mid-level,Full-time,In-person,Ireland,M,89397.32,91.1,106664.11
2023,Data Scientist,Data Science and Research,EUR,75000,80976,Ireland,Mid-level,Full-time,In-person,Ireland,M,74497.92,91.1,88886.94
2023,Data Engineer,Data Engineering,USD,151000,151000,United States,Mid-level,Full-time,In-person,United States,M,138920.0,100.0,151000.0
2023,Applied Machine Learning Scientist,Machine Learning and AI,EUR,40000,43187,Germany,Entry-level,Full-time,Hybrid,Germany,M,39732.04,78.5,55015.29
2023,Data Engineer,Data Engineering,USD,145000,145000,Canada,Senior,Full-time,Remote,Canada,M,133400.0,79.3,182849.94
2023,Data Analyst,Data Analysis,USD,154000,154000,United States,Mid-level,Full-time,In-person,United States,M,141680.0,100.0,154000.0
2023,Data Analyst,Data Analysis,USD,143000,143000,United States,Mid-level,Full-time,In-person,United States,M,131560.0,100.0,143000.0
2023,Data Scientist,Data Science and Research,GBP,65000,79976,United Kingdom,Mid-level,Full-time,In-person,United Kingdom,M,73577.92,82.7,96706.17
2023,Data Scientist,Data Science and Research,USD,190000,190000,United States,Entry-level,Full-time,In-person,United States,M,174800.0,100.0,190000.0
2023,Data Scientist,Data Science and Research,USD,120000,120000,United States,Entry-level,Full-time,In-person,United States,M,110400.0,100.0,120000.0
2023,Data Scientist,Data Science and Research,GBP,90000,110736,United Kingdom,Mid-level,Full-time,In-person,United Kingdom,M,101877.12,82.7,133900.85
2023,Data Engineer,Data Engineering,USD,111000,111000,United States,Senior,Full-time,In-person,United States,M,102120.0,100.0,111000.0
2023,Data Engineer,Data Engineering,USD,265000,265000,United States,Executive,Full-time,In-person,United States,M,243800.0,100.0,265000.0
2023,Data Engineer,Data Engineering,USD,235000,235000,United States,Executive,Full-time,In-person,United States,M,216200.0,100.0,235000.0
2023,Data Scientist,Data Science and Research,CHF,112000,122638,Switzerland,Entry-level,Full-time,Hybrid,Switzerland,L,112826.96,122.4,100194.44
2022,Data Scientist,Data Science and Research,EUR,70000,73546,Germany,Mid-level,Full-time,Remote,Germany,M,67662.32,78.5,93689.17
2023,Data Engineer,Data Engineering,USD,75000,75000,United States,Mid-level,Full-time,Remote,United States,M,69000.0,100.0,75000.0
2023,Data Engineer,Data Engineering,USD,60400,60400,United States,Mid-level,Full-time,Remote,United States,M,55568.0,100.0,60400.0
2022,Lead Data Scientist,Data Science and Research,EUR,164000,172309,Ireland,Senior,Full-time,Remote,Ireland,L,158524.28,91.1,189142.7
2023,Data Scientist,Data Science and Research,EUR,56000,60462,Austria,Mid-level,Full-time,Remote,Germany,M,55625.04,78.5,77021.66
2023,Data Analyst,Data Analysis,USD,83500,83500,United States,Mid-level,Full-time,Remote,United States,M,76820.0,100.0,83500.0
2023,Data Analyst,Data Analysis,USD,52500,52500,United States,Mid-level,Full-time,Remote,United States,M,48300.0,100.0,52500.0
2023,Data Scientist,Data Science and Research,USD,201036,201036,United States,Senior,Full-time,In-person,United States,M,184953.12,100.0,201036.0
2023,Data Scientist,Data Science and Research,USD,134024,134024,United States,Senior,Full-time,In-person,United States,M,123302.08,100.0,134024.0
2023,Data Engineer,Data Engineering,USD,62000,62000,United States,Entry-level,Full-time,Remote,United States,M,57040.0,100.0,62000.0
2023,Data Engineer,Data Engineering,USD,58000,58000,United States,Entry-level,Full-time,Remote,United States,M,53360.0,100.0,58000.0
2023,Data Scientist,Data Science and Research,USD,172000,172000,United States,Senior,Full-time,In-person,United States,M,158240.0,100.0,172000.0
2023,Data Scientist,Data Science and Research,USD,115000,115000,United States,Senior,Full-time,In-person,United States,M,105800.0,100.0,115000.0
2023,Data Engineer,Data Engineering,USD,125000,125000,United States,Entry-level,Full-time,In-person,United States,M,115000.0,100.0,125000.0
2023,Data Engineer,Data Engineering,USD,90000,90000,United States,Entry-level,Full-time,In-person,United States,M,82800.0,100.0,90000.0
2023,Data Engineer,Data Engineering,USD,139500,139500,United States,Senior,Full-time,In-person,United States,M,128340.0,100.0,139500.0
2023,Data Engineer,Data Engineering,USD,109400,109400,United States,Senior,Full-time,In-person,United States,M,100648.0,100.0,109400.0
2023,Data Engineer,Data Engineering,USD,145000,145000,United States,Mid-level,Full-time,In-person,United States,M,133400.0,100.0,145000.0
2023,Data Scientist,Data Science and Research,USD,239748,239748,United States,Senior,Full-time,In-person,United States,M,220568.16,100.0,239748.0
2023,Data Scientist,Data Science and Research,USD,159832,159832,United States,Senior,Full-time,In-person,United States,M,147045.44,100.0,159832.0
2023,Data Scientist,Data Science and Research,USD,186300,186300,United States,Senior,Full-time,Remote,United States,M,171396.0,100.0,186300.0
2023,Data Scientist,Data Science and Research,USD,102500,102500,United States,Senior,Full-time,Remote,United States,M,94300.0,100.0,102500.0
2023,Data Architect,Data Architecture and Modeling,USD,149040,149040,United States,Senior,Full-time,Remote,United States,M,137116.8,100.0,149040.0
2023,Data Architect,Data Architecture and Modeling,USD,113900,113900,United States,Senior,Full-time,Remote,United States,M,104788.0,100.0,113900.0
2023,Data Engineer,Data Engineering,USD,153600,153600,United States,Senior,Full-time,Remote,United States,M,141312.0,100.0,153600.0
2023,Data Engineer,Data Engineering,USD,106800,106800,United States,Senior,Full-time,Remote,United States,M,98256.0,100.0,106800.0
2023,Data Engineer,Data Engineering,USD,172600,172600,United States,Senior,Full-time,Remote,United States,M,158792.0,100.0,172600.0
2023,Data Engineer,Data Engineering,USD,107900,107900,United States,Senior,Full-time,Remote,United States,M,99268.0,100.0,107900.0
2023,Data Analyst,Data Analysis,USD,180180,180180,United States,Senior,Full-time,In-person,United States,M,165765.6,100.0,180180.0
2023,Data Analyst,Data Analysis,USD,106020,106020,United States,Senior,Full-time,In-person,United States,M,97538.4,100.0,106020.0
2023,Data Architect,Data Architecture and Modeling,USD,376080,376080,United States,Senior,Full-time,Remote,United States,M,345993.6,100.0,376080.0
2023,Data Architect,Data Architecture and Modeling,USD,213120,213120,United States,Senior,Full-time,Remote,United States,M,196070.4,100.0,213120.0
2023,Data Analyst,Data Analysis,USD,206500,206500,United States,Senior,Full-time,Remote,United States,M,189980.0,100.0,206500.0
2023,Data Analyst,Data Analysis,USD,121600,121600,United States,Senior,Full-time,Remote,United States,M,111872.0,100.0,121600.0
2023,Cloud Database Engineer,Cloud and Database,USD,170000,170000,United States,Senior,Full-time,Remote,United States,L,156400.0,100.0,170000.0
2023,Applied Machine Learning Scientist,Machine Learning and AI,USD,90000,90000,United States,Senior,Full-time,Remote,United States,L,82800.0,100.0,90000.0
2023,Data Analyst,Data Analysis,USD,95000,95000,United States,Entry-level,Full-time,Remote,United States,M,87400.0,100.0,95000.0
2023,Data Analyst,Data Analysis,USD,70000,70000,United States,Entry-level,Full-time,Remote,United States,M,64400.0,100.0,70000.0
2023,Machine Learning Engineer,Machine Learning and AI,USD,120000,120000,United States,Senior,Full-time,Remote,United States,M,110400.0,100.0,120000.0
2023,Research Engineer,Data Science and Research,USD,175000,175000,United States,Senior,Full-time,In-person,United States,M,161000.0,100.0,175000.0
2023,Data Analyst,Data Analysis,USD,206000,206000,United States,Mid-level,Full-time,In-person,United States,M,189520.0,100.0,206000.0
2023,Data Manager,Leadership and Management,USD,65000,65000,Colombia,Senior,Full-time,In-person,Colombia,M,59800.0,27.9,232974.91
2023,Data Manager,Leadership and Management,USD,48000,48000,Colombia,Senior,Full-time,In-person,Colombia,M,44160.0,27.9,172043.01
2023,Analytics Engineer,Leadership and Management,USD,87000,87000,United States,Senior,Full-time,In-person,United States,M,80040.0,100.0,87000.0
2023,Data Scientist,Data Science and Research,USD,145000,145000,United States,Mid-level,Full-time,In-person,United States,M,133400.0,100.0,145000.0
2023,Data Engineer,Data Engineering,USD,115100,115100,United States,Entry-level,Full-time,In-person,United States,M,105892.0,100.0,115100.0
2023,Data Engineer,Data Engineering,USD,73900,73900,United States,Entry-level,Full-time,In-person,United States,M,67988.0,100.0,73900.0
2023,Data Engineer,Data Engineering,GBP,70000,86128,United Kingdom,Mid-level,Full-time,Remote,United Kingdom,M,79237.76,82.7,104145.1
2023,Data Engineer,Data Engineering,GBP,47500,58444,United Kingdom,Mid-level,Full-time,Remote,United Kingdom,M,53768.48,82.7,70669.89
2023,Financial Data Analyst,Data Analysis,USD,130000,130000,United States,Mid-level,Full-time,Remote,United States,L,119600.0,100.0,130000.0
2023,Data Scientist,Data Science and Research,USD,205000,205000,United States,Senior,Full-time,In-person,United States,M,188600.0,100.0,205000.0
2023,Research Scientist,Data Science and Research,USD,141288,141288,United States,Senior,Full-time,In-person,United States,M,129984.96,100.0,141288.0
2023,Research Scientist,Data Science and Research,USD,94192,94192,United States,Senior,Full-time,In-person,United States,M,86656.64,100.0,94192.0
2023,Data Infrastructure Engineer,Data Engineering,USD,184000,184000,United States,Senior,Full-time,Remote,United States,M,169280.0,100.0,184000.0
2023,Data Infrastructure Engineer,Data Engineering,USD,143000,143000,United States,Senior,Full-time,Remote,United States,M,131560.0,100.0,143000.0
2023,ML Engineer,Machine Learning and AI,USD,160000,160000,United States,Mid-level,Full-time,In-person,United States,M,147200.0,100.0,160000.0
2023,ML Engineer,Machine Learning and AI,USD,147000,147000,United States,Mid-level,Full-time,In-person,United States,M,135240.0,100.0,147000.0
2023,Software Data Engineer,Data Engineering,SGD,100000,74883,Singapore,Mid-level,Full-time,Remote,Singapore,L,68892.36,84.2,88934.68
2023,AI Programmer,Machine Learning and AI,USD,70000,70000,India,Entry-level,Full-time,In-person,Australia,L,64400.0,76.8,91145.83
2023,AI Developer,Machine Learning and AI,USD,80000,80000,Sweden,Entry-level,Full-time,Hybrid,Sweden,M,73600.0,86.8,92165.9
2023,Data Engineer,Data Engineering,USD,210914,210914,United States,Executive,Full-time,Remote,United States,M,194040.88,100.0,210914.0
2023,Data Engineer,Data Engineering,USD,116704,116704,United States,Executive,Full-time,Remote,United States,M,107367.68,100.0,116704.0
2023,Analytics Engineer,Leadership and Management,USD,185700,185700,United States,Mid-level,Full-time,In-person,United States,M,170844.0,100.0,185700.0
2023,Analytics Engineer,Leadership and Management,USD,165000,165000,United States,Mid-level,Full-time,In-person,United States,M,151800.0,100.0,165000.0
2023,Data Operations Engineer,Data Quality and Operations,USD,193000,193000,United States,Senior,Full-time,Remote,United States,M,177560.0,100.0,193000.0
2023,Data Operations Engineer,Data Quality and Operations,USD,136850,136850,United States,Senior,Full-time,Remote,United States,M,125902.0,100.0,136850.0
2023,Machine Learning Engineer,Machine Learning and AI,USD,139500,139500,United States,Senior,Full-time,In-person,United States,M,128340.0,100.0,139500.0
2023,Machine Learning Engineer,Machine Learning and AI,USD,109400,109400,United States,Senior,Full-time,In-person,United States,M,100648.0,100.0,109400.0
2023,Data Engineer,Data Engineering,USD,276000,276000,United States,Senior,Full-time,Remote,United States,M,253920.0,100.0,276000.0
2023,Data Scientist,Data Science and Research,EUR,55000,59382,Spain,Mid-level,Full-time,In-person,Spain,M,54631.44,62.8,94557.32
2023,Data Scientist,Data Science and Research,EUR,45000,48585,Spain,Mid-level,Full-time,In-person,Spain,M,44698.2,62.8,77364.65
2023,Data Engineer,Data Engineering,EUR,70000,75577,Slovenia,Mid-level,Full-time,Remote,Slovenia,M,69530.84,62.8,120345.54
2023,Data Engineer,Data Engineering,EUR,45000,48585,Slovenia,Mid-level,Full-time,Remote,Slovenia,M,44698.2,62.8,77364.65
2023,Machine Learning Engineer,Machine Learning and AI,GBP,161000,198094,United Kingdom,Senior,Full-time,In-person,United Kingdom,M,182246.48,82.7,239533.25
2023,Machine Learning Engineer,Machine Learning and AI,GBP,83300,102492,United Kingdom,Senior,Full-time,In-person,United Kingdom,M,94292.64,82.7,123932.29
2023,Data Engineer,Data Engineering,GBP,112700,138666,United Kingdom,Senior,Full-time,In-person,United Kingdom,M,127572.72,82.7,167673.52
2023,Data Engineer,Data Engineering,GBP,83300,102492,United Kingdom,Senior,Full-time,In-person,United Kingdom,M,94292.64,82.7,123932.29
2022,BI Developer,BI and Visualization,USD,130000,130000,United States,Senior,Full-time,Remote,United States,L,119600.0,100.0,130000.0
2021,Data Science Lead,Data Science and Research,USD,150000,150000,United States,Mid-level,Full-time,Remote,United States,M,138000.0,100.0,150000.0
2023,ML Engineer,Machine Learning and AI,USD,260000,260000,Canada,Senior,Full-time,Remote,Canada,M,239200.0,79.3,327868.85
2023,ML Engineer,Machine Learning and AI,USD,110000,110000,Canada,Senior,Full-time,Remote,Canada,M,101200.0,79.3,138713.75
2023,Analytics Engineer,Leadership and Management,USD,170000,170000,United States,Senior,Full-time,Remote,United States,M,156400.0,100.0,170000.0
2023,Analytics Engineer,Leadership and Management,USD,130000,130000,United States,Senior,Full-time,Remote,United States,M,119600.0,100.0,130000.0
2023,Machine Learning Engineer,Machine Learning and AI,USD,163800,163800,United States,Senior,Full-time,In-person,United States,M,150696.0,100.0,163800.0
2023,Machine Learning Engineer,Machine Learning and AI,USD,126000,126000,United States,Senior,Full-time,In-person,United States,M,115920.0,100.0,126000.0
2023,Data Scientist,Data Science and Research,USD,106250,106250,United States,Mid-level,Full-time,In-person,United States,M,97750.0,100.0,106250.0
2023,Data Engineer,Data Engineering,USD,167500,167500,United States,Executive,Full-time,In-person,United States,M,154100.0,100.0,167500.0
2023,Data Engineer,Data Engineering,USD,106500,106500,United States,Executive,Full-time,In-person,United States,M,97980.0,100.0,106500.0
2023,Data Analyst,Data Analysis,USD,250000,250000,United States,Senior,Full-time,Remote,United States,M,230000.0,100.0,250000.0
2023,Data Analyst,Data Analysis,USD,138000,138000,United States,Senior,Full-time,Remote,United States,M,126960.0,100.0,138000.0
2023,Data Analyst,Data Analysis,USD,130000,130000,Canada,Mid-level,Full-time,Remote,Canada,M,119600.0,79.3,163934.43
2023,Data Analyst,Data Analysis,USD,100000,100000,Canada,Mid-level,Full-time,Remote,Canada,M,92000.0,79.3,126103.4
2023,Deep Learning Researcher,Machine Learning and AI,EUR,115000,124163,Germany,Senior,Full-time,In-person,Germany,L,114229.96,78.5,158169.43
2023,Data Science Manager,Data Science and Research,USD,104500,104500,United States,Mid-level,Full-time,In-person,United States,M,96140.0,100.0,104500.0
2023,Data Science Manager,Data Science and Research,USD,70000,70000,United States,Mid-level,Full-time,In-person,United States,M,64400.0,100.0,70000.0
2023,Data Science Consultant,Data Science and Research,USD,90000,90000,United States,Mid-level,Full-time,In-person,United States,M,82800.0,100.0,90000.0
2023,Data Science Consultant,Data Science and Research,USD,70000,70000,United States,Mid-level,Full-time,In-person,United States,M,64400.0,100.0,70000.0
2023,Research Scientist,Data Science and Research,USD,125000,125000,United States,Mid-level,Full-time,Remote,United States,M,115000.0,100.0,125000.0
2023,Data Analyst,Data Analysis,USD,127000,127000,United States,Senior,Full-time,Remote,United States,M,116840.0,100.0,127000.0
2023,Data Scientist,Data Science and Research,USD,210550,210550,United States,Senior,Full-time,In-person,United States,M,193706.0,100.0,210550.0
2023,Data Scientist,Data Science and Research,USD,153300,153300,United States,Senior,Full-time,In-person,United States,M,141036.0,100.0,153300.0
2023,Data Scientist,Data Science and Research,USD,200000,200000,United States,Mid-level,Full-time,Remote,United States,M,184000.0,100.0,200000.0
2023,Data Analyst,Data Analysis,USD,161500,161500,United States,Senior,Full-time,Remote,United States,M,148580.0,100.0,161500.0
2023,Data Analyst,Data Analysis,USD,119500,119500,United States,Senior,Full-time,Remote,United States,M,109940.0,100.0,119500.0
2023,Data Analytics Specialist,Leadership and Management,USD,105000,105000,United States,Senior,Full-time,In-person,United States,M,96600.0,100.0,105000.0
2023,Data Analytics Specialist,Leadership and Management,USD,85000,85000,United States,Senior,Full-time,In-person,United States,M,78200.0,100.0,85000.0
2023,Research Scientist,Data Science and Research,USD,215000,215000,United States,Senior,Full-time,In-person,United States,M,197800.0,100.0,215000.0
2023,Research Scientist,Data Science and Research,USD,146300,146300,United States,Senior,Full-time,In-person,United States,M,134596.0,100.0,146300.0
2023,AI Developer,Machine Learning and AI,EUR,200000,215936,Germany,Entry-level,Full-time,Remote,Germany,L,198661.12,78.5,275077.71
2023,Data Engineer,Data Engineering,USD,72000,72000,Mexico,Mid-level,Full-time,Remote,Mexico,M,66240.0,33.5,214925.37
2023,Data Engineer,Data Engineering,USD,60000,60000,Mexico,Mid-level,Full-time,Remote,Mexico,M,55200.0,33.5,179104.48
2023,Machine Learning Engineer,Machine Learning and AI,USD,153400,153400,United States,Senior,Full-time,In-person,United States,M,141128.0,100.0,153400.0
2023,Machine Learning Engineer,Machine Learning and AI,USD,122700,122700,United States,Senior,Full-time,In-person,United States,M,112884.0,100.0,122700.0
2023,Data Scientist,Data Science and Research,USD,123900,123900,United States,Senior,Full-time,Remote,United States,M,113988.0,100.0,123900.0
2023,Research Scientist,Data Science and Research,USD,340000,340000,United States,Mid-level,Full-time,Remote,United States,M,312800.0,100.0,340000.0
2023,Research Scientist,Data Science and Research,USD,150000,150000,United States,Mid-level,Full-time,Remote,United States,M,138000.0,100.0,150000.0
2023,Data Scientist,Data Science and Research,EUR,60000,64781,France,Mid-level,Full-time,Hybrid,France,M,59598.52,79.8,81179.2
2023,Data Analyst,Data Analysis,USD,185900,185900,United States,Senior,Full-time,In-person,United States,M,171028.0,100.0,185900.0
2023,Data Analyst,Data Analysis,USD,121700,121700,United States,Senior,Full-time,In-person,United States,M,111964.0,100.0,121700.0
2023,Software Data Engineer,Data Engineering,USD,50000,50000,Nigeria,Senior,Freelance,Hybrid,Australia,M,46000.0,76.8,65104.17
2023,Data Analyst,Data Analysis,USD,100000,100000,Uzbekistan,Entry-level,Full-time,Remote,United States,L,92000.0,100.0,100000.0
2023,Data Engineer,Data Engineering,USD,310000,310000,United States,Executive,Full-time,Remote,United States,M,285200.0,100.0,310000.0
2023,Data Engineer,Data Engineering,USD,239000,239000,United States,Executive,Full-time,Remote,United States,M,219880.0,100.0,239000.0
2023,Data Analyst,Data Analysis,USD,150000,150000,United States,Entry-level,Full-time,In-person,United States,M,138000.0,100.0,150000.0
2023,Data Scientist,Data Science and Research,USD,149076,149076,United States,Senior,Full-time,In-person,United States,M,137149.92,100.0,149076.0
2023,Data Scientist,Data Science and Research,USD,82365,82365,United States,Senior,Full-time,In-person,United States,M,75775.8,100.0,82365.0
2023,Data Analyst,Data Analysis,USD,85500,85500,United States,Senior,Full-time,In-person,United States,M,78660.0,100.0,85500.0
2023,Data Scientist,Data Science and Research,USD,97750,97750,United States,Mid-level,Full-time,Remote,United States,M,89930.0,100.0,97750.0
2023,Data Scientist,Data Science and Research,USD,116990,116990,United States,Mid-level,Full-time,Remote,United States,M,107630.8,100.0,116990.0
2023,Data Scientist,Data Science and Research,USD,82920,82920,United States,Mid-level,Full-time,Remote,United States,M,76286.4,100.0,82920.0
2023,Machine Learning Scientist,Machine Learning and AI,USD,200000,200000,United States,Mid-level,Full-time,In-person,United States,S,184000.0,100.0,200000.0
2023,Machine Learning Scientist,Machine Learning and AI,USD,125000,125000,United States,Mid-level,Full-time,In-person,United States,S,115000.0,100.0,125000.0
2023,Data Manager,Leadership and Management,USD,155000,155000,United States,Senior,Full-time,In-person,United States,M,142600.0,100.0,155000.0
2023,Data Manager,Leadership and Management,USD,140000,140000,United States,Senior,Full-time,In-person,United States,M,128800.0,100.0,140000.0
2023,Machine Learning Infrastructure Engineer,Machine Learning and AI,USD,205920,205920,United States,Mid-level,Full-time,In-person,United States,M,189446.4,100.0,205920.0
2023,Machine Learning Infrastructure Engineer,Machine Learning and AI,USD,171600,171600,United States,Mid-level,Full-time,In-person,United States,M,157872.0,100.0,171600.0
2023,Data Engineer,Data Engineering,USD,121500,121500,United States,Senior,Full-time,Remote,United States,M,111780.0,100.0,121500.0
2023,Data Engineer,Data Engineering,USD,78000,78000,United States,Senior,Full-time,Remote,United States,M,71760.0,100.0,78000.0
2023,Data Engineer,Data Engineering,USD,116000,116000,United States,Mid-level,Full-time,In-person,United States,M,106720.0,100.0,116000.0
2023,Data Analyst,Data Analysis,GBP,65000,79976,United Kingdom,Mid-level,Full-time,Remote,United Kingdom,M,73577.92,82.7,96706.17
2023,Data Analyst,Data Analysis,GBP,36050,44356,United Kingdom,Mid-level,Full-time,Remote,United Kingdom,M,40807.52,82.7,53634.82
2023,Data Analyst,Data Analysis,USD,180000,180000,United States,Senior,Full-time,In-person,United States,M,165600.0,100.0,180000.0
2023,Data Engineer,Data Engineering,USD,200000,200000,United States,Mid-level,Full-time,In-person,United States,M,184000.0,100.0,200000.0
2023,Data Engineer,Data Engineering,GBP,105000,129192,United Kingdom,Mid-level,Full-time,In-person,United Kingdom,M,118856.64,82.7,156217.65
2023,Data Engineer,Data Engineering,GBP,85000,104584,United Kingdom,Mid-level,Full-time,In-person,United Kingdom,M,96217.28,82.7,126461.91
2023,Data Analyst,Data Analysis,USD,30000,30000,India,Entry-level,Full-time,Hybrid,India,M,27600.0,24.1,124481.33
2023,Research Scientist,Data Science and Research,USD,185000,185000,United States,Mid-level,Full-time,In-person,United States,M,170200.0,100.0,185000.0
2023,Research Scientist,Data Science and Research,USD,125000,125000,United States,Mid-level,Full-time,In-person,United States,M,115000.0,100.0,125000.0
2022,Data Analyst,Data Analysis,USD,34320,34320,United States,Entry-level,Part-time,Remote,United States,S,31574.4,100.0,34320.0
2023,Head of Data,Leadership and Management,EUR,70000,75577,Portugal,Senior,Full-time,Remote,Portugal,L,69530.84,62.4,121116.99
2022,Data Science Manager,Data Science and Research,USD,106000,106000,Uzbekistan,Executive,Full-time,In-person,Russia,L,97520.0,36.4,291208.79
2023,Data Analyst,Data Analysis,USD,122000,122000,United States,Senior,Full-time,Remote,United States,M,112240.0,100.0,122000.0
2023,Data Analyst,Data Analysis,USD,93800,93800,United States,Senior,Full-time,Remote,United States,M,86296.0,100.0,93800.0
2023,Data Science Manager,Data Science and Research,USD,150000,150000,Mexico,Senior,Full-time,Remote,Mexico,M,138000.0,33.5,447761.19
2023,Data Science Manager,Data Science and Research,USD,90000,90000,Mexico,Senior,Full-time,Remote,Mexico,M,82800.0,33.5,268656.72
2023,Computer Vision Engineer,Machine Learning and AI,USD,220000,220000,United States,Entry-level,Full-time,In-person,United States,M,202400.0,100.0,220000.0
2023,BI Data Analyst,Data Analysis,EUR,67000,72338,Germany,Senior,Full-time,Remote,Germany,M,66550.96,78.5,92150.32
2023,AI Developer,Machine Learning and AI,EUR,60000,64781,Germany,Entry-level,Full-time,In-person,Germany,M,59598.52,78.5,82523.57
2023,Data Scientist,Data Science and Research,USD,40000,40000,France,Mid-level,Full-time,Hybrid,France,L,36800.0,79.8,50125.31
2023,Data Analyst,Data Analysis,USD,152380,152380,United States,Senior,Full-time,In-person,United States,M,140189.6,100.0,152380.0
2023,Data Analyst,Data Analysis,USD,121904,121904,United States,Senior,Full-time,In-person,United States,M,112151.68,100.0,121904.0
2023,Data Architect,Data Architecture and Modeling,USD,168400,168400,United States,Senior,Full-time,In-person,United States,M,154928.0,100.0,168400.0
2023,Data Architect,Data Architecture and Modeling,USD,105200,105200,United States,Senior,Full-time,In-person,United States,M,96784.0,100.0,105200.0
2023,Machine Learning Engineer,Machine Learning and AI,USD,128280,128280,United States,Senior,Full-time,In-person,United States,M,118017.6,100.0,128280.0
2023,Machine Learning Engineer,Machine Learning and AI,USD,106900,106900,United States,Senior,Full-time,In-person,United States,M,98348.0,100.0,106900.0
2022,Lead Data Scientist,Data Science and Research,USD,192000,192000,United States,Senior,Full-time,Remote,United States,L,176640.0,100.0,192000.0
2023,Data Engineer,Data Engineering,USD,100000,100000,United States,Mid-level,Full-time,In-person,United States,M,92000.0,100.0,100000.0
2023,Research Engineer,Data Science and Research,EUR,100000,107968,Germany,Senior,Full-time,Remote,Germany,S,99330.56,78.5,137538.85
2023,Research Engineer,Data Science and Research,EUR,80000,86374,Germany,Senior,Full-time,Remote,Germany,S,79464.08,78.5,110030.57
2023,Machine Learning Engineer,Machine Learning and AI,USD,275000,275000,Germany,Senior,Full-time,In-person,Germany,M,253000.0,78.5,350318.47
2023,Machine Learning Engineer,Machine Learning and AI,USD,174000,174000,Germany,Senior,Full-time,In-person,Germany,M,160080.0,78.5,221656.05
2023,Data Analyst,Data Analysis,USD,170500,170500,United States,Senior,Full-time,Remote,United States,M,156860.0,100.0,170500.0
2023,Data Manager,Leadership and Management,GBP,60027,73857,United Kingdom,Senior,Full-time,In-person,United Kingdom,M,67948.44,82.7,89307.13
2023,Data Manager,Leadership and Management,GBP,44737,55044,United Kingdom,Senior,Full-time,In-person,United Kingdom,M,50640.48,82.7,66558.65
2023,Head of Data Science,Data Science and Research,GBP,131899,162288,United Kingdom,Executive,Full-time,In-person,United Kingdom,M,149304.96,82.7,196237.0
2023,Head of Data Science,Data Science and Research,GBP,104891,129058,United Kingdom,Executive,Full-time,In-person,United Kingdom,M,118733.36,82.7,156055.62
2023,Data Engineer,Data Engineering,USD,80000,80000,United States,Senior,Full-time,In-person,United States,M,73600.0,100.0,80000.0
2023,Data Engineer,Data Engineering,USD,65000,65000,United States,Senior,Full-time,In-person,United States,M,59800.0,100.0,65000.0
2023,Data Engineer,Data Engineering,USD,124740,124740,United States,Senior,Full-time,In-person,United States,M,114760.8,100.0,124740.0
2023,Data Engineer,Data Engineering,USD,65488,65488,United States,Senior,Full-time,In-person,United States,M,60248.96,100.0,65488.0
2023,Data Quality Analyst,Data Quality and Operations,USD,72200,72200,United States,Senior,Full-time,In-person,United States,M,66424.0,100.0,72200.0
2023,Data Quality Analyst,Data Quality and Operations,USD,64980,64980,United States,Senior,Full-time,In-person,United States,M,59781.6,100.0,64980.0
2023,Data Analyst,Data Analysis,USD,179975,179975,United States,Senior,Full-time,Remote,United States,M,165577.0,100.0,179975.0
2023,Data Analyst,Data Analysis,USD,86466,86466,United States,Senior,Full-time,Remote,United States,M,79548.72,100.0,86466.0
2023,Data Science Manager,Data Science and Research,USD,175000,175000,United States,Senior,Full-time,In-person,United States,M,161000.0,100.0,175000.0
2023,Data Science Manager,Data Science and Research,USD,120000,120000,United States,Senior,Full-time,In-person,United States,M,110400.0,100.0,120000.0
2023,Data Analyst,Data Analysis,USD,230000,230000,United States,Senior,Full-time,In-person,United States,M,211600.0,100.0,230000.0
2023,Data Manager,Leadership and Management,USD,120000,120000,United States,Senior,Full-time,In-person,United States,M,110400.0,100.0,120000.0
2023,Machine Learning Infrastructure Engineer,Machine Learning and AI,USD,205920,205920,United States,Senior,Full-time,In-person,United States,M,189446.4,100.0,205920.0
2023,Machine Learning Infrastructure Engineer,Machine Learning and AI,USD,171600,171600,United States,Senior,Full-time,In-person,United States,M,157872.0,100.0,171600.0
2023,Data Engineer,Data Engineering,USD,265000,265000,United States,Senior,Full-time,In-person,United States,M,243800.0,100.0,265000.0
2023,Applied Machine Learning Engineer,Machine Learning and AI,USD,130000,130000,United States,Mid-level,Full-time,In-person,United States,M,119600.0,100.0,130000.0
2022,Data Scientist,Data Science and Research,USD,168000,168000,United States,Entry-level,Full-time,Remote,United States,M,154560.0,100.0,168000.0
2023,AI Scientist,Machine Learning and AI,EUR,36000,38868,Spain,Mid-level,Full-time,Hybrid,Spain,L,35758.56,62.8,61891.72
2023,Data Engineer,Data Engineering,USD,167580,167580,United States,Senior,Full-time,In-person,United States,M,154173.6,100.0,167580.0
2023,Data Engineer,Data Engineering,USD,87980,87980,United States,Senior,Full-time,In-person,United States,M,80941.6,100.0,87980.0
2023,Data Engineer,Data Engineering,USD,104000,104000,United States,Senior,Full-time,Remote,United States,M,95680.0,100.0,104000.0
2023,Data Engineer,Data Engineering,USD,65000,65000,United States,Senior,Full-time,Remote,United States,M,59800.0,100.0,65000.0
2023,Research Engineer,Data Science and Research,USD,230000,230000,United States,Senior,Full-time,In-person,United States,M,211600.0,100.0,230000.0
2023,Machine Learning Engineer,Machine Learning and AI,USD,269000,269000,Canada,Senior,Full-time,Remote,Canada,M,247480.0,79.3,339218.16
2023,Machine Learning Engineer,Machine Learning and AI,USD,158000,158000,Canada,Senior,Full-time,Remote,Canada,M,145360.0,79.3,199243.38
2023,Analytics Engineer,Leadership and Management,USD,197000,197000,United States,Senior,Full-time,In-person,United States,M,181240.0,100.0,197000.0
2023,Analytics Engineer,Leadership and Management,USD,106000,106000,United States,Senior,Full-time,In-person,United States,M,97520.0,100.0,106000.0
2023,Deep Learning Engineer,Machine Learning and AI,USD,150000,150000,United States,Mid-level,Full-time,Remote,United States,M,138000.0,100.0,150000.0
2023,Deep Learning Engineer,Machine Learning and AI,USD,100000,100000,United States,Mid-level,Full-time,Remote,United States,M,92000.0,100.0,100000.0
2023,Data Engineer,Data Engineering,USD,290000,290000,United States,Senior,Full-time,Remote,United States,M,266800.0,100.0,290000.0
2023,Data Engineer,Data Engineering,USD,192000,192000,United States,Senior,Full-time,In-person,United States,M,176640.0,100.0,192000.0
2023,Data Engineer,Data Engineering,USD,172800,172800,United States,Senior,Full-time,In-person,United States,M,158976.0,100.0,172800.0
2023,Data Scientist,Data Science and Research,USD,300240,300240,United States,Senior,Full-time,In-person,United States,M,276220.8,100.0,300240.0
2023,Data Scientist,Data Science and Research,USD,200160,200160,United States,Senior,Full-time,In-person,United States,M,184147.2,100.0,200160.0
2023,Analytics Engineer,Leadership and Management,USD,140000,140000,United States,Senior,Full-time,In-person,United States,M,128800.0,100.0,140000.0
2023,Data Manager,Leadership and Management,USD,169000,169000,United States,Senior,Full-time,In-person,United States,M,155480.0,100.0,169000.0
2023,Data Manager,Leadership and Management,USD,100000,100000,United States,Senior,Full-time,In-person,United States,M,92000.0,100.0,100000.0
2023,Data Engineer,Data Engineering,GBP,95000,116888,United Kingdom,Mid-level,Full-time,Remote,United Kingdom,L,107536.96,82.7,141339.78
2023,Data Analyst,Data Analysis,USD,110000,110000,United States,Senior,Full-time,Remote,United States,S,101200.0,100.0,110000.0
2023,Data Analyst,Data Analysis,USD,80000,80000,United States,Senior,Full-time,Remote,United States,S,73600.0,100.0,80000.0
2023,Data Analyst,Data Analysis,USD,55000,55000,United States,Entry-level,Full-time,In-person,United States,M,50600.0,100.0,55000.0
2023,Data Analyst,Data Analysis,USD,48000,48000,United States,Entry-level,Full-time,In-person,United States,M,44160.0,100.0,48000.0
2023,Data Engineer,Data Engineering,USD,137500,137500,United States,Senior,Full-time,Remote,United States,M,126500.0,100.0,137500.0
2023,Data Engineer,Data Engineering,USD,81500,81500,United States,Senior,Full-time,Remote,United States,M,74980.0,100.0,81500.0
2021,AI Scientist,Machine Learning and AI,USD,30000,30000,Ghana,Mid-level,Full-time,In-person,Ghana,S,27600.0,33.1,90634.44
2023,Machine Learning Engineer,Machine Learning and AI,USD,186000,186000,United States,Senior,Full-time,Remote,United States,M,171120.0,100.0,186000.0
2023,Machine Learning Engineer,Machine Learning and AI,USD,153088,153088,United States,Senior,Full-time,Remote,United States,M,140840.96,100.0,153088.0
2023,Data Infrastructure Engineer,Data Engineering,USD,190000,190000,United States,Mid-level,Full-time,Remote,United States,M,174800.0,100.0,190000.0
2023,Data Infrastructure Engineer,Data Engineering,USD,160000,160000,United States,Mid-level,Full-time,Remote,United States,M,147200.0,100.0,160000.0
2023,Data Infrastructure Engineer,Data Engineering,USD,190000,190000,United States,Mid-level,Full-time,In-person,United States,M,174800.0,100.0,190000.0
2023,Data Infrastructure Engineer,Data Engineering,USD,183310,183310,United States,Mid-level,Full-time,In-person,United States,M,168645.2,100.0,183310.0
2023,Data Engineer,Data Engineering,USD,66000,66000,United States,Senior,Full-time,Remote,United States,M,60720.0,100.0,66000.0
2023,Machine Learning Engineer,Machine Learning and AI,USD,148500,148500,United States,Mid-level,Full-time,In-person,United States,M,136620.0,100.0,148500.0
2023,Machine Learning Engineer,Machine Learning and AI,USD,126277,126277,United States,Mid-level,Full-time,In-person,United States,M,116174.84,100.0,126277.0
2023,Data Architect,Data Architecture and Modeling,USD,228000,228000,United States,Senior,Full-time,In-person,United States,M,209760.0,100.0,228000.0
2023,Machine Learning Software Engineer,Machine Learning and AI,USD,180000,180000,United States,Senior,Full-time,In-person,United States,M,165600.0,100.0,180000.0
2023,Machine Learning Software Engineer,Machine Learning and AI,USD,90000,90000,United States,Senior,Full-time,In-person,United States,M,82800.0,100.0,90000.0
2023,Machine Learning Software Engineer,Machine Learning and AI,USD,272000,272000,United States,Senior,Full-time,In-person,United States,M,250240.0,100.0,272000.0
2023,Machine Learning Software Engineer,Machine Learning and AI,USD,170000,170000,United States,Senior,Full-time,In-person,United States,M,156400.0,100.0,170000.0
2023,Data Engineer,Data Engineering,USD,259000,259000,United States,Senior,Full-time,Remote,United States,M,238280.0,100.0,259000.0
2023,Data Analyst,Data Analysis,GBP,90000,110736,Croatia,Mid-level,Full-time,In-person,Croatia,M,101877.12,54.2,204309.96
2023,Data Analyst,Data Analysis,GBP,60000,73824,Croatia,Mid-level,Full-time,In-person,Croatia,M,67918.08,54.2,136206.64
2023,Data Analyst,Data Analysis,PLN,78000,18160,Poland,Entry-level,Part-time,Remote,India,L,16707.2,24.1,75352.7
2023,Data Scientist,Data Science and Research,BRL,101400,19910,Brazil,Entry-level,Full-time,Remote,Brazil,L,18317.2,37.5,53093.33
2023,Data Science Lead,Data Science and Research,USD,247500,247500,United States,Senior,Full-time,In-person,United States,M,227700.0,100.0,247500.0
2023,Data Science Lead,Data Science and Research,USD,172200,172200,United States,Senior,Full-time,In-person,United States,M,158424.0,100.0,172200.0
2023,Machine Learning Infrastructure Engineer,Machine Learning and AI,EUR,100000,107968,France,Senior,Full-time,Remote,France,M,99330.56,79.8,135298.25
2023,Machine Learning Infrastructure Engineer,Machine Learning and AI,EUR,70000,75577,France,Senior,Full-time,Remote,France,M,69530.84,79.8,94708.02
2023,Machine Learning Engineer,Machine Learning and AI,USD,288000,288000,United States,Senior,Full-time,Remote,United States,M,264960.0,100.0,288000.0
2023,Data Science Lead,Data Science and Research,GBP,60000,73824,United Kingdom,Mid-level,Full-time,In-person,United Kingdom,M,67918.08,82.7,89267.23
2023,Data Science Lead,Data Science and Research,GBP,50000,61520,United Kingdom,Mid-level,Full-time,In-person,United Kingdom,M,56598.4,82.7,74389.36
2023,Data Scientist,Data Science and Research,USD,215050,215050,United States,Senior,Full-time,Remote,United States,M,197846.0,100.0,215050.0
2023,Data Architect,Data Architecture and Modeling,USD,198000,198000,United States,Senior,Full-time,Remote,United States,M,182160.0,100.0,198000.0
2023,Data Architect,Data Architecture and Modeling,USD,114000,114000,United States,Senior,Full-time,Remote,United States,M,104880.0,100.0,114000.0
2023,Data Scientist,Data Science and Research,USD,209300,209300,United States,Senior,Full-time,Remote,United States,M,192556.0,100.0,209300.0
2023,Data Scientist,Data Science and Research,USD,182200,182200,United States,Senior,Full-time,Remote,United States,M,167624.0,100.0,182200.0
2022,Data Scientist,Data Science and Research,USD,85000,85000,United States,Entry-level,Full-time,In-person,United States,M,78200.0,100.0,85000.0
2023,Machine Learning Engineer,Machine Learning and AI,GBP,40000,49216,United Kingdom,Mid-level,Full-time,Remote,United Kingdom,M,45278.72,82.7,59511.49
2023,Research Engineer,Data Science and Research,USD,120000,120000,United Kingdom,Entry-level,Full-time,Remote,United Kingdom,M,110400.0,82.7,145102.78
2023,Research Engineer,Data Science and Research,USD,60000,60000,United Kingdom,Entry-level,Full-time,Remote,United Kingdom,M,55200.0,82.7,72551.39
2023,Machine Learning Engineer,Machine Learning and AI,USD,147100,147100,United States,Senior,Full-time,In-person,United States,M,135332.0,100.0,147100.0
2023,Machine Learning Engineer,Machine Learning and AI,USD,90700,90700,United States,Senior,Full-time,In-person,United States,M,83444.0,100.0,90700.0
2023,Data Analyst,Data Analysis,USD,227000,227000,United States,Senior,Full-time,In-person,United States,M,208840.0,100.0,227000.0
2023,Data Architect,Data Architecture and Modeling,USD,160000,160000,United States,Senior,Full-time,Remote,United States,M,147200.0,100.0,160000.0
2023,Data Analyst,Data Analysis,EUR,52000,56143,Spain,Senior,Full-time,Remote,Spain,M,51651.56,62.8,89399.68
2023,Data Analyst,Data Analysis,EUR,48000,51824,Spain,Senior,Full-time,Remote,Spain,M,47678.08,62.8,82522.29
2023,Data Analyst,Data Analysis,USD,60000,60000,United States,Entry-level,Full-time,Remote,United States,L,55200.0,100.0,60000.0
2023,Data Analyst,Data Analysis,USD,50000,50000,Kuwait,Entry-level,Full-time,Hybrid,United States,L,46000.0,100.0,50000.0
2023,Big Data Architect,Data Architecture and Modeling,GBP,124999,153799,United Kingdom,Senior,Full-time,Remote,United Kingdom,L,141495.08,82.7,185972.19
2023,Data Analyst,Data Analysis,USD,52500,52500,United States,Senior,Full-time,In-person,United States,M,48300.0,100.0,52500.0
2023,Data Engineer,Data Engineering,USD,250000,250000,United States,Senior,Full-time,Remote,United States,M,230000.0,100.0,250000.0
2023,Data Engineer,Data Engineering,USD,162500,162500,United States,Senior,Full-time,Remote,United States,M,149500.0,100.0,162500.0
2023,Data Analyst,Data Analysis,USD,165000,165000,United States,Mid-level,Full-time,In-person,United States,M,151800.0,100.0,165000.0
2023,Data Analyst,Data Analysis,USD,124000,124000,United States,Mid-level,Full-time,In-person,United States,M,114080.0,100.0,124000.0
2023,Data Engineer,Data Engineering,USD,63000,63000,United States,Senior,Full-time,Remote,United States,M,57960.0,100.0,63000.0
2023,Research Scientist,Data Science and Research,USD,253750,253750,Spain,Senior,Full-time,In-person,Spain,M,233450.0,62.8,404060.51
2023,Research Scientist,Data Science and Research,USD,169200,169200,Spain,Senior,Full-time,In-person,Spain,M,155664.0,62.8,269426.75
2023,Data Scientist,Data Science and Research,USD,170000,170000,United States,Mid-level,Full-time,In-person,United States,M,156400.0,100.0,170000.0
2023,Data Scientist,Data Science and Research,USD,120000,120000,United States,Mid-level,Full-time,In-person,United States,M,110400.0,100.0,120000.0
2023,Data Engineer,Data Engineering,USD,213580,213580,United States,Senior,Full-time,Remote,United States,M,196493.6,100.0,213580.0
2023,Data Engineer,Data Engineering,USD,163625,163625,United States,Senior,Full-time,Remote,United States,M,150535.0,100.0,163625.0
2022,Machine Learning Software Engineer,Machine Learning and AI,USD,375000,375000,United States,Senior,Full-time,Remote,United States,M,345000.0,100.0,375000.0
2023,Data Engineer,Data Engineering,EUR,95000,102569,Ireland,Senior,Full-time,Remote,Ireland,M,94363.48,91.1,112589.46
2023,Data Engineer,Data Engineering,USD,210000,210000,United States,Executive,Full-time,In-person,United States,M,193200.0,100.0,210000.0
2023,Data Science Manager,Data Science and Research,USD,231250,231250,United States,Senior,Full-time,Remote,United States,M,212750.0,100.0,231250.0
2023,Data Science Manager,Data Science and Research,USD,138750,138750,United States,Senior,Full-time,Remote,United States,M,127650.0,100.0,138750.0
2023,Machine Learning Engineer,Machine Learning and AI,USD,284310,284310,United States,Senior,Full-time,In-person,United States,M,261565.2,100.0,284310.0
2023,Machine Learning Engineer,Machine Learning and AI,USD,153090,153090,United States,Senior,Full-time,In-person,United States,M,140842.8,100.0,153090.0
2023,Data Analyst,Data Analysis,GBP,90000,110736,United Kingdom,Mid-level,Full-time,In-person,United Kingdom,M,101877.12,82.7,133900.85
2023,Data Analyst,Data Analysis,GBP,70000,86128,United Kingdom,Mid-level,Full-time,In-person,United Kingdom,M,79237.76,82.7,104145.1
2023,Data Analyst,Data Analysis,USD,100000,100000,United States,Entry-level,Full-time,Hybrid,United States,M,92000.0,100.0,100000.0
2023,Data Science Lead,Data Science and Research,USD,225900,225900,United States,Senior,Full-time,In-person,United States,M,207828.0,100.0,225900.0
2023,Data Science Lead,Data Science and Research,USD,156400,156400,United States,Senior,Full-time,In-person,United States,M,143888.0,100.0,156400.0
2023,Data Analyst,Data Analysis,USD,385000,385000,United States,Senior,Full-time,In-person,United States,M,354200.0,100.0,385000.0
2023,Data Engineer,Data Engineering,USD,241871,241871,United States,Senior,Full-time,In-person,United States,M,222521.32,100.0,241871.0
2023,Data Engineer,Data Engineering,USD,133832,133832,United States,Senior,Full-time,In-person,United States,M,123125.44,100.0,133832.0
2023,Machine Learning Engineer,Machine Learning and AI,USD,36000,36000,Mexico,Mid-level,Full-time,Remote,Mexico,S,33120.0,33.5,107462.69
2023,Machine Learning Engineer,Machine Learning and AI,GBP,100000,123040,United Kingdom,Mid-level,Full-time,In-person,United Kingdom,M,113196.8,82.7,148778.72
2023,Machine Learning Engineer,Machine Learning and AI,GBP,80000,98432,United Kingdom,Mid-level,Full-time,In-person,United Kingdom,M,90557.44,82.7,119022.97
2023,Data Scientist,Data Science and Research,USD,216100,216100,United States,Senior,Full-time,In-person,United States,M,198812.0,100.0,216100.0
2023,Data Scientist,Data Science and Research,USD,140800,140800,United States,Senior,Full-time,In-person,United States,M,129536.0,100.0,140800.0
2023,Machine Learning Engineer,Machine Learning and AI,GBP,120000,147648,United Kingdom,Mid-level,Full-time,In-person,United Kingdom,M,135836.16,82.7,178534.46
2023,Computer Vision Software Engineer,Machine Learning and AI,EUR,50000,53984,Netherlands,Senior,Full-time,Remote,Canada,L,49665.28,79.3,68075.66
2023,Data Scientist,Data Science and Research,USD,110000,110000,United States,Entry-level,Full-time,Hybrid,United States,S,101200.0,100.0,110000.0
2023,Data Engineer,Data Engineering,GBP,52000,63980,United Kingdom,Mid-level,Full-time,Remote,United Kingdom,M,58861.6,82.7,77363.97
2023,Data Engineer,Data Engineering,USD,284000,284000,United States,Executive,Full-time,Remote,United States,M,261280.0,100.0,284000.0
2023,Data Engineer,Data Engineering,USD,236000,236000,United States,Executive,Full-time,Remote,United States,M,217120.0,100.0,236000.0
2023,Research Scientist,Data Science and Research,USD,248100,248100,Canada,Senior,Full-time,In-person,Canada,M,228252.0,79.3,312862.55
2023,Research Scientist,Data Science and Research,USD,145900,145900,Canada,Senior,Full-time,In-person,Canada,M,134228.0,79.3,183984.87
2023,Research Engineer,Data Science and Research,USD,155850,155850,United States,Senior,Full-time,In-person,United States,M,143382.0,100.0,155850.0
2023,Research Engineer,Data Science and Research,USD,102544,102544,United States,Senior,Full-time,In-person,United States,M,94340.48,100.0,102544.0
2023,Data Scientist,Data Science and Research,USD,151410,151410,United States,Mid-level,Full-time,Remote,United States,M,139297.2,100.0,151410.0
2023,Data Scientist,Data Science and Research,USD,115360,115360,United States,Mid-level,Full-time,Remote,United States,M,106131.2,100.0,115360.0
2023,Data Engineer,Data Engineering,EUR,55000,59382,Spain,Mid-level,Full-time,Remote,Spain,M,54631.44,62.8,94557.32
2023,Director of Data Science,Data Science and Research,CAD,170000,125948,Canada,Senior,Full-time,Hybrid,Canada,M,115872.16,79.3,158824.72
2023,Azure Data Engineer,Data Engineering,USD,100000,100000,Netherlands,Senior,Full-time,Hybrid,Netherlands,L,92000.0,82.6,121065.38
2023,Data Scientist,Data Science and Research,USD,185000,185000,United Kingdom,Senior,Full-time,In-person,United Kingdom,M,170200.0,82.7,223700.12
2023,Data Scientist,Data Science and Research,USD,120250,120250,United Kingdom,Senior,Full-time,In-person,United Kingdom,M,110630.0,82.7,145405.08
2023,Data Engineer,Data Engineering,EUR,25000,26992,Germany,Entry-level,Full-time,Remote,Germany,L,24832.64,78.5,34384.71
2022,Data Scientist,Data Science and Research,USD,180000,180000,United States,Entry-level,Full-time,Remote,United States,M,165600.0,100.0,180000.0
2023,Research Scientist,Data Science and Research,USD,85000,85000,United States,Mid-level,Full-time,In-person,United States,M,78200.0,100.0,85000.0
2023,Research Scientist,Data Science and Research,USD,70000,70000,United States,Mid-level,Full-time,In-person,United States,M,64400.0,100.0,70000.0
2023,BI Developer,BI and Visualization,USD,100000,100000,United States,Senior,Full-time,Remote,United States,M,92000.0,100.0,100000.0
2023,Data Analytics Manager,Leadership and Management,USD,155000,155000,United States,Executive,Full-time,In-person,United States,M,142600.0,100.0,155000.0
2023,Data Analytics Manager,Leadership and Management,USD,140000,140000,United States,Executive,Full-time,In-person,United States,M,128800.0,100.0,140000.0
2023,ML Engineer,Machine Learning and AI,USD,220000,220000,United States,Senior,Full-time,In-person,United States,M,202400.0,100.0,220000.0
2023,Data Analytics Manager,Leadership and Management,USD,204500,204500,United States,Senior,Full-time,In-person,United States,M,188140.0,100.0,204500.0
2023,Data Analytics Manager,Leadership and Management,USD,138900,138900,United States,Senior,Full-time,In-person,United States,M,127788.0,100.0,138900.0
2022,Research Scientist,Data Science and Research,USD,23000,23000,India,Mid-level,Full-time,Remote,India,L,21160.0,24.1,95435.68
2023,Machine Learning Engineer,Machine Learning and AI,USD,110000,110000,United States,Mid-level,Full-time,Remote,United States,L,101200.0,100.0,110000.0
2023,Data Engineer,Data Engineering,USD,182750,182750,United States,Senior,Full-time,Remote,United States,M,168130.0,100.0,182750.0
2023,Data Engineer,Data Engineering,USD,137500,137500,United States,Senior,Full-time,In-person,United States,M,126500.0,100.0,137500.0
2023,Head of Data Science,Data Science and Research,USD,314100,314100,United States,Executive,Full-time,In-person,United States,M,288972.0,100.0,314100.0
2023,Head of Data Science,Data Science and Research,USD,195800,195800,United States,Executive,Full-time,In-person,United States,M,180136.0,100.0,195800.0
2023,Applied Scientist,Data Science and Research,USD,205000,205000,United States,Senior,Full-time,In-person,United States,M,188600.0,100.0,205000.0
2023,Applied Scientist,Data Science and Research,USD,180000,180000,United States,Senior,Full-time,In-person,United States,M,165600.0,100.0,180000.0
2023,Data Scientist,Data Science and Research,USD,165000,165000,United States,Senior,Full-time,Remote,United States,M,151800.0,100.0,165000.0
2023,Data Scientist,Data Science and Research,USD,144000,144000,United States,Senior,Full-time,Remote,United States,M,132480.0,100.0,144000.0
2023,BI Developer,BI and Visualization,USD,160000,160000,United States,Entry-level,Full-time,In-person,United States,M,147200.0,100.0,160000.0
2023,BI Developer,BI and Visualization,USD,100000,100000,United States,Entry-level,Full-time,In-person,United States,M,92000.0,100.0,100000.0
2023,Data Manager,Leadership and Management,USD,199000,199000,United States,Senior,Full-time,In-person,United States,M,183080.0,100.0,199000.0
2023,Data Manager,Leadership and Management,USD,112000,112000,United States,Senior,Full-time,In-person,United States,M,103040.0,100.0,112000.0
2023,Big Data Engineer,Data Engineering,USD,130000,130000,Sweden,Entry-level,Full-time,Remote,Sweden,S,119600.0,86.8,149769.59
2023,Data Engineer,Data Engineering,USD,160000,160000,United States,Entry-level,Full-time,In-person,United States,M,147200.0,100.0,160000.0
2023,Data Engineer,Data Engineering,USD,135000,135000,United States,Entry-level,Full-time,In-person,United States,M,124200.0,100.0,135000.0
2023,Data Scientist,Data Science and Research,USD,183000,183000,United States,Senior,Full-time,In-person,United States,M,168360.0,100.0,183000.0
2023,Applied Scientist,Data Science and Research,USD,350000,350000,United States,Senior,Full-time,In-person,United States,L,322000.0,100.0,350000.0
2023,Applied Scientist,Data Science and Research,USD,262500,262500,United States,Senior,Full-time,In-person,United States,L,241500.0,100.0,262500.0
2023,Data Analyst,Data Analysis,USD,122000,122000,United States,Senior,Full-time,In-person,United States,M,112240.0,100.0,122000.0
2023,Data Scientist,Data Science and Research,USD,158677,158677,United States,Senior,Full-time,Remote,United States,M,145982.84,100.0,158677.0
2023,Data Analyst,Data Analysis,USD,103200,103200,United States,Mid-level,Full-time,In-person,United States,M,94944.0,100.0,103200.0
2023,Data Analyst,Data Analysis,USD,61200,61200,United States,Mid-level,Full-time,In-person,United States,M,56304.0,100.0,61200.0
2022,Data Scientist,Data Science and Research,USD,155000,155000,United States,Mid-level,Full-time,Remote,United States,L,142600.0,100.0,155000.0
2021,Marketing Data Engineer,Data Engineering,SGD,90000,66970,Singapore,Entry-level,Full-time,Hybrid,Singapore,L,61612.4,84.2,79536.82
2023,Data Scientist,Data Science and Research,EUR,59000,63701,Cyprus,Senior,Full-time,Hybrid,Estonia,L,58604.92,63.4,100474.76
2023,Data Architect,Data Architecture and Modeling,USD,174500,174500,United States,Senior,Full-time,In-person,United States,M,160540.0,100.0,174500.0
2023,Data Architect,Data Architecture and Modeling,USD,113000,113000,United States,Senior,Full-time,In-person,United States,M,103960.0,100.0,113000.0
2023,Data Analyst,Data Analysis,USD,87000,87000,United States,Senior,Full-time,Remote,United States,M,80040.0,100.0,87000.0
2023,Data Analyst,Data Analysis,USD,108000,108000,United States,Senior,Full-time,Remote,United States,M,99360.0,100.0,108000.0
2023,Data Engineer,Data Engineering,USD,107250,107250,United States,Senior,Full-time,Remote,United States,M,98670.0,100.0,107250.0
2023,Data Engineer,Data Engineering,USD,119000,119000,United States,Senior,Full-time,In-person,United States,M,109480.0,100.0,119000.0
2023,Data Scientist,Data Science and Research,USD,285800,285800,United States,Senior,Full-time,Remote,United States,M,262936.0,100.0,285800.0
2023,Data Scientist,Data Science and Research,USD,154600,154600,United States,Senior,Full-time,Remote,United States,M,142232.0,100.0,154600.0
2023,Data Analyst,Data Analysis,USD,30000,30000,Argentina,Entry-level,Full-time,Remote,United States,S,27600.0,100.0,30000.0
2023,Data Science Manager,Data Science and Research,USD,220000,220000,United States,Mid-level,Full-time,In-person,United States,M,202400.0,100.0,220000.0
2023,Data Science Manager,Data Science and Research,USD,195000,195000,United States,Mid-level,Full-time,In-person,United States,M,179400.0,100.0,195000.0
2023,Data Manager,Leadership and Management,USD,168400,168400,United States,Senior,Full-time,In-person,United States,M,154928.0,100.0,168400.0
2023,Analytics Engineer,Leadership and Management,USD,200000,200000,United States,Senior,Full-time,Remote,United States,M,184000.0,100.0,200000.0
2023,Data Engineer,Data Engineering,USD,153000,153000,Canada,Senior,Full-time,Remote,Canada,M,140760.0,79.3,192938.21
2023,Data Engineer,Data Engineering,USD,94000,94000,Canada,Senior,Full-time,Remote,Canada,M,86480.0,79.3,118537.2
2023,Data Engineer,Data Engineering,USD,90000,90000,United States,Senior,Full-time,Remote,United States,M,82800.0,100.0,90000.0
2023,Data Scientist,Data Science and Research,USD,124234,124234,United States,Entry-level,Full-time,In-person,United States,M,114295.28,100.0,124234.0
2023,Data Scientist,Data Science and Research,USD,74540,74540,United States,Entry-level,Full-time,In-person,United States,M,68576.8,100.0,74540.0
2023,Data Analyst,Data Analysis,USD,109000,109000,United States,Mid-level,Full-time,In-person,United States,M,100280.0,100.0,109000.0
2022,Machine Learning Engineer,Machine Learning and AI,EUR,80000,84053,France,Senior,Full-time,Hybrid,France,L,77328.76,79.8,105329.57
2023,Machine Learning Engineer,Machine Learning and AI,USD,50000,50000,Armenia,Mid-level,Full-time,In-person,Armenia,S,46000.0,36.8,135869.57
2023,Data Analyst,Data Analysis,USD,125600,125600,United States,Senior,Full-time,Remote,United States,M,115552.0,100.0,125600.0
2023,Data Analyst,Data Analysis,USD,141290,141290,United States,Senior,Full-time,In-person,United States,M,129986.8,100.0,141290.0
2023,Data Analyst,Data Analysis,USD,74178,74178,United States,Senior,Full-time,In-person,United States,M,68243.76,100.0,74178.0
2023,Data Engineer,Data Engineering,USD,107500,107500,United States,Senior,Full-time,Remote,United States,M,98900.0,100.0,107500.0
2023,Data Analyst,Data Analysis,USD,52500,52500,United States,Mid-level,Full-time,In-person,United States,M,48300.0,100.0,52500.0
2023,Data Scientist,Data Science and Research,USD,84000,84000,United States,Senior,Full-time,Remote,United States,M,77280.0,100.0,84000.0
2023,BI Analyst,BI and Visualization,USD,125000,125000,United States,Senior,Full-time,In-person,United States,M,115000.0,100.0,125000.0
2023,BI Analyst,BI and Visualization,USD,110000,110000,United States,Senior,Full-time,In-person,United States,M,101200.0,100.0,110000.0
2023,ML Engineer,Machine Learning and AI,USD,200000,200000,United States,Senior,Full-time,In-person,United States,M,184000.0,100.0,200000.0
2023,ML Engineer,Machine Learning and AI,USD,135000,135000,United States,Senior,Full-time,In-person,United States,M,124200.0,100.0,135000.0
2022,Business Data Analyst,Data Analysis,USD,48000,48000,United States,Entry-level,Full-time,Hybrid,United States,L,44160.0,100.0,48000.0
2023,AI Developer,Machine Learning and AI,USD,120000,120000,Bosnia and Herzegovina,Entry-level,Full-time,Hybrid,Bosnia and Herzegovina,S,110400.0,37.2,322580.65
2023,Computer Vision Engineer,Machine Learning and AI,USD,200000,200000,United States,Senior,Full-time,Remote,United States,S,184000.0,100.0,200000.0
2023,Applied Data Scientist,Data Science and Research,USD,80000,80000,Kenya,Mid-level,Full-time,Remote,Kenya,S,73600.0,29.5,271186.44
2023,Data Scientist,Data Science and Research,USD,257000,257000,United States,Senior,Full-time,In-person,United States,M,236440.0,100.0,257000.0
2023,Data Scientist,Data Science and Research,EUR,72000,77737,Latvia,Senior,Full-time,In-person,Latvia,M,71518.04,59.4,130870.37
2023,Data Scientist,Data Science and Research,EUR,36000,38868,Latvia,Senior,Full-time,In-person,Latvia,M,35758.56,59.4,65434.34
2023,BI Developer,BI and Visualization,USD,140000,140000,United States,Senior,Full-time,Remote,United States,M,128800.0,100.0,140000.0
2023,Data Scientist,Data Science and Research,EUR,50000,53984,Romania,Mid-level,Full-time,Hybrid,Romania,L,49665.28,44.1,122412.7
2023,Data Analyst,Data Analysis,EUR,48000,51824,Spain,Senior,Full-time,In-person,Spain,M,47678.08,62.8,82522.29
2023,Data Analyst,Data Analysis,EUR,38000,41027,Spain,Senior,Full-time,In-person,Spain,M,37744.84,62.8,65329.62
2023,Data Scientist,Data Science and Research,USD,183310,183310,United States,Mid-level,Full-time,In-person,United States,M,168645.2,100.0,183310.0
2023,Data Analyst,Data Analysis,USD,102500,102500,United States,Senior,Full-time,Remote,United States,M,94300.0,100.0,102500.0
2023,Data Science Consultant,Data Science and Research,USD,122000,122000,United States,Senior,Full-time,In-person,United States,M,112240.0,100.0,122000.0
2023,Data Science Consultant,Data Science and Research,USD,94000,94000,United States,Senior,Full-time,In-person,United States,M,86480.0,100.0,94000.0
2023,Data Scientist,Data Science and Research,USD,182000,182000,United States,Senior,Full-time,In-person,United States,M,167440.0,100.0,182000.0
2023,Machine Learning Engineer,Machine Learning and AI,EUR,72000,77737,Latvia,Senior,Full-time,In-person,Latvia,M,71518.04,59.4,130870.37
2023,Machine Learning Engineer,Machine Learning and AI,EUR,36000,38868,Latvia,Senior,Full-time,In-person,Latvia,M,35758.56,59.4,65434.34
2023,Data Scientist,Data Science and Research,USD,300000,300000,United States,Executive,Full-time,In-person,United States,M,276000.0,100.0,300000.0
2023,Data Analyst,Data Analysis,USD,105500,105500,United States,Mid-level,Full-time,In-person,United States,M,97060.0,100.0,105500.0
2022,Data Scientist,Data Science and Research,USD,110000,110000,United States,Mid-level,Full-time,Remote,United States,L,101200.0,100.0,110000.0
2023,Data Analyst,Data Analysis,GBP,65000,79976,United Kingdom,Mid-level,Full-time,In-person,United Kingdom,M,73577.92,82.7,96706.17
2023,Data Analyst,Data Analysis,GBP,36050,44356,United Kingdom,Mid-level,Full-time,In-person,United Kingdom,M,40807.52,82.7,53634.82
2023,Data Scientist,Data Science and Research,USD,153400,153400,United States,Senior,Full-time,In-person,United States,M,141128.0,100.0,153400.0
2023,Data Scientist,Data Science and Research,USD,122700,122700,United States,Senior,Full-time,In-person,United States,M,112884.0,100.0,122700.0
2023,Machine Learning Engineer,Machine Learning and AI,USD,87000,87000,United States,Mid-level,Full-time,In-person,United States,M,80040.0,100.0,87000.0
2023,Data Scientist,Data Science and Research,USD,50000,50000,India,Entry-level,Full-time,Remote,United States,M,46000.0,100.0,50000.0
2023,ML Engineer,Machine Learning and AI,USD,234100,234100,United States,Senior,Full-time,Remote,United States,M,215372.0,100.0,234100.0
2023,ML Engineer,Machine Learning and AI,USD,203500,203500,United States,Senior,Full-time,Remote,United States,M,187220.0,100.0,203500.0
2023,Data Engineer,Data Engineering,USD,232200,232200,United States,Senior,Full-time,Remote,United States,M,213624.0,100.0,232200.0
2023,Data Engineer,Data Engineering,USD,167200,167200,United States,Senior,Full-time,Remote,United States,M,153824.0,100.0,167200.0
2023,BI Developer,BI and Visualization,USD,197000,197000,United States,Senior,Full-time,In-person,United States,M,181240.0,100.0,197000.0
2023,BI Developer,BI and Visualization,USD,106000,106000,United States,Senior,Full-time,In-person,United States,M,97520.0,100.0,106000.0
2023,Research Scientist,Data Science and Research,USD,180000,180000,United States,Senior,Full-time,In-person,United States,M,165600.0,100.0,180000.0
2023,Research Scientist,Data Science and Research,USD,145000,145000,United States,Senior,Full-time,In-person,United States,M,133400.0,100.0,145000.0
2023,Data Lead,Leadership and Management,USD,225000,225000,United States,Senior,Full-time,In-person,United States,M,207000.0,100.0,225000.0
2023,Data Lead,Leadership and Management,USD,200000,200000,United States,Senior,Full-time,In-person,United States,M,184000.0,100.0,200000.0
2023,Data Engineer,Data Engineering,USD,114000,114000,United States,Senior,Full-time,Remote,United States,M,104880.0,100.0,114000.0
2023,Data Engineer,Data Engineering,USD,291500,291500,United States,Senior,Full-time,In-person,United States,M,268180.0,100.0,291500.0
2023,Data Engineer,Data Engineering,USD,196200,196200,United States,Executive,Full-time,In-person,United States,M,180504.0,100.0,196200.0
2023,Data Engineer,Data Engineering,USD,150900,150900,United States,Executive,Full-time,In-person,United States,M,138828.0,100.0,150900.0
2023,Data Engineer,Data Engineering,USD,95000,95000,Spain,Mid-level,Full-time,Remote,Spain,M,87400.0,62.8,151273.89
2023,Data Engineer,Data Engineering,USD,80000,80000,Spain,Mid-level,Full-time,Remote,Spain,M,73600.0,62.8,127388.54
2023,Data Analyst,Data Analysis,USD,116000,116000,United States,Mid-level,Full-time,In-person,United States,M,106720.0,100.0,116000.0
2023,Data Analyst,Data Analysis,USD,72000,72000,United States,Mid-level,Full-time,In-person,United States,M,66240.0,100.0,72000.0
2023,Analytics Engineer,Leadership and Management,USD,207000,207000,United States,Senior,Full-time,In-person,United States,M,190440.0,100.0,207000.0
2023,Analytics Engineer,Leadership and Management,USD,167000,167000,United States,Senior,Full-time,In-person,United States,M,153640.0,100.0,167000.0
2023,Machine Learning Engineer,Machine Learning and AI,USD,145000,145000,United States,Senior,Full-time,In-person,United States,M,133400.0,100.0,145000.0
2023,Machine Learning Engineer,Machine Learning and AI,USD,135000,135000,United States,Senior,Full-time,In-person,United States,M,124200.0,100.0,135000.0
2023,Data Engineer,Data Engineering,USD,133800,133800,United States,Senior,Full-time,Remote,United States,M,123096.0,100.0,133800.0
2023,Data Engineer,Data Engineering,USD,96100,96100,United States,Senior,Full-time,Remote,United States,M,88412.0,100.0,96100.0
2023,Data Science Engineer,Data Science and Research,USD,140000,140000,United States,Senior,Full-time,In-person,United States,M,128800.0,100.0,140000.0
2023,Data Science Engineer,Data Science and Research,USD,100000,100000,United States,Senior,Full-time,In-person,United States,M,92000.0,100.0,100000.0
2023,Cloud Database Engineer,Cloud and Database,USD,140000,140000,United States,Senior,Full-time,Remote,United States,M,128800.0,100.0,140000.0
2023,Cloud Database Engineer,Cloud and Database,USD,115000,115000,United States,Senior,Full-time,Remote,United States,M,105800.0,100.0,115000.0
2023,Machine Learning Engineer,Machine Learning and AI,USD,219000,219000,United States,Mid-level,Full-time,Hybrid,United States,L,201480.0,100.0,219000.0
2023,Applied Scientist,Data Science and Research,USD,126100,126100,United States,Senior,Full-time,In-person,United States,L,116012.0,100.0,126100.0
2023,Applied Scientist,Data Science and Research,USD,72000,72000,United States,Senior,Full-time,In-person,United States,L,66240.0,100.0,72000.0
2023,Machine Learning Engineer,Machine Learning and AI,USD,175000,175000,United States,Mid-level,Full-time,Remote,United States,M,161000.0,100.0,175000.0
2023,Data Analyst,Data Analysis,USD,240500,240500,United States,Senior,Full-time,In-person,United States,M,221260.0,100.0,240500.0
2023,Data Analyst,Data Analysis,USD,137500,137500,United States,Senior,Full-time,In-person,United States,M,126500.0,100.0,137500.0
2023,Data Scientist,Data Science and Research,USD,187500,187500,United States,Mid-level,Full-time,In-person,United States,M,172500.0,100.0,187500.0
2023,Data Scientist,Data Science and Research,USD,165000,165000,United States,Mid-level,Full-time,In-person,United States,M,151800.0,100.0,165000.0
2023,Machine Learning Research Engineer,Data Science and Research,GBP,60000,73824,United Kingdom,Mid-level,Full-time,In-person,United Kingdom,L,67918.08,82.7,89267.23
2022,Data Analyst,Data Analysis,EUR,24000,25216,Spain,Entry-level,Part-time,Remote,United States,L,23198.72,100.0,25216.0
2023,Research Scientist,Data Science and Research,USD,165750,165750,United States,Senior,Full-time,In-person,United States,M,152490.0,100.0,165750.0
2023,Machine Learning Scientist,Machine Learning and AI,USD,225000,225000,United States,Senior,Full-time,Remote,United States,M,207000.0,100.0,225000.0
2023,Machine Learning Scientist,Machine Learning and AI,USD,165750,165750,United States,Senior,Full-time,Remote,United States,M,152490.0,100.0,165750.0
2023,Machine Learning Engineer,Machine Learning and AI,GBP,89700,110367,United Kingdom,Mid-level,Full-time,In-person,United Kingdom,M,101537.64,82.7,133454.66
2023,Machine Learning Engineer,Machine Learning and AI,GBP,55250,67979,United Kingdom,Mid-level,Full-time,In-person,United Kingdom,M,62540.68,82.7,82199.52
2023,Data Scientist,Data Science and Research,USD,115000,115000,United States,Senior,Full-time,Remote,United States,M,105800.0,100.0,115000.0
2023,NLP Engineer,Machine Learning and AI,USD,275000,275000,United States,Senior,Full-time,In-person,United States,M,253000.0,100.0,275000.0
2023,NLP Engineer,Machine Learning and AI,USD,175000,175000,United States,Senior,Full-time,In-person,United States,M,161000.0,100.0,175000.0
2023,Data Engineer,Data Engineering,USD,175308,175308,United States,Senior,Full-time,In-person,United States,M,161283.36,100.0,175308.0
2023,Data Engineer,Data Engineering,USD,100706,100706,United States,Senior,Full-time,In-person,United States,M,92649.52,100.0,100706.0
2023,NLP Engineer,Machine Learning and AI,USD,235000,235000,United States,Senior,Full-time,In-person,United States,M,216200.0,100.0,235000.0
2023,NLP Engineer,Machine Learning and AI,USD,135000,135000,United States,Senior,Full-time,In-person,United States,M,124200.0,100.0,135000.0
2023,ML Engineer,Machine Learning and AI,USD,289076,289076,United States,Senior,Full-time,In-person,United States,M,265949.92,100.0,289076.0
2023,ML Engineer,Machine Learning and AI,USD,202353,202353,United States,Senior,Full-time,In-person,United States,M,186164.76,100.0,202353.0
2023,Data Engineer,Data Engineering,EUR,65000,70179,Portugal,Senior,Full-time,In-person,Portugal,M,64564.68,62.4,112466.35
2023,Data Engineer,Data Engineering,EUR,35000,37788,Portugal,Senior,Full-time,In-person,Portugal,M,34764.96,62.4,60557.69
2023,Research Engineer,Data Science and Research,USD,120000,120000,United States,Mid-level,Full-time,Remote,United States,M,110400.0,100.0,120000.0
2023,Data Engineer,Data Engineering,USD,231250,231250,United States,Senior,Full-time,Remote,United States,M,212750.0,100.0,231250.0
2023,Data Engineer,Data Engineering,USD,138750,138750,United States,Senior,Full-time,Remote,United States,M,127650.0,100.0,138750.0
2022,Data Scientist,Data Science and Research,USD,100000,100000,United States,Entry-level,Full-time,Remote,United States,M,92000.0,100.0,100000.0
2023,Deep Learning Engineer,Machine Learning and AI,USD,150000,150000,United States,Entry-level,Full-time,In-person,United States,M,138000.0,100.0,150000.0
2023,Deep Learning Engineer,Machine Learning and AI,USD,120000,120000,United States,Entry-level,Full-time,In-person,United States,M,110400.0,100.0,120000.0
2022,Data Analytics Manager,Leadership and Management,USD,133000,133000,Netherlands,Senior,Full-time,In-person,Netherlands,L,122360.0,82.6,161016.95
2023,Data Scientist,Data Science and Research,USD,272550,272550,United States,Senior,Full-time,In-person,United States,M,250746.0,100.0,272550.0
2023,Data Scientist,Data Science and Research,USD,198200,198200,United States,Senior,Full-time,In-person,United States,M,182344.0,100.0,198200.0
2023,Data Engineer,Data Engineering,USD,187500,187500,United States,Senior,Full-time,Remote,United States,M,172500.0,100.0,187500.0
2023,Data Analyst,Data Analysis,USD,155000,155000,United States,Senior,Full-time,Remote,United States,M,142600.0,100.0,155000.0
2023,Data Analyst,Data Analysis,USD,64000,64000,United States,Senior,Full-time,Remote,United States,M,58880.0,100.0,64000.0
2023,Computer Vision Engineer,Machine Learning and AI,USD,235000,235000,United States,Senior,Full-time,In-person,United States,M,216200.0,100.0,235000.0
2023,Computer Vision Engineer,Machine Learning and AI,USD,185000,185000,United States,Senior,Full-time,In-person,United States,M,170200.0,100.0,185000.0
2023,Data Scientist,Data Science and Research,USD,143100,143100,Canada,Senior,Full-time,In-person,Canada,M,131652.0,79.3,180453.97
2023,Data Scientist,Data Science and Research,USD,113000,113000,Canada,Senior,Full-time,In-person,Canada,M,103960.0,79.3,142496.85
2023,Applied Scientist,Data Science and Research,USD,142000,142000,United States,Senior,Full-time,Remote,United States,M,130640.0,100.0,142000.0
2023,Data Scientist,Data Science and Research,USD,180560,180560,United States,Senior,Full-time,In-person,United States,M,166115.2,100.0,180560.0
2023,Data Scientist,Data Science and Research,USD,115440,115440,United States,Senior,Full-time,In-person,United States,M,106204.8,100.0,115440.0
2023,Data Scientist,Data Science and Research,USD,120000,120000,Canada,Senior,Full-time,In-person,Canada,M,110400.0,79.3,151324.09
2023,Data Scientist,Data Science and Research,USD,110000,110000,Canada,Senior,Full-time,In-person,Canada,M,101200.0,79.3,138713.75
2023,Machine Learning Engineer,Machine Learning and AI,GBP,62000,76284,United Kingdom,Mid-level,Full-time,Remote,United Kingdom,M,70181.28,82.7,92241.84
2023,Machine Learning Engineer,Machine Learning and AI,GBP,52000,63980,United Kingdom,Mid-level,Full-time,Remote,United Kingdom,M,58861.6,82.7,77363.97
2023,Data Engineer,Data Engineering,USD,141600,141600,United States,Senior,Full-time,In-person,United States,M,130272.0,100.0,141600.0
2023,Machine Learning Engineer,Machine Learning and AI,GBP,48000,59059,United Kingdom,Mid-level,Full-time,Remote,United Kingdom,M,54334.28,82.7,71413.54
2023,Machine Learning Engineer,Machine Learning and AI,GBP,38000,46755,United Kingdom,Mid-level,Full-time,Remote,United Kingdom,M,43014.6,82.7,56535.67
2023,Data Engineer,Data Engineering,USD,128000,128000,United States,Senior,Full-time,Remote,United States,M,117760.0,100.0,128000.0
2023,Data Engineer,Data Engineering,USD,236000,236000,United States,Senior,Full-time,Remote,United States,M,217120.0,100.0,236000.0
2022,Data Scientist,Data Science and Research,USD,130000,130000,United States,Entry-level,Full-time,In-person,United States,M,119600.0,100.0,130000.0
2022,Manager Data Management,Leadership and Management,USD,125000,125000,United States,Senior,Full-time,Remote,United States,L,115000.0,100.0,125000.0
2022,Data Engineer,Data Engineering,USD,175000,175000,United States,Senior,Full-time,In-person,United States,M,161000.0,100.0,175000.0
2022,Data Engineer,Data Engineering,USD,155000,155000,United States,Senior,Full-time,In-person,United States,M,142600.0,100.0,155000.0
2022,Data Engineer,Data Engineering,USD,153600,153600,United States,Senior,Full-time,In-person,United States,M,141312.0,100.0,153600.0
2022,Data Engineer,Data Engineering,USD,106800,106800,United States,Senior,Full-time,In-person,United States,M,98256.0,100.0,106800.0
2022,Data Scientist,Data Science and Research,USD,150000,150000,United States,Senior,Full-time,In-person,United States,M,138000.0,100.0,150000.0
2022,Data Scientist,Data Science and Research,USD,140000,140000,United States,Senior,Full-time,In-person,United States,M,128800.0,100.0,140000.0
2022,Data Science Consultant,Data Science and Research,USD,122000,122000,United States,Senior,Full-time,In-person,United States,M,112240.0,100.0,122000.0
2022,Data Science Consultant,Data Science and Research,USD,94500,94500,United States,Senior,Full-time,In-person,United States,M,86940.0,100.0,94500.0
2022,Data Engineer,Data Engineering,USD,170000,170000,United States,Senior,Full-time,In-person,United States,M,156400.0,100.0,170000.0
2022,Data Engineer,Data Engineering,USD,130000,130000,United States,Senior,Full-time,In-person,United States,M,119600.0,100.0,130000.0
2022,Data Science Consultant,Data Science and Research,USD,145000,145000,United States,Senior,Full-time,In-person,United States,M,133400.0,100.0,145000.0
2022,Data Science Consultant,Data Science and Research,USD,128000,128000,United States,Senior,Full-time,In-person,United States,M,117760.0,100.0,128000.0
2022,Data Engineer,Data Engineering,USD,145000,145000,United States,Senior,Full-time,In-person,United States,M,133400.0,100.0,145000.0
2022,Data Engineer,Data Engineering,USD,100000,100000,United States,Senior,Full-time,In-person,United States,M,92000.0,100.0,100000.0
2022,Data Engineer,Data Engineering,USD,120000,120000,United States,Senior,Full-time,In-person,United States,M,110400.0,100.0,120000.0
2022,Data Engineer,Data Engineering,USD,115000,115000,United States,Senior,Full-time,In-person,United States,M,105800.0,100.0,115000.0
2022,Applied Machine Learning Scientist,Machine Learning and AI,USD,150000,150000,United States,Senior,Full-time,Remote,United States,M,138000.0,100.0,150000.0
2022,Data Analyst,Data Analysis,USD,150000,150000,United States,Mid-level,Full-time,In-person,United States,M,138000.0,100.0,150000.0
2022,Data Analyst,Data Analysis,USD,100000,100000,United States,Mid-level,Full-time,In-person,United States,M,92000.0,100.0,100000.0
2022,Data Scientist,Data Science and Research,USD,150000,150000,United States,Mid-level,Full-time,Remote,United States,M,138000.0,100.0,150000.0
2022,Data Scientist,Data Science and Research,USD,127500,127500,United States,Mid-level,Full-time,Remote,United States,M,117300.0,100.0,127500.0
2022,Data Scientist,Data Science and Research,USD,126500,126500,United States,Senior,Full-time,Remote,United States,M,116380.0,100.0,126500.0
2022,Data Scientist,Data Science and Research,USD,51000,51000,United States,Senior,Full-time,Remote,United States,M,46920.0,100.0,51000.0
2022,Data Engineer,Data Engineering,USD,260000,260000,United States,Mid-level,Full-time,In-person,United States,M,239200.0,100.0,260000.0
2022,Data Engineer,Data Engineering,USD,175000,175000,United States,Mid-level,Full-time,In-person,United States,M,161000.0,100.0,175000.0
2022,Applied Data Scientist,Data Science and Research,USD,40000,40000,Australia,Entry-level,Full-time,Remote,Pakistan,M,36800.0,18.9,211640.21
2022,AI Programmer,Machine Learning and AI,USD,40000,40000,Pakistan,Entry-level,Full-time,Remote,Australia,M,36800.0,76.8,52083.33
2022,Data Engineer,Data Engineering,USD,250000,250000,United States,Senior,Full-time,Remote,United States,M,230000.0,100.0,250000.0
2022,Data Engineer,Data Engineering,USD,63000,63000,United States,Senior,Full-time,Remote,United States,M,57960.0,100.0,63000.0
2022,Machine Learning Engineer,Machine Learning and AI,USD,210000,210000,United States,Senior,Full-time,Remote,United States,M,193200.0,100.0,210000.0
2022,Machine Learning Engineer,Machine Learning and AI,USD,160000,160000,United States,Senior,Full-time,Remote,United States,M,147200.0,100.0,160000.0
2022,Data Scientist,Data Science and Research,USD,272550,272550,United States,Senior,Full-time,Remote,United States,M,250746.0,100.0,272550.0
2022,Data Scientist,Data Science and Research,USD,198200,198200,United States,Senior,Full-time,Remote,United States,M,182344.0,100.0,198200.0
2022,Data Scientist,Data Science and Research,EUR,90000,94560,France,Mid-level,Full-time,Remote,France,M,86995.2,79.8,118496.24
2022,Data Scientist,Data Science and Research,EUR,50000,52533,France,Mid-level,Full-time,Remote,France,M,48330.36,79.8,65830.83
2022,Data Scientist,Data Science and Research,USD,220000,220000,United States,Senior,Full-time,In-person,United States,M,202400.0,100.0,220000.0
2022,Data Scientist,Data Science and Research,USD,146000,146000,United States,Senior,Full-time,In-person,United States,M,134320.0,100.0,146000.0
2022,Machine Learning Software Engineer,Machine Learning and AI,USD,248400,248400,Canada,Senior,Full-time,Remote,Canada,M,228528.0,79.3,313240.86
2022,Machine Learning Software Engineer,Machine Learning and AI,USD,183600,183600,Canada,Senior,Full-time,Remote,Canada,M,168912.0,79.3,231525.85
2022,Data Engineer,Data Engineering,USD,150000,150000,United States,Mid-level,Full-time,Remote,United States,M,138000.0,100.0,150000.0
2022,Machine Learning Developer,Machine Learning and AI,USD,40000,40000,Pakistan,Entry-level,Full-time,Remote,Australia,M,36800.0,76.8,52083.33
2022,Data Engineer,Data Engineering,USD,120000,120000,United States,Mid-level,Full-time,In-person,United States,M,110400.0,100.0,120000.0
2022,Data Engineer,Data Engineering,USD,95000,95000,United States,Mid-level,Full-time,In-person,United States,M,87400.0,100.0,95000.0
2022,Data Engineer,Data Engineering,USD,160000,160000,United States,Entry-level,Full-time,In-person,United States,M,147200.0,100.0,160000.0
2022,Data Engineer,Data Engineering,USD,135000,135000,United States,Entry-level,Full-time,In-person,United States,M,124200.0,100.0,135000.0
2022,Data Science Consultant,Data Science and Research,EUR,23000,24165,Italy,Entry-level,Full-time,Hybrid,Italy,M,22231.8,68.4,35328.95
2022,Data Engineer,Data Engineering,USD,216000,216000,United States,Senior,Full-time,Remote,United States,M,198720.0,100.0,216000.0
2022,Data Engineer,Data Engineering,USD,144000,144000,United States,Senior,Full-time,Remote,United States,M,132480.0,100.0,144000.0
2022,Data Engineer,Data Engineering,USD,85000,85000,United States,Entry-level,Full-time,In-person,United States,M,78200.0,100.0,85000.0
2022,Data Engineer,Data Engineering,USD,65000,65000,United States,Entry-level,Full-time,In-person,United States,M,59800.0,100.0,65000.0
2022,Data Analyst,Data Analysis,USD,149000,149000,United States,Senior,Full-time,Remote,United States,M,137080.0,100.0,149000.0
2022,Data Analyst,Data Analysis,USD,119000,119000,United States,Senior,Full-time,Remote,United States,M,109480.0,100.0,119000.0
2022,Data Scientist,Data Science and Research,USD,120000,120000,United States,Senior,Full-time,In-person,United States,M,110400.0,100.0,120000.0
2022,Data Scientist,Data Science and Research,USD,150000,150000,United States,Mid-level,Full-time,In-person,United States,M,138000.0,100.0,150000.0
2022,Data Scientist,Data Science and Research,USD,110000,110000,United States,Mid-level,Full-time,In-person,United States,M,101200.0,100.0,110000.0
2022,Machine Learning Engineer,Machine Learning and AI,USD,246000,246000,United States,Senior,Full-time,Remote,United States,M,226320.0,100.0,246000.0
2022,Machine Learning Engineer,Machine Learning and AI,USD,201000,201000,United States,Senior,Full-time,Remote,United States,M,184920.0,100.0,201000.0
2022,Data Scientist,Data Science and Research,USD,190000,190000,United States,Senior,Full-time,In-person,United States,M,174800.0,100.0,190000.0
2022,Data Scientist,Data Science and Research,USD,155000,155000,United States,Senior,Full-time,In-person,United States,M,142600.0,100.0,155000.0
2022,ML Engineer,Machine Learning and AI,USD,235000,235000,United States,Senior,Full-time,Remote,United States,M,216200.0,100.0,235000.0
2022,ML Engineer,Machine Learning and AI,USD,185000,185000,United States,Senior,Full-time,Remote,United States,M,170200.0,100.0,185000.0
2022,Cloud Database Engineer,Cloud and Database,USD,190000,190000,United States,Senior,Full-time,Remote,United States,M,174800.0,100.0,190000.0
2022,Cloud Database Engineer,Cloud and Database,USD,160000,160000,United States,Senior,Full-time,Remote,United States,M,147200.0,100.0,160000.0
2022,Product Data Analyst,Data Analysis,USD,100000,100000,United States,Entry-level,Full-time,Remote,United States,M,92000.0,100.0,100000.0
2022,Data Engineer,Data Engineering,USD,130000,130000,United States,Mid-level,Full-time,In-person,United States,M,119600.0,100.0,130000.0
2022,Data Engineer,Data Engineering,USD,115000,115000,United States,Mid-level,Full-time,In-person,United States,M,105800.0,100.0,115000.0
2022,Data Scientist,Data Science and Research,GBP,75000,92350,United Kingdom,Mid-level,Full-time,In-person,United Kingdom,M,84962.0,82.7,111668.68
2022,Data Scientist,Data Science and Research,GBP,55000,67723,United Kingdom,Mid-level,Full-time,In-person,United Kingdom,M,62305.16,82.7,81889.96
2022,Data Engineer,Data Engineering,USD,105000,105000,United States,Mid-level,Full-time,In-person,United States,M,96600.0,100.0,105000.0
2022,Data Engineer,Data Engineering,USD,70000,70000,United States,Mid-level,Full-time,In-person,United States,M,64400.0,100.0,70000.0
2022,Machine Learning Engineer,Machine Learning and AI,USD,204500,204500,United States,Senior,Full-time,In-person,United States,M,188140.0,100.0,204500.0
2022,Machine Learning Engineer,Machine Learning and AI,USD,142200,142200,United States,Senior,Full-time,In-person,United States,M,130824.0,100.0,142200.0
2022,Machine Learning Engineer,Machine Learning and AI,USD,192000,192000,United States,Senior,Full-time,Remote,United States,M,176640.0,100.0,192000.0
2022,Machine Learning Engineer,Machine Learning and AI,USD,164000,164000,United States,Senior,Full-time,Remote,United States,M,150880.0,100.0,164000.0
2022,Data Engineer,Data Engineering,USD,185900,185900,United States,Senior,Full-time,In-person,United States,M,171028.0,100.0,185900.0
2022,Data Engineer,Data Engineering,USD,129300,129300,United States,Senior,Full-time,In-person,United States,M,118956.0,100.0,129300.0
2022,Data Engineer,Data Engineering,USD,75000,75000,United States,Senior,Full-time,In-person,United States,M,69000.0,100.0,75000.0
2022,Data Science Manager,Data Science and Research,USD,175000,175000,United States,Senior,Full-time,In-person,United States,M,161000.0,100.0,175000.0
2022,Data Science Manager,Data Science and Research,USD,120000,120000,United States,Senior,Full-time,In-person,United States,M,110400.0,100.0,120000.0
2022,Data Engineer,Data Engineering,USD,167500,167500,United States,Senior,Full-time,In-person,United States,M,154100.0,100.0,167500.0
2022,Data Engineer,Data Engineering,USD,106500,106500,United States,Senior,Full-time,In-person,United States,M,97980.0,100.0,106500.0
2022,Data Analyst,Data Analysis,USD,75000,75000,United States,Mid-level,Full-time,Remote,United States,M,69000.0,100.0,75000.0
2022,Data Analyst,Data Analysis,USD,60000,60000,United States,Mid-level,Full-time,Remote,United States,M,55200.0,100.0,60000.0
2022,Applied Scientist,Data Science and Research,USD,184000,184000,United States,Senior,Full-time,Remote,United States,M,169280.0,100.0,184000.0
2022,Applied Scientist,Data Science and Research,USD,142000,142000,United States,Senior,Full-time,Remote,United States,M,130640.0,100.0,142000.0
2022,Data Scientist,Data Science and Research,USD,145000,145000,United States,Mid-level,Full-time,In-person,United States,M,133400.0,100.0,145000.0
2022,Data Scientist,Data Science and Research,USD,100000,100000,United States,Mid-level,Full-time,In-person,United States,M,92000.0,100.0,100000.0
2022,NLP Engineer,Machine Learning and AI,PLN,198000,44365,Poland,Mid-level,Full-time,Remote,Poland,S,40815.8,52.4,84666.03
2022,Data Engineer,Data Engineering,USD,200000,200000,United States,Executive,Full-time,In-person,United States,M,184000.0,100.0,200000.0
2022,Data Engineer,Data Engineering,USD,145000,145000,United States,Executive,Full-time,In-person,United States,M,133400.0,100.0,145000.0
2022,Data Engineer,Data Engineering,GBP,75000,92350,United Kingdom,Mid-level,Full-time,Remote,United Kingdom,M,84962.0,82.7,111668.68
2022,Data Engineer,Data Engineering,GBP,60000,73880,United Kingdom,Mid-level,Full-time,Remote,United Kingdom,M,67969.6,82.7,89334.95
2022,Applied Scientist,Data Science and Research,USD,192000,192000,United States,Senior,Full-time,Remote,United States,M,176640.0,100.0,192000.0
2022,Applied Scientist,Data Science and Research,USD,164000,164000,United States,Senior,Full-time,Remote,United States,M,150880.0,100.0,164000.0
2022,Data Engineer,Data Engineering,USD,310000,310000,United States,Executive,Full-time,Remote,United States,M,285200.0,100.0,310000.0
2022,Data Engineer,Data Engineering,USD,239000,239000,United States,Executive,Full-time,Remote,United States,M,219880.0,100.0,239000.0
2022,Data Analyst,Data Analysis,USD,120000,120000,United States,Senior,Full-time,In-person,United States,M,110400.0,100.0,120000.0
2022,Data Analyst,Data Analysis,USD,95000,95000,United States,Senior,Full-time,In-person,United States,M,87400.0,100.0,95000.0
2022,Machine Learning Engineer,Machine Learning and AI,USD,145000,145000,United States,Senior,Full-time,In-person,United States,M,133400.0,100.0,145000.0
2022,Machine Learning Engineer,Machine Learning and AI,USD,135000,135000,United States,Senior,Full-time,In-person,United States,M,124200.0,100.0,135000.0
2022,Data Engineer,Data Engineering,USD,78000,78000,United States,Senior,Full-time,In-person,United States,M,71760.0,100.0,78000.0
2022,Data Engineer,Data Engineering,EUR,70000,73546,Spain,Senior,Full-time,In-person,Spain,M,67662.32,62.8,117111.46
2022,Data Engineer,Data Engineering,EUR,35000,36773,Spain,Senior,Full-time,In-person,Spain,M,33831.16,62.8,58555.73
2022,Data Engineer,Data Engineering,USD,160000,160000,United States,Mid-level,Full-time,Remote,United States,M,147200.0,100.0,160000.0
2022,Data Engineer,Data Engineering,USD,120000,120000,United States,Mid-level,Full-time,Remote,United States,M,110400.0,100.0,120000.0
2022,AI Scientist,Machine Learning and AI,USD,125000,125000,Colombia,Senior,Full-time,Remote,Colombia,L,115000.0,27.9,448028.67
2022,Data Engineer,Data Engineering,USD,95000,95000,United States,Senior,Full-time,In-person,United States,M,87400.0,100.0,95000.0
2022,Data Scientist,Data Science and Research,EUR,45000,47280,Spain,Senior,Full-time,In-person,Spain,M,43497.6,62.8,75286.62
2022,Data Scientist,Data Science and Research,EUR,36000,37824,Spain,Senior,Full-time,In-person,Spain,M,34798.08,62.8,60229.3
2022,Data Analyst,Data Analysis,USD,115934,115934,United States,Senior,Full-time,Remote,United States,M,106659.28,100.0,115934.0
2022,Data Analyst,Data Analysis,USD,81666,81666,United States,Senior,Full-time,Remote,United States,M,75132.72,100.0,81666.0
2022,Data Scientist,Data Science and Research,USD,175000,175000,United States,Senior,Full-time,Remote,United States,M,161000.0,100.0,175000.0
2022,Data Scientist,Data Science and Research,USD,140000,140000,United States,Senior,Full-time,Remote,United States,M,128800.0,100.0,140000.0
2022,Research Engineer,Data Science and Research,USD,249500,249500,United States,Senior,Full-time,In-person,United States,M,229540.0,100.0,249500.0
2022,Research Engineer,Data Science and Research,USD,149850,149850,United States,Senior,Full-time,In-person,United States,M,137862.0,100.0,149850.0
2022,Analytics Engineer,Leadership and Management,USD,122500,122500,United States,Mid-level,Full-time,Remote,United States,M,112700.0,100.0,122500.0
2022,Analytics Engineer,Leadership and Management,USD,100000,100000,United States,Mid-level,Full-time,Remote,United States,M,92000.0,100.0,100000.0
2022,Data Scientist,Data Science and Research,USD,249500,249500,United States,Senior,Full-time,In-person,United States,M,229540.0,100.0,249500.0
2022,Data Scientist,Data Science and Research,USD,149850,149850,United States,Senior,Full-time,In-person,United States,M,137862.0,100.0,149850.0
2022,Data Analyst,Data Analysis,USD,55000,55000,United States,Entry-level,Full-time,In-person,United States,M,50600.0,100.0,55000.0
2022,Data Analyst,Data Analysis,USD,48000,48000,United States,Entry-level,Full-time,In-person,United States,M,44160.0,100.0,48000.0
2022,Research Scientist,Data Science and Research,USD,249500,249500,United States,Senior,Full-time,In-person,United States,M,229540.0,100.0,249500.0
2022,Research Scientist,Data Science and Research,USD,149850,149850,United States,Senior,Full-time,In-person,United States,M,137862.0,100.0,149850.0
2022,Computer Vision Engineer,Machine Learning and AI,EUR,56000,58837,France,Mid-level,Full-time,Remote,France,S,54130.04,79.8,73730.58
2022,Data Engineer,Data Engineering,USD,190000,190000,United States,Senior,Full-time,Remote,United States,M,174800.0,100.0,190000.0
2022,Data Engineer,Data Engineering,USD,120000,120000,United States,Senior,Full-time,Remote,United States,M,110400.0,100.0,120000.0
2022,Data Analyst,Data Analysis,USD,127000,127000,United States,Senior,Full-time,Remote,United States,M,116840.0,100.0,127000.0
2022,Data Analyst,Data Analysis,USD,104000,104000,United States,Senior,Full-time,Remote,United States,M,95680.0,100.0,104000.0
2022,Data Scientist,Data Science and Research,USD,210000,210000,United States,Senior,Full-time,Remote,United States,M,193200.0,100.0,210000.0
2022,Data Scientist,Data Science and Research,USD,150000,150000,United States,Senior,Full-time,Remote,United States,M,138000.0,100.0,150000.0
2022,Machine Learning Engineer,Machine Learning and AI,USD,150000,150000,United States,Senior,Full-time,Remote,United States,M,138000.0,100.0,150000.0
2022,Data Engineer,Data Engineering,USD,210000,210000,United States,Senior,Full-time,Remote,United States,M,193200.0,100.0,210000.0
2022,Data Engineer,Data Engineering,USD,130000,130000,United States,Senior,Full-time,Remote,United States,M,119600.0,100.0,130000.0
2022,Data Scientist,Data Science and Research,USD,182750,182750,United States,Senior,Full-time,Remote,United States,M,168130.0,100.0,182750.0
2022,Data Scientist,Data Science and Research,USD,161500,161500,United States,Senior,Full-time,Remote,United States,M,148580.0,100.0,161500.0
2022,Data Analyst,Data Analysis,USD,102640,102640,United States,Mid-level,Full-time,Remote,United States,M,94428.8,100.0,102640.0
2022,Data Analyst,Data Analysis,USD,66100,66100,United States,Mid-level,Full-time,Remote,United States,M,60812.0,100.0,66100.0
2022,Research Scientist,Data Science and Research,USD,210000,210000,United States,Senior,Full-time,Remote,United States,M,193200.0,100.0,210000.0
2022,Research Scientist,Data Science and Research,USD,150000,150000,United States,Senior,Full-time,Remote,United States,M,138000.0,100.0,150000.0
2022,Data Engineer,Data Engineering,USD,198800,198800,United States,Senior,Full-time,In-person,United States,M,182896.0,100.0,198800.0
2022,Data Engineer,Data Engineering,USD,122600,122600,United States,Senior,Full-time,In-person,United States,M,112792.0,100.0,122600.0
2022,Data Engineer,Data Engineering,USD,130000,130000,United States,Mid-level,Full-time,Remote,United States,M,119600.0,100.0,130000.0
2022,Data Engineer,Data Engineering,USD,80000,80000,United States,Mid-level,Full-time,Remote,United States,M,73600.0,100.0,80000.0
2022,Data Scientist,Data Science and Research,USD,136000,136000,United States,Senior,Full-time,Remote,United States,M,125120.0,100.0,136000.0
2022,Data Scientist,Data Science and Research,USD,104000,104000,United States,Senior,Full-time,Remote,United States,M,95680.0,100.0,104000.0
2022,Data Analyst,Data Analysis,USD,150000,150000,United States,Senior,Full-time,Remote,United States,M,138000.0,100.0,150000.0
2022,Data Analyst,Data Analysis,USD,100000,100000,United States,Senior,Full-time,Remote,United States,M,92000.0,100.0,100000.0
2022,Data Scientist,Data Science and Research,USD,159000,159000,United States,Executive,Full-time,Remote,United States,M,146280.0,100.0,159000.0
2022,Data Scientist,Data Science and Research,USD,130000,130000,United States,Executive,Full-time,Remote,United States,M,119600.0,100.0,130000.0
2022,Data Engineer,Data Engineering,USD,215000,215000,United States,Senior,Full-time,Remote,United States,M,197800.0,100.0,215000.0
2022,Data Engineer,Data Engineering,USD,150000,150000,United States,Senior,Full-time,Remote,United States,M,138000.0,100.0,150000.0
2022,Data Engineer,Data Engineering,USD,187000,187000,United States,Mid-level,Full-time,Remote,United States,M,172040.0,100.0,187000.0
2022,Data Engineer,Data Engineering,USD,153000,153000,United States,Mid-level,Full-time,Remote,United States,M,140760.0,100.0,153000.0
2022,Machine Learning Engineer,Machine Learning and AI,USD,255000,255000,Mexico,Senior,Full-time,Remote,Mexico,M,234600.0,33.5,761194.03
2022,Machine Learning Engineer,Machine Learning and AI,USD,185000,185000,Mexico,Senior,Full-time,Remote,Mexico,M,170200.0,33.5,552238.81
2022,Data Analyst,Data Analysis,GBP,350000,430967,United Kingdom,Mid-level,Full-time,In-person,United Kingdom,M,396489.64,82.7,521120.92
2022,Data Analyst,Data Analysis,GBP,45000,55410,United Kingdom,Mid-level,Full-time,In-person,United Kingdom,M,50977.2,82.7,67001.21
2022,Data Analyst,Data Analysis,EUR,48000,50432,Spain,Senior,Full-time,In-person,Spain,M,46397.44,62.8,80305.73
2022,Data Analyst,Data Analysis,EUR,38000,39925,Spain,Senior,Full-time,In-person,Spain,M,36731.0,62.8,63574.84
2022,Data Analyst,Data Analysis,USD,169000,169000,United States,Senior,Full-time,In-person,United States,M,155480.0,100.0,169000.0
2022,Data Analyst,Data Analysis,USD,110600,110600,United States,Senior,Full-time,In-person,United States,M,101752.0,100.0,110600.0
2022,BI Data Analyst,Data Analysis,EUR,58000,60938,Germany,Entry-level,Full-time,In-person,Germany,L,56062.96,78.5,77628.03
2022,BI Developer,BI and Visualization,USD,140000,140000,United States,Senior,Full-time,Remote,United States,M,128800.0,100.0,140000.0
2022,BI Developer,BI and Visualization,USD,120000,120000,United States,Senior,Full-time,Remote,United States,M,110400.0,100.0,120000.0
2022,Data Analyst,Data Analysis,USD,50000,50000,United States,Entry-level,Full-time,Hybrid,United States,L,46000.0,100.0,50000.0
2022,MLOps Engineer,Machine Learning and AI,USD,134000,134000,United States,Mid-level,Full-time,Remote,United States,M,123280.0,100.0,134000.0
2022,MLOps Engineer,Machine Learning and AI,USD,124000,124000,United States,Mid-level,Full-time,Remote,United States,M,114080.0,100.0,124000.0
2022,Data Analyst,Data Analysis,USD,166700,166700,United States,Senior,Full-time,In-person,United States,M,153364.0,100.0,166700.0
2022,Data Analyst,Data Analysis,USD,119000,119000,United States,Senior,Full-time,In-person,United States,M,109480.0,100.0,119000.0
2022,Data Scientist,Data Science and Research,USD,124234,124234,United States,Entry-level,Full-time,In-person,United States,M,114295.28,100.0,124234.0
2022,Data Scientist,Data Science and Research,USD,74540,74540,United States,Entry-level,Full-time,In-person,United States,M,68576.8,100.0,74540.0
2022,Data Analyst,Data Analysis,USD,100000,100000,United States,Mid-level,Full-time,Remote,United States,M,92000.0,100.0,100000.0
2022,Data Analyst,Data Analysis,USD,65000,65000,United States,Mid-level,Full-time,Remote,United States,M,59800.0,100.0,65000.0
2022,AI Scientist,Machine Learning and AI,USD,200000,200000,Canada,Entry-level,Full-time,Hybrid,Canada,L,184000.0,79.3,252206.81
2022,Data Engineer,Data Engineering,USD,220000,220000,United States,Senior,Full-time,Remote,United States,M,202400.0,100.0,220000.0
2022,Data Engineer,Data Engineering,USD,146000,146000,United States,Senior,Full-time,Remote,United States,M,134320.0,100.0,146000.0
2022,Data Engineer,Data Engineering,EUR,65000,68293,Spain,Senior,Full-time,In-person,Spain,M,62829.56,62.8,108746.82
2022,Data Specialist,Data Management and Strategy,USD,110000,110000,United States,Senior,Full-time,In-person,United States,M,101200.0,100.0,110000.0
2022,Data Specialist,Data Management and Strategy,USD,70000,70000,United States,Senior,Full-time,In-person,United States,M,64400.0,100.0,70000.0
2022,Data Architect,Data Architecture and Modeling,USD,190000,190000,United States,Senior,Full-time,Remote,United States,M,174800.0,100.0,190000.0
2022,Data Architect,Data Architecture and Modeling,USD,135000,135000,United States,Senior,Full-time,Remote,United States,M,124200.0,100.0,135000.0
2022,Data Scientist,Data Science and Research,USD,128000,128000,United States,Senior,Full-time,In-person,United States,M,117760.0,100.0,128000.0
2022,Data Scientist,Data Science and Research,USD,81500,81500,United States,Senior,Full-time,In-person,United States,M,74980.0,100.0,81500.0
2022,Data Scientist,Data Science and Research,USD,173000,173000,United States,Senior,Full-time,Remote,United States,M,159160.0,100.0,173000.0
2022,Data Scientist,Data Science and Research,USD,110000,110000,United States,Senior,Full-time,Remote,United States,M,101200.0,100.0,110000.0
2022,Machine Learning Engineer,Machine Learning and AI,USD,192000,192000,United States,Senior,Full-time,In-person,United States,M,176640.0,100.0,192000.0
2022,Machine Learning Engineer,Machine Learning and AI,USD,120000,120000,United States,Senior,Full-time,In-person,United States,M,110400.0,100.0,120000.0
2022,Principal Machine Learning Engineer,Machine Learning and AI,USD,190000,190000,United States,Senior,Full-time,Remote,United States,L,174800.0,100.0,190000.0
2022,Data Engineer,Data Engineering,USD,194000,194000,United States,Senior,Full-time,Remote,United States,M,178480.0,100.0,194000.0
2022,Data Engineer,Data Engineering,USD,129400,129400,United States,Senior,Full-time,Remote,United States,M,119048.0,100.0,129400.0
2022,Data Analyst,Data Analysis,USD,201000,201000,United States,Senior,Full-time,Remote,United States,M,184920.0,100.0,201000.0
2022,Data Analyst,Data Analysis,USD,89200,89200,United States,Senior,Full-time,Remote,United States,M,82064.0,100.0,89200.0
2022,Data Scientist,Data Science and Research,USD,165000,165000,United States,Senior,Full-time,In-person,United States,M,151800.0,100.0,165000.0
2022,Data Scientist,Data Science and Research,USD,125000,125000,United States,Senior,Full-time,In-person,United States,M,115000.0,100.0,125000.0
2022,Applied Scientist,Data Science and Research,USD,230000,230000,United States,Senior,Full-time,Remote,United States,M,211600.0,100.0,230000.0
2022,Applied Scientist,Data Science and Research,USD,196000,196000,United States,Senior,Full-time,Remote,United States,M,180320.0,100.0,196000.0
2022,Machine Learning Engineer,Machine Learning and AI,USD,130000,130000,United States,Mid-level,Full-time,In-person,United States,M,119600.0,100.0,130000.0
2022,Machine Learning Engineer,Machine Learning and AI,USD,90000,90000,United States,Mid-level,Full-time,In-person,United States,M,82800.0,100.0,90000.0
2022,Machine Learning Researcher,Machine Learning and AI,USD,150000,150000,United States,Mid-level,Full-time,Remote,United States,M,138000.0,100.0,150000.0
2022,Machine Learning Researcher,Machine Learning and AI,USD,100000,100000,United States,Mid-level,Full-time,Remote,United States,M,92000.0,100.0,100000.0
2022,Machine Learning Engineer,Machine Learning and AI,USD,230000,230000,United States,Mid-level,Full-time,In-person,United States,M,211600.0,100.0,230000.0
2022,Machine Learning Engineer,Machine Learning and AI,USD,150000,150000,United States,Mid-level,Full-time,In-person,United States,M,138000.0,100.0,150000.0
2022,Machine Learning Researcher,Machine Learning and AI,USD,130000,130000,United States,Mid-level,Full-time,Remote,United States,M,119600.0,100.0,130000.0
2022,Data Scientist,Data Science and Research,USD,180000,180000,United States,Mid-level,Full-time,In-person,United States,M,165600.0,100.0,180000.0
2022,Data Scientist,Data Science and Research,USD,120000,120000,United States,Mid-level,Full-time,In-person,United States,M,110400.0,100.0,120000.0
2022,Data Analyst,Data Analysis,USD,192500,192500,United States,Senior,Full-time,Remote,United States,M,177100.0,100.0,192500.0
2022,Data Analyst,Data Analysis,USD,140000,140000,United States,Senior,Full-time,Remote,United States,M,128800.0,100.0,140000.0
2022,Data Engineer,Data Engineering,USD,152500,152500,United States,Senior,Full-time,In-person,United States,M,140300.0,100.0,152500.0
2022,Data Analyst,Data Analysis,USD,65000,65000,United States,Senior,Full-time,Remote,United States,M,59800.0,100.0,65000.0
2022,Data Analyst,Data Analysis,USD,55000,55000,United States,Senior,Full-time,Remote,United States,M,50600.0,100.0,55000.0
2022,Data Engineer,Data Engineering,USD,178750,178750,United States,Senior,Full-time,In-person,United States,M,164450.0,100.0,178750.0
2022,Data Engineer,Data Engineering,USD,160000,160000,United States,Senior,Full-time,In-person,United States,M,147200.0,100.0,160000.0
2022,Data Scientist,Data Science and Research,EUR,60000,63040,France,Mid-level,Full-time,Remote,France,M,57996.8,79.8,78997.49
2022,Machine Learning Scientist,Machine Learning and AI,USD,165000,165000,United States,Mid-level,Full-time,In-person,United States,M,151800.0,100.0,165000.0
2022,Machine Learning Scientist,Machine Learning and AI,USD,135000,135000,United States,Mid-level,Full-time,In-person,United States,M,124200.0,100.0,135000.0
2022,Analytics Engineer,Leadership and Management,USD,170000,170000,United States,Senior,Full-time,Remote,United States,M,156400.0,100.0,170000.0
2022,Analytics Engineer,Leadership and Management,USD,125000,125000,United States,Senior,Full-time,Remote,United States,M,115000.0,100.0,125000.0
2022,Data Engineer,Data Engineering,USD,105000,105000,United States,Senior,Full-time,In-person,United States,M,96600.0,100.0,105000.0
2022,Data Engineer,Data Engineering,USD,70000,70000,United States,Senior,Full-time,In-person,United States,M,64400.0,100.0,70000.0
2022,Data Scientist,Data Science and Research,USD,130000,130000,United States,Senior,Full-time,In-person,United States,M,119600.0,100.0,130000.0
2022,Data Scientist,Data Science and Research,USD,95000,95000,United States,Senior,Full-time,In-person,United States,M,87400.0,100.0,95000.0
2022,Data Scientist,Data Science and Research,USD,203500,203500,United States,Senior,Full-time,In-person,United States,M,187220.0,100.0,203500.0
2022,Data Scientist,Data Science and Research,USD,152000,152000,United States,Senior,Full-time,In-person,United States,M,139840.0,100.0,152000.0
2022,Data Engineer,Data Engineering,USD,197430,197430,United States,Senior,Full-time,Remote,United States,M,181635.6,100.0,197430.0
2022,Data Engineer,Data Engineering,USD,134760,134760,United States,Senior,Full-time,Remote,United States,M,123979.2,100.0,134760.0
2022,Data Scientist,Data Science and Research,USD,120000,120000,United States,Mid-level,Full-time,Remote,United States,M,110400.0,100.0,120000.0
2022,Data Engineer,Data Engineering,USD,197000,197000,United States,Senior,Full-time,In-person,United States,M,181240.0,100.0,197000.0
2022,Data Engineer,Data Engineering,USD,99000,99000,United States,Senior,Full-time,In-person,United States,M,91080.0,100.0,99000.0
2022,Data Engineer,Data Engineering,USD,162000,162000,United States,Senior,Full-time,Remote,United States,M,149040.0,100.0,162000.0
2022,Data Engineer,Data Engineering,EUR,105120,110446,Lithuania,Mid-level,Full-time,In-person,Lithuania,M,101610.32,57.8,191083.04
2022,Data Engineer,Data Engineering,EUR,75360,79178,Lithuania,Mid-level,Full-time,In-person,Lithuania,M,72843.76,57.8,136986.16
2022,Data Science Consultant,Data Science and Research,GBP,57000,70186,United Kingdom,Mid-level,Full-time,In-person,United Kingdom,M,64571.12,82.7,84868.2
2022,Data Science Consultant,Data Science and Research,GBP,42000,51716,United Kingdom,Mid-level,Full-time,In-person,United Kingdom,M,47578.72,82.7,62534.46
2022,Data Architect,Data Architecture and Modeling,USD,149040,149040,United States,Senior,Full-time,Remote,United States,M,137116.8,100.0,149040.0
2022,Data Architect,Data Architecture and Modeling,USD,113900,113900,United States,Senior,Full-time,Remote,United States,M,104788.0,100.0,113900.0
2020,Business Data Analyst,Data Analysis,USD,95000,95000,United States,Mid-level,Full-time,In-person,United States,M,87400.0,100.0,95000.0
2021,Data Analyst,Data Analysis,USD,115000,115000,United States,Senior,Full-time,Remote,United States,S,105800.0,100.0,115000.0
2022,Data Analyst,Data Analysis,USD,171000,171000,United States,Senior,Full-time,Remote,Australia,L,157320.0,76.8,222656.25
2022,Data Analytics Consultant,Leadership and Management,USD,50000,50000,Belgium,Entry-level,Freelance,Remote,United States,S,46000.0,100.0,50000.0
2022,Data Scientist,Data Science and Research,USD,185900,185900,United States,Senior,Full-time,In-person,United States,M,171028.0,100.0,185900.0
2022,Data Scientist,Data Science and Research,USD,129300,129300,United States,Senior,Full-time,In-person,United States,M,118956.0,100.0,129300.0
2022,Data Engineer,Data Engineering,USD,230000,230000,United States,Senior,Full-time,Remote,United States,M,211600.0,100.0,230000.0
2022,Data Engineer,Data Engineering,USD,154600,154600,United States,Senior,Full-time,Remote,United States,M,142232.0,100.0,154600.0
2022,Data Engineer,Data Engineering,USD,75000,75000,United States,Mid-level,Full-time,Remote,United States,M,69000.0,100.0,75000.0
2022,Data Engineer,Data Engineering,USD,213000,213000,United States,Senior,Full-time,In-person,United States,M,195960.0,100.0,213000.0
2022,Data Engineer,Data Engineering,USD,152000,152000,United States,Senior,Full-time,In-person,United States,M,139840.0,100.0,152000.0
2022,Data Scientist,Data Science and Research,USD,120000,120000,United States,Senior,Full-time,Remote,United States,M,110400.0,100.0,120000.0
2022,Data Scientist,Data Science and Research,USD,110000,110000,United States,Senior,Full-time,In-person,United States,M,101200.0,100.0,110000.0
2022,Data Scientist,Data Science and Research,USD,70000,70000,United States,Senior,Full-time,In-person,United States,M,64400.0,100.0,70000.0
2022,Machine Learning Software Engineer,Machine Learning and AI,USD,227200,227200,Canada,Senior,Full-time,Remote,Canada,M,209024.0,79.3,286506.94
2022,Machine Learning Software Engineer,Machine Learning and AI,USD,168000,168000,Canada,Senior,Full-time,Remote,Canada,M,154560.0,79.3,211853.72
2022,Data Scientist,Data Science and Research,EUR,61000,64090,Germany,Mid-level,Full-time,In-person,Germany,M,58962.8,78.5,81643.31
2022,Data Scientist,Data Science and Research,EUR,58000,60938,Germany,Mid-level,Full-time,In-person,Germany,M,56062.96,78.5,77628.03
2022,ML Engineer,Machine Learning and AI,USD,243000,243000,United States,Senior,Full-time,Remote,United States,M,223560.0,100.0,243000.0
2022,ML Engineer,Machine Learning and AI,USD,183000,183000,United States,Senior,Full-time,Remote,United States,M,168360.0,100.0,183000.0
2022,Data Engineer,Data Engineering,USD,150000,150000,United States,Senior,Full-time,In-person,United States,M,138000.0,100.0,150000.0
2022,Data Scientist,Data Science and Research,USD,130000,130000,United States,Mid-level,Full-time,Remote,United States,M,119600.0,100.0,130000.0
2022,Data Scientist,Data Science and Research,USD,90000,90000,United States,Mid-level,Full-time,Remote,United States,M,82800.0,100.0,90000.0
2022,Data Analyst,Data Analysis,USD,165000,165000,United States,Mid-level,Full-time,In-person,United States,M,151800.0,100.0,165000.0
2022,Data Analyst,Data Analysis,USD,124000,124000,United States,Mid-level,Full-time,In-person,United States,M,114080.0,100.0,124000.0
2022,Data Engineer,Data Engineering,USD,178000,178000,Canada,Senior,Full-time,In-person,Canada,M,163760.0,79.3,224464.06
2022,Data Engineer,Data Engineering,USD,132000,132000,Canada,Senior,Full-time,In-person,Canada,M,121440.0,79.3,166456.49
2022,Data Engineer,Data Engineering,USD,300000,300000,United States,Senior,Full-time,In-person,United States,M,276000.0,100.0,300000.0
2022,Data Analyst,Data Analysis,USD,116000,116000,United States,Senior,Full-time,Remote,United States,M,106720.0,100.0,116000.0
2022,Data Analyst,Data Analysis,USD,96000,96000,United States,Senior,Full-time,Remote,United States,M,88320.0,100.0,96000.0
2022,Data Analyst,Data Analysis,GBP,75000,92350,United Kingdom,Senior,Full-time,In-person,United Kingdom,M,84962.0,82.7,111668.68
2022,Data Analyst,Data Analysis,GBP,57000,70186,United Kingdom,Senior,Full-time,In-person,United Kingdom,M,64571.12,82.7,84868.2
2022,Data Analyst,Data Analysis,USD,105000,105000,United States,Senior,Full-time,In-person,United States,M,96600.0,100.0,105000.0
2022,Data Analyst,Data Analysis,USD,70000,70000,United States,Senior,Full-time,In-person,United States,M,64400.0,100.0,70000.0
2022,Machine Learning Researcher,Machine Learning and AI,CAD,137000,105236,Canada,Mid-level,Full-time,Hybrid,Canada,L,96817.12,79.3,132706.18
2022,Data Analyst,Data Analysis,USD,100000,100000,United States,Senior,Full-time,In-person,United States,M,92000.0,100.0,100000.0
2022,Machine Learning Engineer,Machine Learning and AI,USD,189750,189750,United States,Entry-level,Full-time,In-person,United States,M,174570.0,100.0,189750.0
2022,Machine Learning Engineer,Machine Learning and AI,USD,140250,140250,United States,Entry-level,Full-time,In-person,United States,M,129030.0,100.0,140250.0
2022,Data Analyst,Data Analysis,USD,130000,130000,United States,Senior,Full-time,In-person,United States,M,119600.0,100.0,130000.0
2022,Data Analyst,Data Analysis,USD,160000,160000,United States,Mid-level,Full-time,In-person,United States,M,147200.0,100.0,160000.0
2022,Data Analyst,Data Analysis,USD,109000,109000,United States,Mid-level,Full-time,In-person,United States,M,100280.0,100.0,109000.0
2022,Research Engineer,Data Science and Research,USD,250000,250000,United States,Senior,Full-time,In-person,United States,M,230000.0,100.0,250000.0
2022,Research Engineer,Data Science and Research,USD,150000,150000,United States,Senior,Full-time,In-person,United States,M,138000.0,100.0,150000.0
2022,Data Analyst,Data Analysis,USD,206000,206000,United States,Mid-level,Full-time,In-person,United States,M,189520.0,100.0,206000.0
2022,Data Engineer,Data Engineering,USD,135000,135000,United States,Senior,Full-time,In-person,United States,M,124200.0,100.0,135000.0
2022,Machine Learning Engineer,Machine Learning and AI,EUR,110000,115573,France,Senior,Full-time,Remote,France,M,106327.16,79.8,144828.32
2022,Machine Learning Engineer,Machine Learning and AI,EUR,70000,73546,France,Senior,Full-time,Remote,France,M,67662.32,79.8,92162.91
2022,Data Engineer,Data Engineering,EUR,40000,42026,Spain,Senior,Full-time,In-person,Spain,M,38663.92,62.8,66920.38
2022,Data Engineer,Data Engineering,USD,191200,191200,United States,Senior,Full-time,In-person,United States,M,175904.0,100.0,191200.0
2022,Machine Learning Research Engineer,Data Science and Research,EUR,63000,66192,Germany,Entry-level,Full-time,Hybrid,Germany,L,60896.64,78.5,84321.02
2022,Data Engineer,Data Engineering,USD,230000,230000,United States,Senior,Full-time,In-person,United States,L,211600.0,100.0,230000.0
2022,Data Engineer,Data Engineering,USD,154600,154600,United States,Senior,Full-time,In-person,United States,L,142232.0,100.0,154600.0
2022,Data Analyst,Data Analysis,USD,80000,80000,United States,Mid-level,Full-time,Remote,United States,L,73600.0,100.0,80000.0
2022,Analytics Engineer,Leadership and Management,USD,135000,135000,United States,Senior,Full-time,In-person,United States,M,124200.0,100.0,135000.0
2022,Analytics Engineer,Leadership and Management,USD,110000,110000,United States,Senior,Full-time,In-person,United States,M,101200.0,100.0,110000.0
2022,Data Analytics Manager,Leadership and Management,USD,155000,155000,United States,Mid-level,Full-time,In-person,United States,M,142600.0,100.0,155000.0
2022,Data Analytics Manager,Leadership and Management,USD,140000,140000,United States,Mid-level,Full-time,In-person,United States,M,128800.0,100.0,140000.0
2022,Data Engineer,Data Engineering,USD,205000,205000,United States,Senior,Full-time,Remote,United States,M,188600.0,100.0,205000.0
2022,Data Engineer,Data Engineering,USD,179500,179500,United States,Senior,Full-time,In-person,United States,M,165140.0,100.0,179500.0
2022,Data Engineer,Data Engineering,USD,134000,134000,United States,Senior,Full-time,In-person,United States,M,123280.0,100.0,134000.0
2022,Data Scientist,Data Science and Research,USD,145000,145000,United States,Senior,Full-time,Remote,United States,M,133400.0,100.0,145000.0
2022,Data Architect,Data Architecture and Modeling,USD,235000,235000,United States,Senior,Full-time,Remote,United States,M,216200.0,100.0,235000.0
2022,Data Architect,Data Architecture and Modeling,USD,175000,175000,United States,Senior,Full-time,Remote,United States,M,161000.0,100.0,175000.0
2022,Data Science Consultant,Data Science and Research,EUR,26000,27317,Spain,Entry-level,Full-time,Hybrid,Spain,L,25131.64,62.8,43498.41
2022,Data Engineer,Data Engineering,USD,90000,90000,United States,Mid-level,Full-time,Remote,United States,M,82800.0,100.0,90000.0
2022,Data Specialist,Data Management and Strategy,USD,165000,165000,United States,Mid-level,Full-time,In-person,United States,M,151800.0,100.0,165000.0
2022,Data Specialist,Data Management and Strategy,USD,135000,135000,United States,Mid-level,Full-time,In-person,United States,M,124200.0,100.0,135000.0
2022,Data Engineer,Data Engineering,USD,168400,168400,United States,Senior,Full-time,In-person,United States,M,154928.0,100.0,168400.0
2022,Data Engineer,Data Engineering,USD,105200,105200,United States,Senior,Full-time,In-person,United States,M,96784.0,100.0,105200.0
2022,Deep Learning Engineer,Machine Learning and AI,GBP,70000,86193,United Kingdom,Mid-level,Full-time,Remote,United Kingdom,M,79297.56,82.7,104223.7
2022,Deep Learning Engineer,Machine Learning and AI,GBP,40000,49253,United Kingdom,Mid-level,Full-time,Remote,United Kingdom,M,45312.76,82.7,59556.23
2022,Data Engineer,Data Engineering,USD,200000,200000,United States,Senior,Full-time,In-person,United States,M,184000.0,100.0,200000.0
2022,Data Scientist,Data Science and Research,USD,198800,198800,United States,Senior,Full-time,In-person,United States,M,182896.0,100.0,198800.0
2022,Data Scientist,Data Science and Research,USD,122600,122600,United States,Senior,Full-time,In-person,United States,M,112792.0,100.0,122600.0
2022,Machine Learning Engineer,Machine Learning and AI,USD,100000,100000,Iran,Entry-level,Freelance,Remote,Iran,M,92000.0,22.9,436681.22
2022,BI Data Analyst,Data Analysis,EUR,100000,105066,France,Mid-level,Full-time,Hybrid,France,M,96660.72,79.8,131661.65
2022,Analytics Engineer,Leadership and Management,GBP,85000,104663,United Kingdom,Mid-level,Full-time,In-person,United Kingdom,M,96289.96,82.7,126557.44
2022,Analytics Engineer,Leadership and Management,GBP,60000,73880,United Kingdom,Mid-level,Full-time,In-person,United Kingdom,M,67969.6,82.7,89334.95
2022,Data Engineer,Data Engineering,USD,125000,125000,United States,Senior,Full-time,Remote,United States,M,115000.0,100.0,125000.0
2022,Data Engineer,Data Engineering,USD,110000,110000,United States,Senior,Full-time,Remote,United States,M,101200.0,100.0,110000.0
2022,Data Scientist,Data Science and Research,USD,148000,148000,United States,Senior,Full-time,Remote,United States,M,136160.0,100.0,148000.0
2022,Data Scientist,Data Science and Research,USD,107000,107000,United States,Senior,Full-time,Remote,United States,M,98440.0,100.0,107000.0
2022,Data Analyst,Data Analysis,USD,100000,100000,Canada,Mid-level,Full-time,In-person,Canada,M,92000.0,79.3,126103.4
2022,Data Analyst,Data Analysis,USD,65000,65000,Canada,Mid-level,Full-time,In-person,Canada,M,59800.0,79.3,81967.21
2022,Data Engineer,Data Engineering,EUR,60000,63040,Portugal,Senior,Full-time,In-person,Portugal,M,57996.8,62.4,101025.64
2022,Data Engineer,Data Engineering,EUR,35000,36773,Portugal,Senior,Full-time,In-person,Portugal,M,33831.16,62.4,58931.09
2022,Data Science Manager,Data Science and Research,USD,299500,299500,United States,Senior,Full-time,In-person,United States,M,275540.0,100.0,299500.0
2022,Data Science Manager,Data Science and Research,USD,245100,245100,United States,Senior,Full-time,In-person,United States,M,225492.0,100.0,245100.0
2022,Data Scientist,Data Science and Research,USD,168000,168000,United States,Senior,Full-time,Remote,United States,M,154560.0,100.0,168000.0
2022,Data Scientist,Data Science and Research,USD,130000,130000,United States,Senior,Full-time,Remote,United States,M,119600.0,100.0,130000.0
2022,Data Engineer,Data Engineering,USD,161000,161000,United States,Mid-level,Full-time,Remote,United States,M,148120.0,100.0,161000.0
2022,Data Engineer,Data Engineering,USD,118000,118000,United States,Mid-level,Full-time,Remote,United States,M,108560.0,100.0,118000.0
2022,Applied Scientist,Data Science and Research,USD,205000,205000,United States,Senior,Full-time,Remote,United States,M,188600.0,100.0,205000.0
2022,Data Science Manager,Data Science and Research,USD,247500,247500,United States,Senior,Full-time,In-person,United States,M,227700.0,100.0,247500.0
2022,Data Science Manager,Data Science and Research,USD,172200,172200,United States,Senior,Full-time,In-person,United States,M,158424.0,100.0,172200.0
2022,Data Management Specialist,Data Management and Strategy,EUR,65000,68293,Italy,Senior,Full-time,In-person,Italy,L,62829.56,68.4,99843.57
2022,Data Analyst,Data Analysis,USD,177000,177000,United States,Senior,Full-time,In-person,United States,M,162840.0,100.0,177000.0
2022,Data Analyst,Data Analysis,USD,131000,131000,United States,Senior,Full-time,In-person,United States,M,120520.0,100.0,131000.0
2022,Data Engineer,Data Engineering,USD,146000,146000,United States,Senior,Full-time,In-person,United States,M,134320.0,100.0,146000.0
2022,Data Engineer,Data Engineering,USD,102000,102000,United States,Senior,Full-time,In-person,United States,M,93840.0,100.0,102000.0
2022,Data Engineer,Data Engineering,USD,80000,80000,United States,Mid-level,Full-time,In-person,United States,M,73600.0,100.0,80000.0
2022,Data Engineer,Data Engineering,USD,65000,65000,United States,Mid-level,Full-time,In-person,United States,M,59800.0,100.0,65000.0
2022,Data Engineer,Data Engineering,GBP,50000,61566,United Kingdom,Senior,Full-time,Remote,United Kingdom,M,56640.72,82.7,74444.98
2022,Data Engineer,Data Engineering,GBP,35000,43096,United Kingdom,Senior,Full-time,Remote,United Kingdom,M,39648.32,82.7,52111.25
2022,Data Engineer,Data Engineering,USD,175000,175000,United States,Mid-level,Full-time,Remote,United States,M,161000.0,100.0,175000.0
2022,Data Engineer,Data Engineering,USD,135000,135000,United States,Mid-level,Full-time,Remote,United States,M,124200.0,100.0,135000.0
2022,Data Scientist,Data Science and Research,USD,80000,80000,United States,Entry-level,Full-time,In-person,United States,M,73600.0,100.0,80000.0
2022,Data Engineer,Data Engineering,USD,231250,231250,United States,Senior,Full-time,Remote,United States,M,212750.0,100.0,231250.0
2022,Data Engineer,Data Engineering,USD,138750,138750,United States,Senior,Full-time,Remote,United States,M,127650.0,100.0,138750.0
2022,Analytics Engineer,Leadership and Management,USD,193750,193750,United States,Senior,Full-time,Remote,United States,M,178250.0,100.0,193750.0
2022,Analytics Engineer,Leadership and Management,USD,116250,116250,United States,Senior,Full-time,Remote,United States,M,106950.0,100.0,116250.0
2022,Analytics Engineer,Leadership and Management,USD,231250,231250,United States,Senior,Full-time,Remote,United States,M,212750.0,100.0,231250.0
2022,Analytics Engineer,Leadership and Management,USD,138750,138750,United States,Senior,Full-time,Remote,United States,M,127650.0,100.0,138750.0
2022,Data Engineer,Data Engineering,USD,193750,193750,United States,Senior,Full-time,Remote,United States,M,178250.0,100.0,193750.0
2022,Data Engineer,Data Engineering,USD,116250,116250,United States,Senior,Full-time,Remote,United States,M,106950.0,100.0,116250.0
2022,Data Scientist,Data Science and Research,USD,208000,208000,United States,Senior,Full-time,Remote,United States,M,191360.0,100.0,208000.0
2022,Data Scientist,Data Science and Research,USD,127000,127000,United States,Senior,Full-time,Remote,United States,M,116840.0,100.0,127000.0
2022,Research Scientist,Data Science and Research,USD,300000,300000,United States,Senior,Full-time,Remote,United States,M,276000.0,100.0,300000.0
2022,Research Scientist,Data Science and Research,USD,196000,196000,United States,Senior,Full-time,Remote,United States,M,180320.0,100.0,196000.0
2021,Autonomous Vehicle Technician,Machine Learning and AI,USD,45555,45555,American Samoa,Mid-level,Freelance,Hybrid,Bahamas,M,41910.6,87.4,52122.43
2022,Data Scientist,Data Science and Research,USD,205000,205000,United States,Senior,Full-time,Remote,United States,M,188600.0,100.0,205000.0
2022,Data Scientist,Data Science and Research,USD,185000,185000,United States,Senior,Full-time,Remote,United States,M,170200.0,100.0,185000.0
2022,Machine Learning Engineer,Machine Learning and AI,USD,247500,247500,United States,Senior,Full-time,In-person,United States,M,227700.0,100.0,247500.0
2022,Machine Learning Engineer,Machine Learning and AI,USD,172200,172200,United States,Senior,Full-time,In-person,United States,M,158424.0,100.0,172200.0
2022,Data Analyst,Data Analysis,USD,110000,110000,United States,Senior,Full-time,In-person,United States,M,101200.0,100.0,110000.0
2022,Data Science Tech Lead,Data Science and Research,USD,375000,375000,United States,Senior,Full-time,Hybrid,United States,L,345000.0,100.0,375000.0
2022,Data Scientist,Data Science and Research,USD,225000,225000,United States,Senior,Full-time,In-person,United States,M,207000.0,100.0,225000.0
2022,Data Scientist,Data Science and Research,USD,156400,156400,United States,Senior,Full-time,In-person,United States,M,143888.0,100.0,156400.0
2022,Machine Learning Engineer,Machine Learning and AI,GBP,85000,104663,United Kingdom,Mid-level,Full-time,In-person,United Kingdom,M,96289.96,82.7,126557.44
2022,Machine Learning Engineer,Machine Learning and AI,GBP,65000,80036,United Kingdom,Mid-level,Full-time,In-person,United Kingdom,M,73633.12,82.7,96778.72
2022,Data Scientist,Data Science and Research,USD,140700,140700,United States,Senior,Full-time,In-person,United States,M,129444.0,100.0,140700.0
2022,Data Scientist,Data Science and Research,USD,93800,93800,United States,Senior,Full-time,In-person,United States,M,86296.0,100.0,93800.0
2022,Data Scientist,Data Science and Research,USD,350000,350000,United States,Senior,Full-time,Remote,United States,M,322000.0,100.0,350000.0
2022,Data Scientist,Data Science and Research,USD,135000,135000,United States,Senior,Full-time,Remote,United States,M,124200.0,100.0,135000.0
2022,Machine Learning Engineer,Machine Learning and AI,CHF,100000,104697,Switzerland,Mid-level,Full-time,Remote,Switzerland,L,96321.24,122.4,85536.76
2022,Machine Learning Developer,Machine Learning and AI,USD,33000,33000,Italy,Entry-level,Full-time,Remote,Germany,S,30360.0,78.5,42038.22
2022,Machine Learning Scientist,Machine Learning and AI,EUR,33000,34672,Italy,Entry-level,Full-time,Remote,Germany,S,31898.24,78.5,44168.15
2022,Machine Learning Engineer,Machine Learning and AI,USD,201000,201000,United States,Senior,Full-time,In-person,United States,M,184920.0,100.0,201000.0
2022,Machine Learning Engineer,Machine Learning and AI,USD,119000,119000,United States,Senior,Full-time,In-person,United States,M,109480.0,100.0,119000.0
2022,Data Engineer,Data Engineering,USD,175000,175000,United States,Senior,Full-time,Remote,United States,M,161000.0,100.0,175000.0
2022,Data Analyst,Data Analysis,USD,154560,154560,United States,Senior,Full-time,In-person,United States,M,142195.2,100.0,154560.0
2022,Data Analyst,Data Analysis,USD,123648,123648,United States,Senior,Full-time,In-person,United States,M,113756.16,100.0,123648.0
2022,Data Engineer,Data Engineering,USD,170000,170000,United States,Mid-level,Full-time,In-person,United States,M,156400.0,100.0,170000.0
2022,Data Engineer,Data Engineering,USD,145000,145000,United States,Mid-level,Full-time,In-person,United States,M,133400.0,100.0,145000.0
2022,Data Engineer,Data Engineering,USD,135000,135000,United States,Senior,Full-time,Remote,United States,M,124200.0,100.0,135000.0
2022,Data Engineer,Data Engineering,USD,100000,100000,United States,Senior,Full-time,Remote,United States,M,92000.0,100.0,100000.0
2022,Data Scientist,Data Science and Research,USD,247500,247500,United States,Senior,Full-time,In-person,United States,M,227700.0,100.0,247500.0
2022,Data Scientist,Data Science and Research,USD,172200,172200,United States,Senior,Full-time,In-person,United States,M,158424.0,100.0,172200.0
2022,Data Scientist,Data Science and Research,USD,177500,177500,United States,Senior,Full-time,Remote,United States,M,163300.0,100.0,177500.0
2022,Data Scientist,Data Science and Research,USD,134000,134000,United States,Senior,Full-time,Remote,United States,M,123280.0,100.0,134000.0
2022,Data Architect,Data Architecture and Modeling,USD,192564,192564,United States,Senior,Full-time,Remote,United States,M,177158.88,100.0,192564.0
2022,Data Architect,Data Architecture and Modeling,USD,144854,144854,United States,Senior,Full-time,Remote,United States,M,133265.68,100.0,144854.0
2022,Data Engineer,Data Engineering,USD,179305,179305,United States,Senior,Full-time,Remote,United States,M,164960.6,100.0,179305.0
2022,Data Engineer,Data Engineering,USD,142127,142127,United States,Senior,Full-time,Remote,United States,M,130756.84,100.0,142127.0
2022,Data Engineer,Data Engineering,USD,315000,315000,United States,Senior,Full-time,Remote,United States,M,289800.0,100.0,315000.0
2022,Data Engineer,Data Engineering,USD,225000,225000,United States,Senior,Full-time,Remote,United States,M,207000.0,100.0,225000.0
2022,Data Scientist,Data Science and Research,USD,243900,243900,United States,Senior,Full-time,Remote,United States,M,224388.0,100.0,243900.0
2022,Data Scientist,Data Science and Research,USD,156600,156600,United States,Senior,Full-time,Remote,United States,M,144072.0,100.0,156600.0
2022,Data Analyst,Data Analysis,USD,79000,79000,United States,Mid-level,Full-time,In-person,United States,M,72680.0,100.0,79000.0
2022,Data Scientist Lead,Data Science and Research,EUR,85000,89306,Austria,Mid-level,Full-time,Hybrid,Austria,L,82161.52,73.5,121504.76
2022,Data Engineer,Data Engineering,USD,182500,182500,United States,Senior,Full-time,Remote,United States,M,167900.0,100.0,182500.0
2022,Data Engineer,Data Engineering,USD,128500,128500,United States,Senior,Full-time,Remote,United States,M,118220.0,100.0,128500.0
2022,Data Manager,Leadership and Management,USD,77300,77300,United States,Entry-level,Full-time,Remote,United States,M,71116.0,100.0,77300.0
2022,Data Manager,Leadership and Management,USD,45600,45600,United States,Entry-level,Full-time,Remote,United States,M,41952.0,100.0,45600.0
2022,Data Analyst,Data Analysis,USD,110000,110000,United States,Senior,Full-time,Remote,United States,M,101200.0,100.0,110000.0
2022,Data Architect,Data Architecture and Modeling,USD,210000,210000,United States,Senior,Full-time,Remote,United States,M,193200.0,100.0,210000.0
2022,Data Architect,Data Architecture and Modeling,USD,136000,136000,United States,Senior,Full-time,Remote,United States,M,125120.0,100.0,136000.0
2022,Data Engineer,Data Engineering,USD,170000,170000,United States,Senior,Full-time,Remote,United States,M,156400.0,100.0,170000.0
2022,Data Engineer,Data Engineering,USD,140000,140000,United States,Senior,Full-time,Remote,United States,M,128800.0,100.0,140000.0
2022,Data Engineer,Data Engineering,USD,247500,247500,United States,Senior,Full-time,In-person,United States,M,227700.0,100.0,247500.0
2022,Data Engineer,Data Engineering,USD,172200,172200,United States,Senior,Full-time,In-person,United States,M,158424.0,100.0,172200.0
2022,Data Engineer,Data Engineering,USD,225000,225000,United States,Senior,Full-time,In-person,United States,M,207000.0,100.0,225000.0
2022,Data Engineer,Data Engineering,USD,184100,184100,United States,Senior,Full-time,In-person,United States,M,169372.0,100.0,184100.0
2022,Data Scientist,Data Science and Research,USD,100000,100000,United States,Mid-level,Full-time,Remote,United States,M,92000.0,100.0,100000.0
2022,Data Scientist,Data Science and Research,USD,85000,85000,United States,Mid-level,Full-time,Remote,United States,M,78200.0,100.0,85000.0
2022,Data Scientist,Data Science and Research,USD,78000,78000,United States,Mid-level,Full-time,Remote,United States,M,71760.0,100.0,78000.0
2022,Data Engineer,Data Engineering,USD,161000,161000,United States,Senior,Full-time,Remote,United States,M,148120.0,100.0,161000.0
2022,Head of Data,Leadership and Management,USD,205000,205000,United States,Executive,Full-time,In-person,United States,M,188600.0,100.0,205000.0
2022,Head of Data,Leadership and Management,USD,160000,160000,United States,Executive,Full-time,In-person,United States,M,147200.0,100.0,160000.0
2022,Data Engineer,Data Engineering,GBP,50000,61566,United Kingdom,Entry-level,Full-time,Remote,United Kingdom,M,56640.72,82.7,74444.98
2022,Data Engineer,Data Engineering,GBP,40000,49253,United Kingdom,Entry-level,Full-time,Remote,United Kingdom,M,45312.76,82.7,59556.23
2022,Data Scientist,Data Science and Research,USD,245000,245000,United States,Senior,Full-time,In-person,United States,M,225400.0,100.0,245000.0
2022,Data Scientist,Data Science and Research,USD,180000,180000,United States,Senior,Full-time,In-person,United States,M,165600.0,100.0,180000.0
2022,Data Engineer,Data Engineering,USD,220000,220000,United States,Senior,Full-time,In-person,United States,M,202400.0,100.0,220000.0
2022,Data Scientist,Data Science and Research,USD,198440,198440,United States,Senior,Full-time,In-person,United States,L,182564.8,100.0,198440.0
2022,Data Scientist,Data Science and Research,USD,144000,144000,United States,Senior,Full-time,In-person,United States,L,132480.0,100.0,144000.0
2022,Data Engineer,Data Engineering,USD,240000,240000,United States,Senior,Full-time,In-person,United States,M,220800.0,100.0,240000.0
2022,Data Scientist,Data Science and Research,USD,198440,198440,United States,Senior,Full-time,In-person,United States,M,182564.8,100.0,198440.0
2022,Data Scientist,Data Science and Research,USD,144000,144000,United States,Senior,Full-time,In-person,United States,M,132480.0,100.0,144000.0
2022,Data Analyst,Data Analysis,USD,150000,150000,United States,Mid-level,Full-time,Remote,United States,M,138000.0,100.0,150000.0
2022,Data Scientist,Data Science and Research,GBP,47000,57872,United Kingdom,Mid-level,Full-time,Hybrid,United Kingdom,M,53242.24,82.7,69978.23
2022,Data Analyst,Data Analysis,USD,64000,64000,United States,Entry-level,Full-time,Remote,United States,L,58880.0,100.0,64000.0
2022,Data Scientist,Data Science and Research,EUR,38000,39925,France,Entry-level,Full-time,Hybrid,France,L,36731.0,79.8,50031.33
2022,Machine Learning Engineer,Machine Learning and AI,USD,187200,187200,Canada,Senior,Full-time,Remote,Canada,M,172224.0,79.3,236065.57
2022,Machine Learning Engineer,Machine Learning and AI,USD,116100,116100,Canada,Senior,Full-time,Remote,Canada,M,106812.0,79.3,146406.05
2022,Data Analyst,Data Analysis,USD,150000,150000,United States,Senior,Full-time,In-person,United States,M,138000.0,100.0,150000.0
2022,Data Analyst,Data Analysis,USD,127000,127000,United States,Senior,Full-time,In-person,United States,M,116840.0,100.0,127000.0
2022,Data Engineer,Data Engineering,USD,275000,275000,United States,Senior,Full-time,Remote,United States,M,253000.0,100.0,275000.0
2022,Data Engineer,Data Engineering,USD,166000,166000,United States,Senior,Full-time,Remote,United States,M,152720.0,100.0,166000.0
2022,Data Scientist,Data Science and Research,USD,159699,159699,United States,Senior,Full-time,In-person,United States,M,146923.08,100.0,159699.0
2022,Data Scientist,Data Science and Research,USD,138938,138938,United States,Senior,Full-time,In-person,United States,M,127822.96,100.0,138938.0
2022,BI Analyst,BI and Visualization,USD,76000,76000,United States,Entry-level,Full-time,Hybrid,United States,L,69920.0,100.0,76000.0
2022,Analytics Engineer,Leadership and Management,GBP,84000,103432,United Kingdom,Senior,Full-time,In-person,United Kingdom,M,95157.44,82.7,125068.92
2022,Analytics Engineer,Leadership and Management,GBP,75000,92350,United Kingdom,Senior,Full-time,In-person,United Kingdom,M,84962.0,82.7,111668.68
2022,Data Analyst,Data Analysis,USD,80000,80000,United States,Senior,Full-time,In-person,United States,M,73600.0,100.0,80000.0
2022,Data Analyst,Data Analysis,USD,52500,52500,United States,Senior,Full-time,In-person,United States,M,48300.0,100.0,52500.0
2022,Data Engineer,Data Engineering,USD,236000,236000,United States,Senior,Full-time,Remote,United States,M,217120.0,100.0,236000.0
2022,Data Engineer,Data Engineering,USD,182000,182000,United States,Senior,Full-time,Remote,United States,M,167440.0,100.0,182000.0
2022,Data Scientist,Data Science and Research,USD,180000,180000,United States,Senior,Full-time,Remote,United States,M,165600.0,100.0,180000.0
2022,Data Analyst,Data Analysis,USD,135000,135000,United States,Senior,Full-time,Remote,United States,M,124200.0,100.0,135000.0
2022,Research Engineer,Data Science and Research,USD,240000,240000,United States,Mid-level,Full-time,Remote,United States,M,220800.0,100.0,240000.0
2022,Data Analyst,Data Analysis,USD,125404,125404,China,Entry-level,Part-time,Hybrid,United States,S,115371.68,100.0,125404.0
2022,Data Engineer,Data Engineering,USD,195000,195000,United States,Senior,Full-time,Remote,United States,M,179400.0,100.0,195000.0
2022,Data Engineer,Data Engineering,USD,110000,110000,United States,Senior,Full-time,In-person,United States,M,101200.0,100.0,110000.0
2022,Data Operations Analyst,Data Quality and Operations,USD,123000,123000,United States,Senior,Full-time,In-person,United States,M,113160.0,100.0,123000.0
2022,Data Operations Analyst,Data Quality and Operations,USD,92250,92250,United States,Senior,Full-time,In-person,United States,M,84870.0,100.0,92250.0
2022,ML Engineer,Machine Learning and AI,USD,180000,180000,United States,Mid-level,Full-time,Remote,United States,M,165600.0,100.0,180000.0
2022,ML Engineer,Machine Learning and AI,USD,100000,100000,United States,Mid-level,Full-time,Remote,United States,M,92000.0,100.0,100000.0
2022,Data Engineer,Data Engineering,USD,97000,97000,United States,Senior,Full-time,Remote,United States,M,89240.0,100.0,97000.0
2022,Data Engineer,Data Engineering,USD,90000,90000,United States,Senior,Full-time,Remote,United States,M,82800.0,100.0,90000.0
2022,Machine Learning Engineer,Machine Learning and AI,USD,180000,180000,United States,Senior,Full-time,Remote,United States,M,165600.0,100.0,180000.0
2022,Data Engineer,Data Engineering,USD,260000,260000,United States,Senior,Full-time,In-person,United States,M,239200.0,100.0,260000.0
2022,Data Engineer,Data Engineering,USD,180000,180000,United States,Senior,Full-time,In-person,United States,M,165600.0,100.0,180000.0
2022,Analytics Engineer,Leadership and Management,USD,210000,210000,United States,Executive,Full-time,Remote,United States,M,193200.0,100.0,210000.0
2022,Analytics Engineer,Leadership and Management,USD,157000,157000,United States,Executive,Full-time,Remote,United States,M,144440.0,100.0,157000.0
2022,Data Analyst,Data Analysis,USD,80000,80000,United States,Mid-level,Full-time,In-person,United States,M,73600.0,100.0,80000.0
2022,Data Analyst,Data Analysis,USD,52500,52500,United States,Mid-level,Full-time,In-person,United States,M,48300.0,100.0,52500.0
2022,Data Architect,Data Architecture and Modeling,USD,128000,128000,United States,Senior,Full-time,In-person,United States,M,117760.0,100.0,128000.0
2022,Data Architect,Data Architecture and Modeling,USD,81500,81500,United States,Senior,Full-time,In-person,United States,M,74980.0,100.0,81500.0
2022,Data Operations Engineer,Data Quality and Operations,USD,105000,105000,United States,Senior,Full-time,In-person,United States,M,96600.0,100.0,105000.0
2022,Data Operations Engineer,Data Quality and Operations,USD,70000,70000,United States,Senior,Full-time,In-person,United States,M,64400.0,100.0,70000.0
2022,Data Scientist,Data Science and Research,USD,175000,175000,United States,Senior,Full-time,In-person,United States,M,161000.0,100.0,175000.0
2022,Data Scientist,Data Science and Research,USD,122500,122500,United States,Senior,Full-time,In-person,United States,M,112700.0,100.0,122500.0
2022,Data Engineer,Data Engineering,USD,171000,171000,United States,Senior,Full-time,In-person,United States,M,157320.0,100.0,171000.0
2022,Data Engineer,Data Engineering,USD,117000,117000,United States,Senior,Full-time,In-person,United States,M,107640.0,100.0,117000.0
2022,Data Scientist,Data Science and Research,USD,202800,202800,United States,Senior,Full-time,In-person,United States,L,186576.0,100.0,202800.0
2022,Data Scientist,Data Science and Research,USD,104300,104300,United States,Senior,Full-time,In-person,United States,L,95956.0,100.0,104300.0
2022,Data Analyst,Data Analysis,EUR,35000,36773,Spain,Senior,Full-time,In-person,Spain,M,33831.16,62.8,58555.73
2022,Data Scientist,Data Science and Research,USD,30000,30000,Mexico,Mid-level,Full-time,Remote,Mexico,L,27600.0,33.5,89552.24
2022,Analytics Engineer,Leadership and Management,USD,78000,78000,Brazil,Mid-level,Full-time,Remote,Brazil,M,71760.0,37.5,208000.0
2022,Analytics Engineer,Leadership and Management,USD,48000,48000,Brazil,Mid-level,Full-time,Remote,Brazil,M,44160.0,37.5,128000.0
2022,Data Engineer,Data Engineering,USD,78000,78000,Brazil,Mid-level,Full-time,Remote,Brazil,M,71760.0,37.5,208000.0
2022,Data Engineer,Data Engineering,USD,42000,42000,Brazil,Mid-level,Full-time,Remote,Brazil,M,38640.0,37.5,112000.0
2022,Data Architect,Data Architecture and Modeling,USD,345600,345600,United States,Senior,Full-time,In-person,United States,M,317952.0,100.0,345600.0
2022,Data Architect,Data Architecture and Modeling,USD,230400,230400,United States,Senior,Full-time,In-person,United States,M,211968.0,100.0,230400.0
2022,BI Analyst,BI and Visualization,USD,78000,78000,Brazil,Mid-level,Full-time,Remote,Brazil,M,71760.0,37.5,208000.0
2022,BI Analyst,BI and Visualization,USD,48000,48000,Brazil,Mid-level,Full-time,Remote,Brazil,M,44160.0,37.5,128000.0
2022,Data Analyst,Data Analysis,USD,175950,175950,United States,Senior,Full-time,Remote,United States,M,161874.0,100.0,175950.0
2022,Data Analyst,Data Analysis,USD,130050,130050,United States,Senior,Full-time,Remote,United States,M,119646.0,100.0,130050.0
2022,Data Engineer,Data Engineering,USD,205600,205600,United States,Senior,Full-time,In-person,United States,L,189152.0,100.0,205600.0
2022,Data Engineer,Data Engineering,USD,105700,105700,United States,Senior,Full-time,In-person,United States,L,97244.0,100.0,105700.0
2022,Data Analyst,Data Analysis,USD,236600,236600,United States,Senior,Full-time,Remote,United States,M,217672.0,100.0,236600.0
2022,Data Scientist,Data Science and Research,USD,84000,84000,Brazil,Mid-level,Full-time,Remote,Brazil,M,77280.0,37.5,224000.0
2022,Data Scientist,Data Science and Research,USD,54000,54000,Brazil,Mid-level,Full-time,Remote,Brazil,M,49680.0,37.5,144000.0
2022,Data Scientist,Data Science and Research,USD,80000,80000,United States,Entry-level,Full-time,Remote,United States,L,73600.0,100.0,80000.0
2022,Marketing Data Analyst,Data Analysis,USD,200000,200000,United Kingdom,Senior,Full-time,Remote,United Kingdom,S,184000.0,82.7,241837.97
2022,Data Scientist,Data Science and Research,CAD,96000,73742,Canada,Entry-level,Full-time,Remote,Canada,L,67842.64,79.3,92991.17
2022,Data Science Lead,Data Science and Research,USD,165000,165000,United States,Senior,Full-time,Hybrid,United States,S,151800.0,100.0,165000.0
2022,Data Scientist,Data Science and Research,GBP,27000,33246,United Kingdom,Entry-level,Full-time,Hybrid,United Kingdom,L,30586.32,82.7,40200.73
2021,Data Engineer,Data Engineering,AUD,100000,75050,Australia,Mid-level,Full-time,Hybrid,Australia,L,69046.0,76.8,97721.35
2022,Machine Learning Engineer,Machine Learning and AI,USD,108000,108000,United States,Entry-level,Full-time,In-person,United States,S,99360.0,100.0,108000.0
2022,Data Scientist,Data Science and Research,USD,155000,155000,United States,Senior,Full-time,Remote,United States,M,142600.0,100.0,155000.0
2022,Data Scientist,Data Science and Research,USD,38000,38000,United States,Senior,Full-time,Remote,United States,M,34960.0,100.0,38000.0
2022,Data Analyst,Data Analysis,USD,85000,85000,United States,Mid-level,Full-time,In-person,United States,M,78200.0,100.0,85000.0
2022,Data Analyst,Data Analysis,USD,65000,65000,United States,Mid-level,Full-time,In-person,United States,M,59800.0,100.0,65000.0
2022,Data Engineer,Data Engineering,GBP,90000,110820,United Kingdom,Mid-level,Full-time,In-person,United Kingdom,M,101954.4,82.7,134002.42
2022,Data Engineer,Data Engineering,GBP,75000,92350,United Kingdom,Mid-level,Full-time,In-person,United Kingdom,M,84962.0,82.7,111668.68
2022,Data Scientist,Data Science and Research,USD,153600,153600,United States,Senior,Full-time,Remote,United States,M,141312.0,100.0,153600.0
2022,Data Scientist,Data Science and Research,USD,106800,106800,United States,Senior,Full-time,Remote,United States,M,98256.0,100.0,106800.0
2022,Data Scientist,Data Science and Research,USD,50000,50000,United States,Senior,Full-time,Remote,United States,M,46000.0,100.0,50000.0
2022,Data Scientist,Data Science and Research,USD,123400,123400,United States,Senior,Full-time,In-person,United States,M,113528.0,100.0,123400.0
2022,Data Scientist,Data Science and Research,USD,88100,88100,United States,Senior,Full-time,In-person,United States,M,81052.0,100.0,88100.0
2022,Data Scientist,Data Science and Research,USD,120000,120000,United States,Senior,Full-time,Remote,United States,S,110400.0,100.0,120000.0
2022,Data Scientist,Data Science and Research,USD,55000,55000,United States,Senior,Full-time,Remote,United States,S,50600.0,100.0,55000.0
2022,Analytics Engineer,Leadership and Management,USD,150000,150000,United States,Senior,Full-time,In-person,United States,M,138000.0,100.0,150000.0
2022,Analytics Engineer,Leadership and Management,USD,120000,120000,United States,Senior,Full-time,In-person,United States,M,110400.0,100.0,120000.0
2022,Data Science Consultant,Data Science and Research,USD,139000,139000,United States,Senior,Full-time,In-person,United States,M,127880.0,100.0,139000.0
2022,Data Analyst,Data Analysis,USD,139600,139600,United States,Senior,Full-time,In-person,United States,M,128432.0,100.0,139600.0
2022,Data Analyst,Data Analysis,USD,85700,85700,United States,Senior,Full-time,In-person,United States,M,78844.0,100.0,85700.0
2022,Data Engineer,Data Engineering,USD,185000,185000,United States,Senior,Full-time,Remote,United States,M,170200.0,100.0,185000.0
2022,Data Engineer,Data Engineering,USD,50000,50000,United States,Senior,Full-time,Remote,United States,M,46000.0,100.0,50000.0
2022,Data Scientist,Data Science and Research,USD,200000,200000,United States,Senior,Full-time,Remote,United States,M,184000.0,100.0,200000.0
2022,ML Engineer,Machine Learning and AI,USD,148500,148500,United States,Mid-level,Full-time,Remote,United States,L,136620.0,100.0,148500.0
2022,ML Engineer,Machine Learning and AI,USD,98200,98200,United States,Mid-level,Full-time,Remote,United States,L,90344.0,100.0,98200.0
2022,Data Analyst,Data Analysis,USD,115000,115000,United States,Senior,Full-time,Remote,United States,M,105800.0,100.0,115000.0
2022,Data Analyst,Data Analysis,USD,95000,95000,United States,Senior,Full-time,Remote,United States,M,87400.0,100.0,95000.0
2022,Data Architect,Data Architecture and Modeling,USD,225000,225000,United States,Senior,Full-time,Remote,United States,M,207000.0,100.0,225000.0
2022,Data Architect,Data Architecture and Modeling,USD,66000,66000,United States,Senior,Full-time,Remote,United States,M,60720.0,100.0,66000.0
2022,Data Manager,Leadership and Management,USD,134000,134000,United States,Mid-level,Full-time,In-person,United States,M,123280.0,100.0,134000.0
2022,Data Manager,Leadership and Management,USD,98000,98000,United States,Mid-level,Full-time,In-person,United States,M,90160.0,100.0,98000.0
2022,Data Analyst,Data Analysis,USD,105000,105000,United States,Mid-level,Full-time,In-person,United States,M,96600.0,100.0,105000.0
2022,Data Analyst,Data Analysis,USD,62000,62000,United States,Mid-level,Full-time,In-person,United States,M,57040.0,100.0,62000.0
2022,BI Data Analyst,Data Analysis,USD,57000,57000,United States,Entry-level,Full-time,Remote,United States,L,52440.0,100.0,57000.0
2022,Big Data Engineer,Data Engineering,CAD,210000,161311,Canada,Senior,Full-time,Hybrid,Canada,M,148406.12,79.3,203418.66
2022,Data Scientist,Data Science and Research,USD,144200,144200,United States,Mid-level,Full-time,Remote,United States,M,132664.0,100.0,144200.0
2022,Data Scientist,Data Science and Research,USD,115360,115360,United States,Mid-level,Full-time,Remote,United States,M,106131.2,100.0,115360.0
2022,Data Scientist,Data Science and Research,AUD,120000,83171,Australia,Mid-level,Full-time,In-person,Australia,L,76517.32,76.8,108295.57
2022,Data Engineer,Data Engineering,EUR,70000,73546,Portugal,Senior,Full-time,In-person,Portugal,M,67662.32,62.4,117862.18
2022,Data Engineer,Data Engineering,EUR,40000,42026,Portugal,Senior,Full-time,In-person,Portugal,M,38663.92,62.4,67349.36
2022,Data Architect,Data Architecture and Modeling,USD,180000,180000,United States,Senior,Full-time,Remote,United States,M,165600.0,100.0,180000.0
2022,Data Architect,Data Architecture and Modeling,USD,160000,160000,United States,Senior,Full-time,Remote,United States,M,147200.0,100.0,160000.0
2022,Data Scientist,Data Science and Research,USD,108000,108000,United States,Mid-level,Full-time,Hybrid,United States,L,99360.0,100.0,108000.0
2022,Machine Learning Manager,Machine Learning and AI,USD,200000,200000,United States,Senior,Full-time,Remote,United States,M,184000.0,100.0,200000.0
2022,Machine Learning Manager,Machine Learning and AI,USD,150000,150000,United States,Senior,Full-time,Remote,United States,M,138000.0,100.0,150000.0
2022,Data Manager,Leadership and Management,CAD,164000,125976,Canada,Executive,Full-time,Hybrid,Canada,L,115897.92,79.3,158860.03
2022,Data Engineer,Data Engineering,USD,188700,188700,United States,Senior,Full-time,Remote,United States,M,173604.0,100.0,188700.0
2022,Data Engineer,Data Engineering,USD,160395,160395,United States,Senior,Full-time,Remote,United States,M,147563.4,100.0,160395.0
2022,Data Scientist,Data Science and Research,USD,198440,198440,United States,Senior,Full-time,Remote,United States,M,182564.8,100.0,198440.0
2022,Data Scientist,Data Science and Research,USD,144000,144000,United States,Senior,Full-time,Remote,United States,M,132480.0,100.0,144000.0
2022,Applied Scientist,Data Science and Research,USD,191475,191475,United States,Senior,Full-time,Remote,United States,M,176157.0,100.0,191475.0
2022,Applied Scientist,Data Science and Research,USD,141525,141525,United States,Senior,Full-time,Remote,United States,M,130203.0,100.0,141525.0
2022,Data Scientist,Data Science and Research,EUR,72000,75648,Germany,Mid-level,Full-time,Remote,Germany,S,69596.16,78.5,96366.88
2022,Lead Data Scientist,Data Science and Research,USD,156868,156868,United States,Senior,Full-time,Remote,United States,L,144318.56,100.0,156868.0
2022,BI Analyst,BI and Visualization,USD,200000,200000,Nigeria,Senior,Full-time,Remote,Nigeria,S,184000.0,21.5,930232.56
2022,Lead Machine Learning Engineer,Machine Learning and AI,EUR,66000,69344,Portugal,Senior,Full-time,Remote,Portugal,L,63796.48,62.4,111128.21
2022,Data Analyst,Data Analysis,USD,90000,90000,United States,Senior,Contract,Remote,United States,M,82800.0,100.0,90000.0
2022,Research Scientist,Data Science and Research,EUR,120000,126080,Germany,Mid-level,Full-time,In-person,Germany,S,115993.6,78.5,160611.46
2022,Research Scientist,Data Science and Research,EUR,80000,84053,Germany,Mid-level,Full-time,In-person,Germany,S,77328.76,78.5,107073.89
2022,Data Engineer,Data Engineering,USD,200000,200000,United States,Senior,Full-time,Remote,United States,M,184000.0,100.0,200000.0
2022,Data Engineer,Data Engineering,USD,180000,180000,United States,Senior,Full-time,Remote,United States,M,165600.0,100.0,180000.0
2022,Analytics Engineer,Leadership and Management,USD,108000,108000,United States,Mid-level,Full-time,Remote,United States,M,99360.0,100.0,108000.0
2022,Analytics Engineer,Leadership and Management,USD,85000,85000,United States,Mid-level,Full-time,Remote,United States,M,78200.0,100.0,85000.0
2022,Data Engineer,Data Engineering,USD,165000,165000,United States,Senior,Full-time,Remote,United States,M,151800.0,100.0,165000.0
2022,Data Engineer,Data Engineering,USD,132000,132000,United States,Senior,Full-time,Remote,United States,M,121440.0,100.0,132000.0
2022,Analytics Engineer,Leadership and Management,USD,130000,130000,United States,Senior,Full-time,Remote,United States,M,119600.0,100.0,130000.0
2022,Analytics Engineer,Leadership and Management,USD,110000,110000,United States,Senior,Full-time,Remote,United States,M,101200.0,100.0,110000.0
2022,BI Data Analyst,Data Analysis,AUD,65000,45050,Australia,Mid-level,Full-time,Hybrid,Australia,L,41446.0,76.8,58658.85
2021,Data Analyst,Data Analysis,AUD,56000,42028,Australia,Entry-level,Full-time,Hybrid,Australia,L,38665.76,76.8,54723.96
2022,Data Analytics Engineer,Leadership and Management,USD,135000,135000,United States,Mid-level,Full-time,Remote,United States,L,124200.0,100.0,135000.0
2022,Data Engineer,Data Engineering,USD,178800,178800,United States,Senior,Full-time,Remote,United States,L,164496.0,100.0,178800.0
2022,Data Engineer,Data Engineering,USD,132100,132100,United States,Senior,Full-time,Remote,United States,L,121532.0,100.0,132100.0
2022,Data Analyst,Data Analysis,USD,20000,20000,Costa Rica,Entry-level,Full-time,Hybrid,United States,M,18400.0,100.0,20000.0
2022,Machine Learning Engineer,Machine Learning and AI,USD,140000,140000,Canada,Senior,Full-time,In-person,Canada,M,128800.0,79.3,176544.77
2022,Machine Learning Engineer,Machine Learning and AI,USD,110000,110000,Canada,Senior,Full-time,In-person,Canada,M,101200.0,79.3,138713.75
2022,Data Engineer,Data Engineering,USD,160000,160000,United States,Senior,Full-time,Remote,United States,M,147200.0,100.0,160000.0
2022,Data Engineer,Data Engineering,USD,85000,85000,United States,Senior,Full-time,Remote,United States,M,78200.0,100.0,85000.0
2022,ETL Developer,Data Engineering,USD,250000,250000,United States,Senior,Full-time,Remote,United States,M,230000.0,100.0,250000.0
2022,ETL Developer,Data Engineering,USD,63000,63000,United States,Senior,Full-time,Remote,United States,M,57960.0,100.0,63000.0
2022,Data Engineer,Data Engineering,USD,187200,187200,United States,Executive,Full-time,Remote,United States,M,172224.0,100.0,187200.0
2022,Data Engineer,Data Engineering,USD,116100,116100,United States,Executive,Full-time,Remote,United States,M,106812.0,100.0,116100.0
2022,Data Engineer,Data Engineering,USD,145000,145000,United States,Senior,Full-time,Remote,United States,M,133400.0,100.0,145000.0
2022,Data Engineer,Data Engineering,USD,229998,229998,United States,Senior,Full-time,In-person,United States,L,211598.16,100.0,229998.0
2022,Data Engineer,Data Engineering,USD,154545,154545,United States,Senior,Full-time,In-person,United States,L,142181.4,100.0,154545.0
2022,Data Scientist,Data Science and Research,USD,215000,215000,United States,Senior,Full-time,In-person,United States,L,197800.0,100.0,215000.0
2022,Data Scientist,Data Science and Research,USD,159000,159000,United States,Senior,Full-time,In-person,United States,L,146280.0,100.0,159000.0
2022,AI Scientist,Machine Learning and AI,USD,50000,50000,United States,Entry-level,Full-time,Remote,United States,M,46000.0,100.0,50000.0
2022,Data Scientist Lead,Data Science and Research,USD,183000,183000,United States,Senior,Full-time,Remote,United States,L,168360.0,100.0,183000.0
2022,Data Analyst,Data Analysis,USD,99750,99750,United States,Senior,Full-time,Remote,United States,M,91770.0,100.0,99750.0
2022,Data Analyst,Data Analysis,USD,68400,68400,United States,Senior,Full-time,Remote,United States,M,62928.0,100.0,68400.0
2022,Data Scientist,Data Science and Research,USD,236900,236900,United States,Senior,Full-time,Remote,United States,L,217948.0,100.0,236900.0
2022,Data Scientist,Data Science and Research,USD,159200,159200,United States,Senior,Full-time,Remote,United States,L,146464.0,100.0,159200.0
2022,Data Science Manager,Data Science and Research,USD,243225,243225,United States,Senior,Full-time,Remote,United States,M,223767.0,100.0,243225.0
2022,Data Science Manager,Data Science and Research,USD,179775,179775,United States,Senior,Full-time,Remote,United States,M,165393.0,100.0,179775.0
2022,Data Scientist,Data Science and Research,USD,128000,128000,United States,Senior,Full-time,Remote,United States,M,117760.0,100.0,128000.0
2022,Data Scientist,Data Science and Research,USD,191475,191475,United States,Senior,Full-time,Remote,United States,M,176157.0,100.0,191475.0
2022,Data Scientist,Data Science and Research,USD,141525,141525,United States,Senior,Full-time,Remote,United States,M,130203.0,100.0,141525.0
2022,Data Scientist,Data Science and Research,USD,218000,218000,United States,Senior,Full-time,In-person,United States,M,200560.0,100.0,218000.0
2022,Data Scientist,Data Science and Research,USD,145300,145300,United States,Senior,Full-time,In-person,United States,M,133676.0,100.0,145300.0
2022,ML Engineer,Machine Learning and AI,USD,195400,195400,United States,Senior,Full-time,Remote,United States,L,179768.0,100.0,195400.0
2022,ML Engineer,Machine Learning and AI,USD,131300,131300,United States,Senior,Full-time,Remote,United States,L,120796.0,100.0,131300.0
2022,Data Specialist,Data Management and Strategy,USD,105000,105000,Chile,Entry-level,Full-time,Remote,United States,L,96600.0,100.0,105000.0
2022,Data Scientist,Data Science and Research,USD,207000,207000,United States,Senior,Full-time,Remote,United States,M,190440.0,100.0,207000.0
2022,Data Scientist,Data Science and Research,USD,153000,153000,United States,Senior,Full-time,Remote,United States,M,140760.0,100.0,153000.0
2022,Data Analyst,Data Analysis,USD,99000,99000,United States,Senior,Full-time,In-person,United States,M,91080.0,100.0,99000.0
2022,Machine Learning Engineer,Machine Learning and AI,USD,200000,200000,Puerto Rico,Senior,Full-time,Remote,Puerto Rico,M,184000.0,71.3,280504.91
2022,Machine Learning Engineer,Machine Learning and AI,USD,135000,135000,Puerto Rico,Senior,Full-time,Remote,Puerto Rico,M,124200.0,71.3,189340.81
2022,Data Engineer,Data Engineering,USD,195700,195700,United States,Senior,Full-time,In-person,United States,M,180044.0,100.0,195700.0
2022,Data Engineer,Data Engineering,USD,130500,130500,United States,Senior,Full-time,In-person,United States,M,120060.0,100.0,130500.0
2022,ML Engineer,Machine Learning and AI,USD,130000,130000,United States,Senior,Full-time,Remote,United States,M,119600.0,100.0,130000.0
2022,ML Engineer,Machine Learning and AI,USD,84000,84000,United States,Senior,Full-time,Remote,United States,M,77280.0,100.0,84000.0
2022,Data Operations Engineer,Data Quality and Operations,USD,100000,100000,United States,Mid-level,Full-time,Remote,United States,M,92000.0,100.0,100000.0
2022,Data Operations Engineer,Data Quality and Operations,USD,60000,60000,United States,Mid-level,Full-time,Remote,United States,M,55200.0,100.0,60000.0
2022,Data Engineer,Data Engineering,GBP,65000,80036,United Kingdom,Mid-level,Full-time,Remote,United Kingdom,M,73633.12,82.7,96778.72
2022,Data Engineer,Data Engineering,GBP,55000,67723,United Kingdom,Mid-level,Full-time,Remote,United Kingdom,M,62305.16,82.7,81889.96
2022,Data Engineer,Data Engineering,USD,141300,141300,United States,Senior,Full-time,In-person,United States,M,129996.0,100.0,141300.0
2022,Data Engineer,Data Engineering,USD,102100,102100,United States,Senior,Full-time,In-person,United States,M,93932.0,100.0,102100.0
2022,Business Data Analyst,Data Analysis,USD,150000,150000,United States,Mid-level,Full-time,Remote,United States,L,138000.0,100.0,150000.0
2022,Data Scientist,Data Science and Research,GBP,83000,102200,United Kingdom,Mid-level,Full-time,Remote,United Kingdom,M,94024.0,82.7,123579.2
2022,Data Analyst,Data Analysis,USD,144000,144000,United States,Senior,Full-time,Remote,United States,M,132480.0,100.0,144000.0
2022,Data Analyst,Data Analysis,USD,113000,113000,United States,Senior,Full-time,Remote,United States,M,103960.0,100.0,113000.0
2022,AI Scientist,Machine Learning and AI,EUR,30000,31520,Portugal,Entry-level,Full-time,Remote,Spain,M,28998.4,62.8,50191.08
2022,Data Architect,Data Architecture and Modeling,USD,195400,195400,United States,Senior,Full-time,Remote,United States,L,179768.0,100.0,195400.0
2022,Data Architect,Data Architecture and Modeling,USD,131300,131300,United States,Senior,Full-time,Remote,United States,L,120796.0,100.0,131300.0
2022,Machine Learning Engineer,Machine Learning and AI,USD,195400,195400,United States,Senior,Full-time,Remote,United States,L,179768.0,100.0,195400.0
2022,Machine Learning Engineer,Machine Learning and AI,USD,131300,131300,United States,Senior,Full-time,Remote,United States,L,120796.0,100.0,131300.0
2022,Data Engineer,Data Engineering,USD,80000,80000,United States,Senior,Full-time,Remote,United States,M,73600.0,100.0,80000.0
2022,NLP Engineer,Machine Learning and AI,USD,60000,60000,India,Mid-level,Contract,Remote,United States,S,55200.0,100.0,60000.0
2022,Machine Learning Engineer,Machine Learning and AI,EUR,60000,63040,Finland,Senior,Full-time,Hybrid,Finland,S,57996.8,83.7,75316.61
2022,Business Data Analyst,Data Analysis,USD,50000,50000,India,Entry-level,Full-time,Remote,American Samoa,L,46000.0,65.2,76687.12
2022,Data Engineer,Data Engineering,USD,105000,105000,United States,Senior,Full-time,Remote,United States,M,96600.0,100.0,105000.0
2022,Analytics Engineer,Leadership and Management,USD,190000,190000,United States,Senior,Full-time,Remote,United States,M,174800.0,100.0,190000.0
2022,Analytics Engineer,Leadership and Management,USD,140000,140000,United States,Senior,Full-time,Remote,United States,M,128800.0,100.0,140000.0
2022,Data Scientist,Data Science and Research,USD,180000,180000,United States,Senior,Full-time,Remote,United States,L,165600.0,100.0,180000.0
2022,Data Scientist,Data Science and Research,USD,165000,165000,United States,Senior,Full-time,Remote,United States,L,151800.0,100.0,165000.0
2022,Applied Machine Learning Scientist,Machine Learning and AI,USD,108000,108000,United States,Senior,Full-time,In-person,United States,L,99360.0,100.0,108000.0
2021,Machine Learning Research Engineer,Data Science and Research,USD,20000,20000,France,Entry-level,Full-time,Hybrid,France,M,18400.0,79.8,25062.66
2022,Data Scientist,Data Science and Research,USD,179400,179400,United States,Senior,Full-time,In-person,United States,M,165048.0,100.0,179400.0
2022,Data Scientist,Data Science and Research,USD,154000,154000,United States,Senior,Full-time,In-person,United States,M,141680.0,100.0,154000.0
2022,Machine Learning Scientist,Machine Learning and AI,USD,193900,193900,United States,Senior,Full-time,In-person,United States,M,178388.0,100.0,193900.0
2022,Machine Learning Scientist,Machine Learning and AI,USD,129300,129300,United States,Senior,Full-time,In-person,United States,M,118956.0,100.0,129300.0
2022,Data Science Manager,Data Science and Research,USD,222640,222640,United States,Executive,Full-time,In-person,United States,M,204828.8,100.0,222640.0
2022,Data Science Manager,Data Science and Research,USD,182160,182160,United States,Executive,Full-time,In-person,United States,M,167587.2,100.0,182160.0
2022,Data Engineer,Data Engineering,USD,150000,150000,United States,Mid-level,Full-time,In-person,United States,M,138000.0,100.0,150000.0
2022,Data Engineer,Data Engineering,USD,100000,100000,United States,Mid-level,Full-time,In-person,United States,M,92000.0,100.0,100000.0
2022,Analytics Engineer,Leadership and Management,USD,122500,122500,United States,Senior,Full-time,Remote,United States,M,112700.0,100.0,122500.0
2022,Analytics Engineer,Leadership and Management,USD,100000,100000,United States,Senior,Full-time,Remote,United States,M,92000.0,100.0,100000.0
2022,Data Engineer,Data Engineering,USD,297500,297500,United States,Executive,Full-time,Remote,United States,M,273700.0,100.0,297500.0
2022,Data Engineer,Data Engineering,USD,260000,260000,United States,Executive,Full-time,Remote,United States,M,239200.0,100.0,260000.0
2021,Machine Learning Developer,Machine Learning and AI,USD,15000,15000,Thailand,Entry-level,Full-time,Remote,Thailand,L,13800.0,38.9,38560.41
2022,Data Engineer,Data Engineering,USD,193000,193000,Spain,Senior,Full-time,Remote,United States,M,177560.0,100.0,193000.0
2022,Data Scientist,Data Science and Research,USD,93000,93000,United States,Entry-level,Full-time,In-person,United States,M,85560.0,100.0,93000.0
2022,Data Scientist,Data Science and Research,USD,73000,73000,United States,Entry-level,Full-time,In-person,United States,M,67160.0,100.0,73000.0
2022,Data Scientist,Data Science and Research,USD,136994,136994,United States,Senior,Full-time,Remote,United States,M,126034.48,100.0,136994.0
2022,Data Scientist,Data Science and Research,USD,101570,101570,United States,Senior,Full-time,Remote,United States,M,93444.4,100.0,101570.0
2022,Director of Data Science,Data Science and Research,EUR,55000,57786,France,Senior,Full-time,Hybrid,France,L,53163.12,79.8,72413.53
2022,Data Analyst,Data Analysis,USD,136000,136000,United States,Mid-level,Full-time,Remote,United States,M,125120.0,100.0,136000.0
2022,Data Analyst,Data Analysis,USD,112000,112000,United States,Mid-level,Full-time,Remote,United States,M,103040.0,100.0,112000.0
2022,Data Scientist,Data Science and Research,USD,172000,172000,United States,Senior,Full-time,Remote,United States,M,158240.0,100.0,172000.0
2022,Data Engineer,Data Engineering,USD,215000,215000,United States,Senior,Full-time,In-person,United States,M,197800.0,100.0,215000.0
2022,Data Engineer,Data Engineering,USD,164000,164000,United States,Senior,Full-time,In-person,United States,M,150880.0,100.0,164000.0
2021,Data Engineer,Data Engineering,GBP,33000,45390,United Kingdom,Entry-level,Full-time,Hybrid,United Kingdom,L,41758.8,82.7,54885.13
2022,Data Analyst,Data Analysis,USD,97500,97500,United States,Mid-level,Full-time,Remote,United States,L,89700.0,100.0,97500.0
2022,Applied Scientist,Data Science and Research,USD,212800,212800,United States,Senior,Full-time,Remote,United States,M,195776.0,100.0,212800.0
2022,Applied Scientist,Data Science and Research,USD,142800,142800,United States,Senior,Full-time,Remote,United States,M,131376.0,100.0,142800.0
2022,Data Scientist,Data Science and Research,EUR,70000,73546,Netherlands,Mid-level,Full-time,Hybrid,Netherlands,L,67662.32,82.6,89038.74
2022,Data Scientist,Data Science and Research,USD,50000,50000,United States,Entry-level,Full-time,Hybrid,Germany,M,46000.0,78.5,63694.27
2022,Data Scientist,Data Science and Research,USD,151800,151800,United States,Senior,Full-time,In-person,United States,M,139656.0,100.0,151800.0
2022,Data Scientist,Data Science and Research,USD,130240,130240,United States,Senior,Full-time,In-person,United States,M,119820.8,100.0,130240.0
2022,Analytics Engineer,Leadership and Management,USD,165000,165000,United States,Senior,Full-time,Remote,United States,M,151800.0,100.0,165000.0
2022,Analytics Engineer,Leadership and Management,USD,140250,140250,United States,Senior,Full-time,Remote,United States,M,129030.0,100.0,140250.0
2022,Data Scientist,Data Science and Research,USD,179400,179400,United States,Senior,Full-time,Remote,United States,M,165048.0,100.0,179400.0
2022,Data Scientist,Data Science and Research,USD,154000,154000,United States,Senior,Full-time,Remote,United States,M,141680.0,100.0,154000.0
2022,Financial Data Analyst,Data Analysis,USD,75000,75000,United States,Mid-level,Full-time,In-person,United States,M,69000.0,100.0,75000.0
2022,Data Engineer,Data Engineering,EUR,80000,84053,Greece,Mid-level,Full-time,Remote,Greece,M,77328.76,56.1,149827.09
2022,Data Engineer,Data Engineering,EUR,70000,73546,Greece,Mid-level,Full-time,Remote,Greece,M,67662.32,56.1,131098.04
2022,Data Engineer,Data Engineering,GBP,80000,98506,United Kingdom,Mid-level,Full-time,Remote,United Kingdom,M,90625.52,82.7,119112.45
2022,Data Engineer,Data Engineering,GBP,70000,86193,United Kingdom,Mid-level,Full-time,Remote,United Kingdom,M,79297.56,82.7,104223.7
2022,Data Engineer,Data Engineering,EUR,80000,84053,Spain,Mid-level,Full-time,Remote,Spain,M,77328.76,62.8,133842.36
2022,Data Engineer,Data Engineering,EUR,70000,73546,Spain,Mid-level,Full-time,Remote,Spain,M,67662.32,62.8,117111.46
2022,Analytics Engineer,Leadership and Management,GBP,83376,102663,United Kingdom,Senior,Full-time,Remote,United Kingdom,M,94449.96,82.7,124139.06
2022,Analytics Engineer,Leadership and Management,GBP,65004,80041,United Kingdom,Senior,Full-time,Remote,United Kingdom,M,73637.72,82.7,96784.76
2022,Data Engineer,Data Engineering,GBP,84958,104611,United Kingdom,Senior,Full-time,Remote,United Kingdom,M,96242.12,82.7,126494.56
2022,Data Engineer,Data Engineering,GBP,66822,82280,United Kingdom,Senior,Full-time,Remote,United Kingdom,M,75697.6,82.7,99492.14
2022,Data Scientist,Data Science and Research,USD,191475,191475,United States,Senior,Full-time,In-person,United States,M,176157.0,100.0,191475.0
2022,Data Scientist,Data Science and Research,USD,141525,141525,United States,Senior,Full-time,In-person,United States,M,130203.0,100.0,141525.0
2022,Data Analyst,Data Analysis,USD,115000,115000,United States,Senior,Full-time,In-person,United States,L,105800.0,100.0,115000.0
2022,Data Scientist,Data Science and Research,EUR,30000,31520,Spain,Entry-level,Full-time,Hybrid,Spain,M,28998.4,62.8,50191.08
2022,Data Operations Analyst,Data Quality and Operations,USD,81000,81000,United States,Senior,Full-time,Remote,United States,M,74520.0,100.0,81000.0
2022,Data Operations Analyst,Data Quality and Operations,USD,66000,66000,United States,Senior,Full-time,Remote,United States,M,60720.0,100.0,66000.0
2022,Data Analyst,Data Analysis,USD,46000,46000,United States,Entry-level,Full-time,Remote,United States,L,42320.0,100.0,46000.0
2022,Data Engineer,Data Engineering,USD,80000,80000,United States,Entry-level,Full-time,Remote,United States,L,73600.0,100.0,80000.0
2022,Machine Learning Scientist,Machine Learning and AI,USD,200000,200000,United States,Executive,Full-time,Remote,United States,S,184000.0,100.0,200000.0
2022,Machine Learning Scientist,Machine Learning and AI,USD,180000,180000,United States,Executive,Full-time,Remote,United States,S,165600.0,100.0,180000.0
2022,AI Scientist,Machine Learning and AI,USD,200000,200000,United States,Executive,Full-time,Remote,United States,S,184000.0,100.0,200000.0
2022,Data Scientist,Data Science and Research,USD,204100,204100,United States,Senior,Full-time,In-person,United States,M,187772.0,100.0,204100.0
2022,Data Scientist,Data Science and Research,USD,136100,136100,United States,Senior,Full-time,In-person,United States,M,125212.0,100.0,136100.0
2022,Analytics Engineer,Leadership and Management,USD,250000,250000,United States,Senior,Full-time,In-person,United States,M,230000.0,100.0,250000.0
2022,Analytics Engineer,Leadership and Management,USD,63000,63000,United States,Senior,Full-time,In-person,United States,M,57960.0,100.0,63000.0
2022,Data Scientist,Data Science and Research,GBP,96000,118208,United Kingdom,Mid-level,Full-time,In-person,United Kingdom,M,108751.36,82.7,142935.91
2022,Data Scientist,Data Science and Research,GBP,90000,110820,United Kingdom,Mid-level,Full-time,In-person,United Kingdom,M,101954.4,82.7,134002.42
2021,Computer Vision Software Engineer,Machine Learning and AI,DKK,120000,19073,Denmark,Entry-level,Part-time,Hybrid,Denmark,L,17547.16,93.1,20486.57
2022,Data Specialist,Data Management and Strategy,USD,95000,95000,United States,Senior,Full-time,Remote,United States,M,87400.0,100.0,95000.0
2022,Data Specialist,Data Management and Strategy,USD,70000,70000,United States,Senior,Full-time,Remote,United States,M,64400.0,100.0,70000.0
2022,Applied Machine Learning Scientist,Machine Learning and AI,USD,75000,75000,Bolivia,Mid-level,Full-time,Remote,United States,M,69000.0,100.0,75000.0
2022,Data Analyst,Data Analysis,USD,113000,113000,United States,Mid-level,Full-time,In-person,United States,L,103960.0,100.0,113000.0
2022,Data Scientist,Data Science and Research,USD,170000,170000,United States,Senior,Full-time,Remote,United States,M,156400.0,100.0,170000.0
2022,Data Analytics Consultant,Leadership and Management,USD,113000,113000,United States,Mid-level,Full-time,Remote,United States,L,103960.0,100.0,113000.0
2022,Product Data Analyst,Data Analysis,USD,140000,140000,United States,Mid-level,Full-time,Remote,United States,M,128800.0,100.0,140000.0
2021,Data Analyst,Data Analysis,USD,50000,50000,Philippines,Senior,Full-time,Remote,Philippines,S,46000.0,28.5,175438.6
2022,BI Data Analyst,Data Analysis,AUD,77000,53368,Australia,Mid-level,Full-time,Remote,Australia,M,49098.56,76.8,69489.58
2022,Lead Data Scientist,Data Science and Research,EUR,28500,29944,Portugal,Senior,Full-time,Hybrid,Portugal,S,27548.48,62.4,47987.18
2022,Data Scientist,Data Science and Research,USD,160000,160000,United States,Senior,Full-time,In-person,United States,L,147200.0,100.0,160000.0
2022,Data Scientist,Data Science and Research,USD,119300,119300,United States,Senior,Full-time,In-person,United States,L,109756.0,100.0,119300.0
2022,Research Scientist,Data Science and Research,USD,145000,145000,United States,Mid-level,Full-time,Hybrid,United States,L,133400.0,100.0,145000.0
2022,Data Engineer,Data Engineering,USD,90000,90000,United States,Senior,Full-time,In-person,United States,M,82800.0,100.0,90000.0
2022,ETL Developer,Data Engineering,USD,146200,146200,United States,Senior,Full-time,Remote,United States,M,134504.0,100.0,146200.0
2022,ETL Developer,Data Engineering,USD,124270,124270,United States,Senior,Full-time,Remote,United States,M,114328.4,100.0,124270.0
2022,Data Scientist,Data Science and Research,USD,225000,225000,United States,Mid-level,Full-time,In-person,United States,M,207000.0,100.0,225000.0
2022,Data Scientist,Data Science and Research,USD,160000,160000,United States,Mid-level,Full-time,In-person,United States,M,147200.0,100.0,160000.0
2022,Data Scientist,Data Science and Research,EUR,52000,54634,Netherlands,Mid-level,Full-time,Remote,Netherlands,S,50263.28,82.6,66142.86
2022,Data Engineer,Data Engineering,USD,185800,185800,Canada,Senior,Full-time,Remote,Canada,M,170936.0,79.3,234300.13
2022,Data Engineer,Data Engineering,USD,137400,137400,Canada,Senior,Full-time,Remote,Canada,M,126408.0,79.3,173266.08
2022,Analytics Engineer,Leadership and Management,USD,245000,245000,United States,Senior,Full-time,In-person,United States,M,225400.0,100.0,245000.0
2022,Analytics Engineer,Leadership and Management,USD,180000,180000,United States,Senior,Full-time,In-person,United States,M,165600.0,100.0,180000.0
2022,Analytics Engineer,Leadership and Management,USD,203500,203500,United States,Senior,Full-time,In-person,United States,M,187220.0,100.0,203500.0
2022,Analytics Engineer,Leadership and Management,USD,152000,152000,United States,Senior,Full-time,In-person,United States,M,139840.0,100.0,152000.0
2022,Data Engineer,Data Engineering,USD,250000,250000,United States,Senior,Full-time,In-person,United States,M,230000.0,100.0,250000.0
2022,Data Engineer,Data Engineering,USD,63000,63000,United States,Senior,Full-time,In-person,United States,M,57960.0,100.0,63000.0
2022,Machine Learning Infrastructure Engineer,Machine Learning and AI,USD,186000,186000,United States,Senior,Full-time,Remote,United States,M,171120.0,100.0,186000.0
2022,Machine Learning Infrastructure Engineer,Machine Learning and AI,USD,148800,148800,United States,Senior,Full-time,Remote,United States,M,136896.0,100.0,148800.0
2022,Machine Learning Engineer,Machine Learning and AI,GBP,104000,128058,United Kingdom,Mid-level,Full-time,Hybrid,United Kingdom,L,117813.36,82.7,154846.43
2022,Data Scientist,Data Science and Research,USD,82000,82000,United States,Entry-level,Full-time,In-person,United States,L,75440.0,100.0,82000.0
2022,Data Scientist,Data Science and Research,USD,110000,110000,Dominican Republic,Entry-level,Part-time,Remote,France,M,101200.0,79.8,137844.61
2022,Applied Machine Learning Scientist,Machine Learning and AI,USD,173000,173000,United States,Mid-level,Full-time,Hybrid,United States,M,159160.0,100.0,173000.0
2022,Machine Learning Engineer,Machine Learning and AI,USD,186000,186000,United States,Senior,Full-time,Remote,United States,M,171120.0,100.0,186000.0
2022,Machine Learning Engineer,Machine Learning and AI,USD,148800,148800,United States,Senior,Full-time,Remote,United States,M,136896.0,100.0,148800.0
2022,Data Science Manager,Data Science and Research,USD,158000,158000,United States,Mid-level,Full-time,Remote,United States,M,145360.0,100.0,158000.0
2022,Data Science Manager,Data Science and Research,USD,134000,134000,United States,Mid-level,Full-time,Remote,United States,M,123280.0,100.0,134000.0
2022,Analytics Engineer,Leadership and Management,USD,200000,200000,United States,Executive,Full-time,Remote,United States,M,184000.0,100.0,200000.0
2022,Analytics Engineer,Leadership and Management,USD,150000,150000,United States,Executive,Full-time,Remote,United States,M,138000.0,100.0,150000.0
2022,Data Analyst,Data Analysis,USD,216200,216200,United States,Senior,Full-time,In-person,United States,M,198904.0,100.0,216200.0
2022,Data Analyst,Data Analysis,USD,144100,144100,United States,Senior,Full-time,In-person,United States,M,132572.0,100.0,144100.0
2022,Data Scientist,Data Science and Research,EUR,110000,115573,Netherlands,Mid-level,Full-time,In-person,Netherlands,M,106327.16,82.6,139918.89
2022,Data Scientist,Data Science and Research,EUR,85000,89306,Netherlands,Mid-level,Full-time,In-person,Netherlands,M,82161.52,82.6,108118.64
2022,ETL Developer,Data Engineering,USD,250000,250000,United States,Senior,Full-time,In-person,United States,M,230000.0,100.0,250000.0
2022,ETL Developer,Data Engineering,USD,63000,63000,United States,Senior,Full-time,In-person,United States,M,57960.0,100.0,63000.0
2022,Machine Learning Engineer,Machine Learning and AI,USD,135000,135000,United States,Senior,Full-time,Remote,United States,M,124200.0,100.0,135000.0
2022,Machine Learning Engineer,Machine Learning and AI,USD,85000,85000,United States,Senior,Full-time,Remote,United States,M,78200.0,100.0,85000.0
2022,Data Science Manager,Data Science and Research,USD,206000,206000,United States,Senior,Full-time,Remote,United States,M,189520.0,100.0,206000.0
2022,Data Science Manager,Data Science and Research,USD,175100,175100,United States,Senior,Full-time,Remote,United States,M,161092.0,100.0,175100.0
2022,Machine Learning Engineer,Machine Learning and AI,USD,189650,189650,United States,Senior,Full-time,In-person,United States,M,174478.0,100.0,189650.0
2022,Machine Learning Engineer,Machine Learning and AI,USD,164996,164996,United States,Senior,Full-time,In-person,United States,M,151796.32,100.0,164996.0
2022,Data Engineer,Data Engineering,USD,154000,154000,United States,Senior,Full-time,Remote,United States,M,141680.0,100.0,154000.0
2022,Data Engineer,Data Engineering,USD,126000,126000,United States,Senior,Full-time,Remote,United States,M,115920.0,100.0,126000.0
2022,Machine Learning Engineer,Machine Learning and AI,USD,200000,200000,United States,Senior,Full-time,Remote,United States,L,184000.0,100.0,200000.0
2022,Machine Learning Engineer,Machine Learning and AI,USD,150000,150000,United States,Senior,Full-time,Remote,United States,L,138000.0,100.0,150000.0
2022,Analytics Engineer,Leadership and Management,USD,135000,135000,United States,Senior,Full-time,Remote,United States,M,124200.0,100.0,135000.0
2022,Data Engineer,Data Engineering,GBP,80000,98506,United Kingdom,Mid-level,Full-time,In-person,United Kingdom,M,90625.52,82.7,119112.45
2022,Data Engineer,Data Engineering,GBP,60000,73880,United Kingdom,Mid-level,Full-time,In-person,United Kingdom,M,67969.6,82.7,89334.95
2022,Data Analyst,Data Analysis,USD,117000,117000,United States,Senior,Full-time,Remote,United States,M,107640.0,100.0,117000.0
2022,Data Analyst,Data Analysis,USD,99450,99450,United States,Senior,Full-time,Remote,United States,M,91494.0,100.0,99450.0
2022,Data Engineer,Data Engineering,USD,200000,200000,Puerto Rico,Senior,Full-time,Remote,Puerto Rico,M,184000.0,71.3,280504.91
2022,Data Engineer,Data Engineering,USD,135000,135000,Puerto Rico,Senior,Full-time,Remote,Puerto Rico,M,124200.0,71.3,189340.81
2022,Machine Learning Engineer,Machine Learning and AI,USD,193900,193900,United States,Senior,Full-time,In-person,United States,M,178388.0,100.0,193900.0
2022,Machine Learning Engineer,Machine Learning and AI,USD,129300,129300,United States,Senior,Full-time,In-person,United States,M,118956.0,100.0,129300.0
2022,Machine Learning Engineer,Machine Learning and AI,GBP,45000,55410,United Kingdom,Entry-level,Full-time,Remote,United Kingdom,S,50977.2,82.7,67001.21
2022,Data Analyst,Data Analysis,GBP,70000,86193,United Kingdom,Senior,Full-time,In-person,United Kingdom,M,79297.56,82.7,104223.7
2022,Data Analyst,Data Analysis,GBP,50000,61566,United Kingdom,Senior,Full-time,In-person,United Kingdom,M,56640.72,82.7,74444.98
2022,Data Analyst,Data Analysis,USD,175000,175000,United States,Senior,Full-time,Remote,United States,M,161000.0,100.0,175000.0
2022,Data Analyst,Data Analysis,USD,130000,130000,United States,Senior,Full-time,Remote,United States,M,119600.0,100.0,130000.0
2022,Data Engineer,Data Engineering,USD,188100,188100,United States,Senior,Full-time,In-person,United States,M,173052.0,100.0,188100.0
2022,Data Engineer,Data Engineering,USD,139860,139860,United States,Senior,Full-time,In-person,United States,M,128671.2,100.0,139860.0
2022,Machine Learning Engineer,Machine Learning and AI,USD,248700,248700,United States,Senior,Full-time,In-person,United States,M,228804.0,100.0,248700.0
2022,Machine Learning Engineer,Machine Learning and AI,USD,167100,167100,United States,Senior,Full-time,In-person,United States,M,153732.0,100.0,167100.0
2022,BI Data Analyst,Data Analysis,EUR,48000,50432,Germany,Mid-level,Full-time,Remote,Germany,S,46397.44,78.5,64244.59
2022,Data Scientist,Data Science and Research,USD,205000,205000,United States,Senior,Full-time,In-person,United States,M,188600.0,100.0,205000.0
2022,Data Architect,Data Architecture and Modeling,USD,141300,141300,United States,Senior,Full-time,In-person,United States,M,129996.0,100.0,141300.0
2022,Data Architect,Data Architecture and Modeling,USD,102100,102100,United States,Senior,Full-time,In-person,United States,M,93932.0,100.0,102100.0
2022,Data Analyst,Data Analysis,USD,50000,50000,Argentina,Entry-level,Full-time,Remote,Argentina,L,46000.0,29.1,171821.31
2022,Data Scientist,Data Science and Research,EUR,80000,84053,Belgium,Entry-level,Full-time,Remote,Belgium,L,77328.76,76.1,110450.72
2022,Lead Data Scientist,Data Science and Research,GBP,50000,61566,United Kingdom,Mid-level,Full-time,Hybrid,United Kingdom,S,56640.72,82.7,74444.98
2022,Data Architect,Data Architecture and Modeling,USD,250000,250000,United States,Senior,Full-time,In-person,United States,M,230000.0,100.0,250000.0
2022,Data Architect,Data Architecture and Modeling,USD,63000,63000,United States,Senior,Full-time,In-person,United States,M,57960.0,100.0,63000.0
2022,Data Science Manager,Data Science and Research,USD,189500,189500,United States,Senior,Full-time,Remote,United States,L,174340.0,100.0,189500.0
2022,Data Science Manager,Data Science and Research,USD,140100,140100,United States,Senior,Full-time,Remote,United States,L,128892.0,100.0,140100.0
2022,Data Engineer,Data Engineering,USD,177600,177600,United States,Senior,Full-time,Remote,United States,L,163392.0,100.0,177600.0
2022,Data Engineer,Data Engineering,USD,131300,131300,United States,Senior,Full-time,Remote,United States,L,120796.0,100.0,131300.0
2022,Data Engineer,Data Engineering,USD,24000,24000,United States,Mid-level,Full-time,In-person,United States,M,22080.0,100.0,24000.0
2022,Machine Learning Engineer,Machine Learning and AI,USD,202900,202900,United States,Senior,Full-time,Remote,United States,L,186668.0,100.0,202900.0
2022,Data Engineer,Data Engineering,USD,115000,115000,United States,Senior,Full-time,Remote,United States,M,105800.0,100.0,115000.0
2022,Machine Learning Engineer,Machine Learning and AI,USD,115000,115000,United States,Entry-level,Full-time,Hybrid,United States,L,105800.0,100.0,115000.0
2022,Machine Learning Engineer,Machine Learning and AI,USD,193900,193900,United States,Mid-level,Full-time,In-person,United States,M,178388.0,100.0,193900.0
2022,Machine Learning Engineer,Machine Learning and AI,USD,129300,129300,United States,Mid-level,Full-time,In-person,United States,M,118956.0,100.0,129300.0
2022,Data Scientist,Data Science and Research,USD,140000,140000,United States,Senior,Full-time,Remote,United States,L,128800.0,100.0,140000.0
2022,Data Analyst,Data Analysis,USD,216200,216200,United States,Mid-level,Full-time,In-person,United States,M,198904.0,100.0,216200.0
2022,Data Analyst,Data Analysis,USD,144100,144100,United States,Mid-level,Full-time,In-person,United States,M,132572.0,100.0,144100.0
2022,Machine Learning Scientist,Machine Learning and AI,USD,216000,216000,United States,Senior,Full-time,In-person,United States,M,198720.0,100.0,216000.0
2022,Machine Learning Scientist,Machine Learning and AI,USD,144000,144000,United States,Senior,Full-time,In-person,United States,M,132480.0,100.0,144000.0
2022,Data Analyst,Data Analysis,USD,150000,150000,United States,Entry-level,Full-time,Remote,United States,L,138000.0,100.0,150000.0
2022,Applied Data Scientist,Data Science and Research,USD,50000,50000,Austria,Entry-level,Full-time,Hybrid,Austria,M,46000.0,73.5,68027.21
2021,Cloud Data Architect,Data Architecture and Modeling,USD,250000,250000,United States,Senior,Full-time,Hybrid,United States,L,230000.0,100.0,250000.0
2022,Research Scientist,Data Science and Research,EUR,80000,84053,Netherlands,Executive,Full-time,In-person,Netherlands,L,77328.76,82.6,101759.08
2022,Data Scientist,Data Science and Research,GBP,107000,131752,United Kingdom,Mid-level,Full-time,Remote,United Kingdom,M,121211.84,82.7,159313.18
2022,Analytics Engineer,Leadership and Management,USD,48000,48000,Argentina,Senior,Full-time,Remote,United States,S,44160.0,100.0,48000.0
2022,Data Science Manager,Data Science and Research,USD,260500,260500,United States,Executive,Full-time,In-person,United States,M,239660.0,100.0,260500.0
2022,Data Science Manager,Data Science and Research,USD,175100,175100,United States,Executive,Full-time,In-person,United States,M,161092.0,100.0,175100.0
2022,Data Analyst,Data Analysis,USD,55000,55000,United States,Entry-level,Full-time,Remote,United States,S,50600.0,100.0,55000.0
2022,Data Analyst,Data Analysis,USD,130000,130000,United States,Mid-level,Full-time,Remote,United States,M,119600.0,100.0,130000.0
2022,Applied Machine Learning Scientist,Machine Learning and AI,EUR,73400,77119,France,Senior,Full-time,Remote,United Kingdom,L,70949.48,82.7,93251.51
2022,Data Scientist,Data Science and Research,EUR,49500,52008,Belgium,Entry-level,Full-time,Hybrid,Belgium,S,47847.36,76.1,68341.66
2022,Data Engineer,Data Engineering,USD,206699,206699,United States,Senior,Full-time,In-person,United States,M,190163.08,100.0,206699.0
2022,Data Engineer,Data Engineering,USD,99100,99100,United States,Senior,Full-time,In-person,United States,M,91172.0,100.0,99100.0
2022,Analytics Engineer,Leadership and Management,USD,200000,200000,United States,Mid-level,Full-time,In-person,United States,M,184000.0,100.0,200000.0
2022,Analytics Engineer,Leadership and Management,USD,54000,54000,United States,Mid-level,Full-time,In-person,United States,M,49680.0,100.0,54000.0
2022,Analytics Engineer,Leadership and Management,USD,130000,130000,United States,Entry-level,Full-time,Hybrid,United States,L,119600.0,100.0,130000.0
2022,Data Engineer,Data Engineering,USD,100000,100000,United States,Senior,Full-time,In-person,United States,L,92000.0,100.0,100000.0
2022,Data Engineer,Data Engineering,USD,80000,80000,United States,Senior,Full-time,In-person,United States,L,73600.0,100.0,80000.0
2022,Data Scientist,Data Science and Research,USD,100000,100000,United States,Senior,Full-time,In-person,United States,L,92000.0,100.0,100000.0
2022,Data Specialist,Data Management and Strategy,USD,221300,221300,United States,Senior,Full-time,Remote,United States,L,203596.0,100.0,221300.0
2022,Data Specialist,Data Management and Strategy,USD,148700,148700,United States,Senior,Full-time,Remote,United States,L,136804.0,100.0,148700.0
2022,Machine Learning Engineer,Machine Learning and AI,USD,30000,30000,United Kingdom,Entry-level,Full-time,Remote,United Kingdom,L,27600.0,82.7,36275.7
2022,Data Analyst,Data Analysis,EUR,27000,28368,France,Entry-level,Full-time,Hybrid,France,M,26098.56,79.8,35548.87
2022,Data Engineer,Data Engineering,GBP,74000,91118,United Kingdom,Mid-level,Full-time,In-person,United Kingdom,M,83828.56,82.7,110178.96
2022,Data Engineer,Data Engineering,GBP,50000,61566,United Kingdom,Mid-level,Full-time,In-person,United Kingdom,M,56640.72,82.7,74444.98
2022,Data Scientist,Data Science and Research,EUR,58000,60938,Germany,Mid-level,Full-time,Remote,Germany,S,56062.96,78.5,77628.03
2022,Data Science Manager,Data Science and Research,USD,249260,249260,United States,Senior,Full-time,In-person,United States,M,229319.2,100.0,249260.0
2022,Data Science Manager,Data Science and Research,USD,185400,185400,United States,Senior,Full-time,In-person,United States,M,170568.0,100.0,185400.0
2022,Data Scientist,Data Science and Research,GBP,65000,80036,United Kingdom,Mid-level,Full-time,Hybrid,United Kingdom,M,73633.12,82.7,96778.72
2022,Data Analyst,Data Analysis,USD,128875,128875,United States,Senior,Full-time,Remote,United States,M,118565.0,100.0,128875.0
2022,Data Analyst,Data Analysis,USD,93700,93700,United States,Senior,Full-time,Remote,United States,M,86204.0,100.0,93700.0
2022,Machine Learning Engineer,Machine Learning and AI,USD,100000,100000,United States,Senior,Full-time,Remote,United States,M,92000.0,100.0,100000.0
2022,Data Analyst,Data Analysis,USD,136260,136260,United States,Senior,Full-time,Remote,United States,M,125359.2,100.0,136260.0
2022,Data Analyst,Data Analysis,USD,109280,109280,United States,Senior,Full-time,Remote,United States,M,100537.6,100.0,109280.0
2022,Data Scientist,Data Science and Research,USD,160000,160000,United States,Senior,Full-time,Remote,United States,L,147200.0,100.0,160000.0
2022,Data Scientist,Data Science and Research,USD,92000,92000,United States,Senior,Full-time,Remote,United States,L,84640.0,100.0,92000.0
2022,Data Engineer,Data Engineering,GBP,110000,135446,United Kingdom,Mid-level,Full-time,In-person,United Kingdom,M,124610.32,82.7,163779.93
2022,Data Engineer,Data Engineering,GBP,85000,104663,United Kingdom,Mid-level,Full-time,In-person,United Kingdom,M,96289.96,82.7,126557.44
2022,Data Engineer,Data Engineering,USD,129000,129000,United States,Entry-level,Full-time,Remote,United States,L,118680.0,100.0,129000.0
2022,Data Engineer,Data Engineering,USD,86000,86000,United States,Entry-level,Full-time,Remote,United States,L,79120.0,100.0,86000.0
2022,Business Data Analyst,Data Analysis,USD,100000,100000,United States,Senior,Full-time,Remote,United States,L,92000.0,100.0,100000.0
2022,Data Scientist,Data Science and Research,USD,25000,25000,Turkey,Mid-level,Full-time,Hybrid,Turkey,M,23000.0,30.9,80906.15
2022,Data Analyst,Data Analysis,SGD,90000,65257,Singapore,Mid-level,Full-time,Hybrid,Singapore,M,60036.44,84.2,77502.38
2022,AI Scientist,Machine Learning and AI,USD,200000,200000,United States,Mid-level,Full-time,Remote,United States,M,184000.0,100.0,200000.0
2022,Machine Learning Developer,Machine Learning and AI,USD,180000,180000,United States,Entry-level,Full-time,Remote,United States,L,165600.0,100.0,180000.0
2022,Data Scientist,Data Science and Research,USD,153000,153000,United States,Mid-level,Full-time,Remote,United States,L,140760.0,100.0,153000.0
2022,Data Analyst,Data Analysis,USD,150075,150075,United States,Senior,Full-time,Remote,United States,M,138069.0,100.0,150075.0
2022,Data Analyst,Data Analysis,USD,110925,110925,United States,Senior,Full-time,Remote,United States,M,102051.0,100.0,110925.0
2022,Machine Learning Scientist,Machine Learning and AI,USD,22800,22800,Egypt,Mid-level,Full-time,Remote,Egypt,M,20976.0,25.3,90118.58
2020,Data Analyst,Data Analysis,EUR,20000,22809,Portugal,Entry-level,Full-time,Remote,Portugal,M,20984.28,62.4,36552.88
2022,Data Analyst,Data Analysis,USD,15000,15000,Indonesia,Entry-level,Full-time,In-person,Indonesia,L,13800.0,26.0,57692.31
2022,Data Science Manager,Data Science and Research,AUD,193000,133766,Australia,Senior,Full-time,Remote,Australia,L,123064.72,76.8,174174.48
2022,Machine Learning Engineer,Machine Learning and AI,USD,83000,83000,United States,Entry-level,Full-time,In-person,United States,L,76360.0,100.0,83000.0
2022,Data Scientist,Data Science and Research,USD,186000,186000,United States,Senior,Full-time,In-person,United States,M,171120.0,100.0,186000.0
2022,Data Scientist,Data Science and Research,USD,148800,148800,United States,Senior,Full-time,In-person,United States,M,136896.0,100.0,148800.0
2022,Data Analyst,Data Analysis,USD,112900,112900,United States,Senior,Full-time,In-person,United States,M,103868.0,100.0,112900.0
2022,Data Analyst,Data Analysis,USD,90320,90320,United States,Senior,Full-time,In-person,United States,M,83094.4,100.0,90320.0
2022,ML Engineer,Machine Learning and AI,USD,240000,240000,United States,Senior,Full-time,In-person,United States,M,220800.0,100.0,240000.0
2022,ML Engineer,Machine Learning and AI,USD,160000,160000,United States,Senior,Full-time,In-person,United States,M,147200.0,100.0,160000.0
2022,Data Science Manager,Data Science and Research,USD,300000,300000,United States,Senior,Full-time,Remote,United States,M,276000.0,100.0,300000.0
2022,Data Science Manager,Data Science and Research,USD,200000,200000,United States,Senior,Full-time,Remote,United States,M,184000.0,100.0,200000.0
2022,Data Engineer,Data Engineering,EUR,62500,65666,Germany,Mid-level,Full-time,Hybrid,Germany,S,60412.72,78.5,83650.96
2022,AI Scientist,Machine Learning and AI,USD,200000,200000,India,Mid-level,Full-time,Remote,United States,L,184000.0,100.0,200000.0
2022,Machine Learning Engineer,Machine Learning and AI,GBP,95000,116976,United Kingdom,Mid-level,Full-time,In-person,United Kingdom,M,107617.92,82.7,141446.19
2022,Machine Learning Engineer,Machine Learning and AI,GBP,75000,92350,United Kingdom,Mid-level,Full-time,In-person,United Kingdom,M,84962.0,82.7,111668.68
2022,AI Scientist,Machine Learning and AI,USD,120000,120000,United States,Mid-level,Full-time,In-person,United States,M,110400.0,100.0,120000.0
2022,Data Analyst,Data Analysis,USD,112900,112900,United States,Senior,Full-time,Remote,United States,M,103868.0,100.0,112900.0
2022,Data Analyst,Data Analysis,USD,90320,90320,United States,Senior,Full-time,Remote,United States,M,83094.4,100.0,90320.0
2022,Data Analytics Manager,Leadership and Management,USD,145000,145000,United States,Senior,Full-time,Remote,United States,M,133400.0,100.0,145000.0
2022,Data Analytics Manager,Leadership and Management,USD,105400,105400,United States,Senior,Full-time,Remote,United States,M,96968.0,100.0,105400.0
2020,Data Scientist,Data Science and Research,EUR,43200,49268,Germany,Entry-level,Full-time,In-person,Germany,S,45326.56,78.5,62761.78
2022,Data Scientist,Data Science and Research,USD,215300,215300,United States,Senior,Full-time,Remote,United States,L,198076.0,100.0,215300.0
2022,Data Scientist,Data Science and Research,USD,158200,158200,United States,Senior,Full-time,Remote,United States,L,145544.0,100.0,158200.0
2022,Data Engineer,Data Engineering,USD,209100,209100,United States,Senior,Full-time,Remote,United States,L,192372.0,100.0,209100.0
2022,Data Engineer,Data Engineering,USD,154600,154600,United States,Senior,Full-time,Remote,United States,L,142232.0,100.0,154600.0
2022,Data Analyst,Data Analysis,USD,115934,115934,United States,Senior,Full-time,In-person,United States,M,106659.28,100.0,115934.0
2022,Data Analyst,Data Analysis,USD,81666,81666,United States,Senior,Full-time,In-person,United States,M,75132.72,100.0,81666.0
2022,Data Engineer,Data Engineering,USD,155000,155000,United States,Senior,Full-time,Remote,United States,M,142600.0,100.0,155000.0
2022,Machine Learning Engineer,Machine Learning and AI,EUR,80000,84053,France,Mid-level,Full-time,Remote,Germany,M,77328.76,78.5,107073.89
2022,Data Analyst,Data Analysis,USD,164000,164000,United States,Senior,Full-time,In-person,United States,M,150880.0,100.0,164000.0
2022,Data Analyst,Data Analysis,USD,132000,132000,United States,Senior,Full-time,In-person,United States,M,121440.0,100.0,132000.0
2022,Data Scientist,Data Science and Research,USD,123000,123000,United States,Senior,Full-time,Remote,United States,M,113160.0,100.0,123000.0
2022,ETL Developer,Data Engineering,EUR,50000,52533,Greece,Mid-level,Full-time,In-person,Greece,M,48330.36,56.1,93641.71
2022,Lead Data Engineer,Data Engineering,CAD,150000,115222,Canada,Executive,Full-time,Remote,Canada,S,106004.24,79.3,145298.87
2022,Data Engineer,Data Engineering,USD,165400,165400,United States,Senior,Full-time,Remote,United States,M,152168.0,100.0,165400.0
2022,Data Engineer,Data Engineering,USD,132320,132320,United States,Senior,Full-time,Remote,United States,M,121734.4,100.0,132320.0
2022,Data Architect,Data Architecture and Modeling,USD,208775,208775,United States,Senior,Full-time,Remote,United States,M,192073.0,100.0,208775.0
2022,Data Architect,Data Architecture and Modeling,USD,147800,147800,United States,Senior,Full-time,Remote,United States,M,135976.0,100.0,147800.0
2022,Data Engineer,Data Engineering,USD,136994,136994,United States,Senior,Full-time,Remote,United States,M,126034.48,100.0,136994.0
2022,Data Engineer,Data Engineering,USD,101570,101570,United States,Senior,Full-time,Remote,United States,M,93444.4,100.0,101570.0
2022,Machine Learning Engineer,Machine Learning and AI,GBP,28500,35093,United Kingdom,Entry-level,Full-time,Remote,United Kingdom,L,32285.56,82.7,42434.1
2022,Data Engineer,Data Engineering,USD,183600,183600,United States,Senior,Full-time,Remote,United States,L,168912.0,100.0,183600.0
2022,Data Engineer,Data Engineering,USD,100800,100800,United States,Senior,Full-time,Remote,United States,L,92736.0,100.0,100800.0
2022,Data Analyst,Data Analysis,GBP,40000,49253,United Kingdom,Mid-level,Full-time,Remote,United Kingdom,M,45312.76,82.7,59556.23
2022,Data Analyst,Data Analysis,GBP,30000,36940,United Kingdom,Mid-level,Full-time,Remote,United Kingdom,M,33984.8,82.7,44667.47
2022,Data Analyst,Data Analysis,EUR,40000,42026,Spain,Mid-level,Full-time,Remote,Spain,M,38663.92,62.8,66920.38
2022,Data Analyst,Data Analysis,EUR,30000,31520,Spain,Mid-level,Full-time,Remote,Spain,M,28998.4,62.8,50191.08
2022,Data Analyst,Data Analysis,EUR,40000,42026,Greece,Mid-level,Full-time,Remote,Greece,M,38663.92,56.1,74912.66
2022,Data Analyst,Data Analysis,EUR,30000,31520,Greece,Mid-level,Full-time,Remote,Greece,M,28998.4,56.1,56185.38
2022,Data Scientist,Data Science and Research,USD,215300,215300,United States,Senior,Full-time,In-person,United States,L,198076.0,100.0,215300.0
2022,Data Scientist,Data Science and Research,USD,140400,140400,United States,Senior,Full-time,In-person,United States,L,129168.0,100.0,140400.0
2022,Data Engineer,Data Engineering,EUR,60000,63040,Spain,Mid-level,Full-time,Remote,Spain,M,57996.8,62.8,100382.17
2022,Data Engineer,Data Engineering,EUR,45000,47280,Spain,Mid-level,Full-time,Remote,Spain,M,43497.6,62.8,75286.62
2022,Data Scientist,Data Science and Research,USD,260000,260000,United States,Senior,Full-time,Remote,United States,M,239200.0,100.0,260000.0
2022,Data Scientist,Data Science and Research,GBP,35000,43096,United Kingdom,Mid-level,Full-time,In-person,United Kingdom,M,39648.32,82.7,52111.25
2022,Data Engineer,Data Engineering,EUR,60000,63040,Greece,Mid-level,Full-time,Remote,Greece,M,57996.8,56.1,112370.77
2022,Data Engineer,Data Engineering,EUR,45000,47280,Greece,Mid-level,Full-time,Remote,Greece,M,43497.6,56.1,84278.07
2022,Data Engineer,Data Engineering,GBP,45000,55410,United Kingdom,Mid-level,Full-time,Remote,United Kingdom,M,50977.2,82.7,67001.21
2021,Machine Learning Engineer,Machine Learning and AI,EUR,43200,51064,Italy,Mid-level,Full-time,Hybrid,Italy,L,46978.88,68.4,74654.97
2022,Data Science Engineer,Data Science and Research,USD,60000,60000,Argentina,Senior,Full-time,Remote,Mexico,L,55200.0,33.5,179104.48
2022,Data Engineer,Data Engineering,USD,82900,82900,United States,Mid-level,Full-time,In-person,United States,M,76268.0,100.0,82900.0
2022,Data Engineer,Data Engineering,USD,63900,63900,United States,Mid-level,Full-time,In-person,United States,M,58788.0,100.0,63900.0
2022,Machine Learning Scientist,Machine Learning and AI,USD,160000,160000,United States,Mid-level,Full-time,Remote,United States,L,147200.0,100.0,160000.0
2022,Machine Learning Scientist,Machine Learning and AI,USD,112300,112300,United States,Mid-level,Full-time,Remote,United States,L,103316.0,100.0,112300.0
2022,Data Science Manager,Data Science and Research,USD,241000,241000,United States,Mid-level,Full-time,Remote,United States,M,221720.0,100.0,241000.0
2022,Data Science Manager,Data Science and Research,USD,159000,159000,United States,Mid-level,Full-time,Remote,United States,M,146280.0,100.0,159000.0
2022,Data Scientist,Data Science and Research,USD,80000,80000,United States,Senior,Full-time,In-person,United States,M,73600.0,100.0,80000.0
2022,Data Analyst,Data Analysis,USD,58000,58000,United States,Mid-level,Full-time,In-person,United States,S,53360.0,100.0,58000.0
2022,Data Engineer,Data Engineering,USD,136000,136000,United States,Senior,Full-time,In-person,United States,M,125120.0,100.0,136000.0
2022,Data Engineer,Data Engineering,USD,108800,108800,United States,Senior,Full-time,In-person,United States,M,100096.0,100.0,108800.0
2022,Data Engineer,Data Engineering,USD,242000,242000,United States,Executive,Full-time,Remote,United States,M,222640.0,100.0,242000.0
2022,Data Engineer,Data Engineering,USD,200000,200000,United States,Executive,Full-time,Remote,United States,M,184000.0,100.0,200000.0
2022,Data Scientist,Data Science and Research,GBP,50000,61566,United Kingdom,Mid-level,Full-time,In-person,United Kingdom,M,56640.72,82.7,74444.98
2022,Data Scientist,Data Science and Research,GBP,30000,36940,United Kingdom,Mid-level,Full-time,In-person,United Kingdom,M,33984.8,82.7,44667.47
2022,Data Engineer,Data Engineering,GBP,40000,49253,United Kingdom,Mid-level,Full-time,In-person,United Kingdom,M,45312.76,82.7,59556.23
2022,Data Scientist,Data Science and Research,USD,165220,165220,United States,Senior,Full-time,Remote,United States,M,152002.4,100.0,165220.0
2022,Data Scientist,Data Science and Research,USD,120160,120160,United States,Senior,Full-time,Remote,United States,M,110547.2,100.0,120160.0
2022,Data Analyst,Data Analysis,USD,124190,124190,United States,Senior,Full-time,Remote,United States,M,114254.8,100.0,124190.0
2022,Data Engineer,Data Engineering,USD,181940,181940,United States,Senior,Full-time,In-person,United States,M,167384.8,100.0,181940.0
2022,Data Engineer,Data Engineering,USD,132320,132320,United States,Senior,Full-time,In-person,United States,M,121734.4,100.0,132320.0
2022,Data Engineer,Data Engineering,USD,220110,220110,United States,Senior,Full-time,In-person,United States,M,202501.2,100.0,220110.0
2022,Data Engineer,Data Engineering,USD,160080,160080,United States,Senior,Full-time,In-person,United States,M,147273.6,100.0,160080.0
2022,Data Scientist,Data Science and Research,USD,180000,180000,United States,Senior,Full-time,In-person,United States,L,165600.0,100.0,180000.0
2022,Data Scientist,Data Science and Research,USD,120000,120000,United States,Senior,Full-time,In-person,United States,L,110400.0,100.0,120000.0
2022,Data Analyst,Data Analysis,USD,126500,126500,United States,Mid-level,Full-time,In-person,United States,M,116380.0,100.0,126500.0
2022,Data Analyst,Data Analysis,USD,106260,106260,United States,Mid-level,Full-time,In-person,United States,M,97759.2,100.0,106260.0
2022,Data Analyst,Data Analysis,USD,116000,116000,United States,Senior,Full-time,In-person,United States,M,106720.0,100.0,116000.0
2022,Data Analyst,Data Analysis,USD,155000,155000,United States,Senior,Full-time,Remote,United States,M,142600.0,100.0,155000.0
2022,Data Analyst,Data Analysis,USD,120600,120600,United States,Senior,Full-time,Remote,United States,M,110952.0,100.0,120600.0
2022,Data Scientist,Data Science and Research,USD,130000,130000,United States,Mid-level,Full-time,In-person,United States,M,119600.0,100.0,130000.0
2022,Data Scientist,Data Science and Research,USD,90000,90000,United States,Mid-level,Full-time,In-person,United States,M,82800.0,100.0,90000.0
2022,Data Engineer,Data Engineering,USD,170000,170000,United States,Mid-level,Full-time,Remote,United States,M,156400.0,100.0,170000.0
2022,Data Analyst,Data Analysis,USD,102100,102100,United States,Senior,Full-time,Remote,United States,M,93932.0,100.0,102100.0
2022,Data Analyst,Data Analysis,USD,84900,84900,United States,Senior,Full-time,Remote,United States,M,78108.0,100.0,84900.0
2022,Data Scientist,Data Science and Research,USD,136620,136620,United States,Senior,Full-time,Remote,United States,M,125690.4,100.0,136620.0
2022,Data Scientist,Data Science and Research,USD,99360,99360,United States,Senior,Full-time,Remote,United States,M,91411.2,100.0,99360.0
2022,Data Scientist,Data Science and Research,GBP,90000,110820,United Kingdom,Senior,Full-time,In-person,United Kingdom,M,101954.4,82.7,134002.42
2022,Data Scientist,Data Science and Research,GBP,80000,98506,United Kingdom,Senior,Full-time,In-person,United Kingdom,M,90625.52,82.7,119112.45
2022,Data Scientist,Data Science and Research,USD,146000,146000,United States,Senior,Full-time,Remote,United States,M,134320.0,100.0,146000.0
2022,Data Engineer,Data Engineering,GBP,35000,43096,United Kingdom,Entry-level,Full-time,Remote,United Kingdom,M,39648.32,82.7,52111.25
2022,Data Analyst,Data Analysis,USD,130000,130000,United States,Executive,Full-time,Remote,United States,M,119600.0,100.0,130000.0
2022,Data Analyst,Data Analysis,USD,110000,110000,United States,Executive,Full-time,Remote,United States,M,101200.0,100.0,110000.0
2022,Data Analyst,Data Analysis,USD,170000,170000,United States,Senior,Full-time,Remote,United States,M,156400.0,100.0,170000.0
2022,Data Science Manager,Data Science and Research,USD,161342,161342,United States,Senior,Full-time,Remote,United States,M,148434.64,100.0,161342.0
2022,Data Science Manager,Data Science and Research,USD,137141,137141,United States,Senior,Full-time,Remote,United States,M,126169.72,100.0,137141.0
2022,Data Scientist,Data Science and Research,USD,167000,167000,United States,Senior,Full-time,Remote,United States,M,153640.0,100.0,167000.0
2022,Data Engineer,Data Engineering,GBP,60000,73880,United Kingdom,Senior,Full-time,In-person,United Kingdom,M,67969.6,82.7,89334.95
2022,Data Engineer,Data Engineering,GBP,50000,61566,United Kingdom,Senior,Full-time,In-person,United Kingdom,M,56640.72,82.7,74444.98
2022,Data Scientist,Data Science and Research,USD,211500,211500,United States,Senior,Full-time,Remote,United States,M,194580.0,100.0,211500.0
2022,Data Scientist,Data Science and Research,USD,138600,138600,United States,Senior,Full-time,Remote,United States,M,127512.0,100.0,138600.0
2022,Data Architect,Data Architecture and Modeling,USD,192400,192400,Canada,Senior,Full-time,Remote,Canada,M,177008.0,79.3,242622.95
2022,Data Architect,Data Architecture and Modeling,USD,90700,90700,Canada,Senior,Full-time,Remote,Canada,M,83444.0,79.3,114375.79
2022,Data Analyst,Data Analysis,USD,130000,130000,Canada,Senior,Full-time,Remote,Canada,M,119600.0,79.3,163934.43
2022,Data Analyst,Data Analysis,USD,61300,61300,Canada,Senior,Full-time,Remote,Canada,M,56396.0,79.3,77301.39
2022,Data Engineer,Data Engineering,USD,160000,160000,United States,Senior,Full-time,In-person,United States,L,147200.0,100.0,160000.0
2022,Data Engineer,Data Engineering,USD,113000,113000,United States,Senior,Full-time,In-person,United States,L,103960.0,100.0,113000.0
2022,Data Scientist,Data Science and Research,USD,95550,95550,United States,Senior,Full-time,In-person,United States,M,87906.0,100.0,95550.0
2022,Data Analyst,Data Analysis,USD,167000,167000,United States,Mid-level,Full-time,Remote,United States,M,153640.0,100.0,167000.0
2022,Data Analyst,Data Analysis,USD,115500,115500,United States,Mid-level,Full-time,Remote,United States,M,106260.0,100.0,115500.0
2022,Data Engineer,Data Engineering,USD,243900,243900,United States,Senior,Full-time,Remote,United States,M,224388.0,100.0,243900.0
2022,Data Engineer,Data Engineering,USD,156600,156600,United States,Senior,Full-time,Remote,United States,M,144072.0,100.0,156600.0
2022,Data Analyst,Data Analysis,USD,136600,136600,United States,Senior,Full-time,Remote,United States,M,125672.0,100.0,136600.0
2022,Data Engineer,Data Engineering,USD,128875,128875,United States,Senior,Full-time,Remote,United States,M,118565.0,100.0,128875.0
2022,Data Engineer,Data Engineering,USD,93700,93700,United States,Senior,Full-time,Remote,United States,M,86204.0,100.0,93700.0
2022,Head of Data Science,Data Science and Research,USD,224000,224000,United States,Executive,Full-time,Remote,United States,M,206080.0,100.0,224000.0
2022,Head of Data Science,Data Science and Research,USD,167875,167875,United States,Executive,Full-time,Remote,United States,M,154445.0,100.0,167875.0
2022,Analytics Engineer,Leadership and Management,USD,175000,175000,United States,Executive,Full-time,Remote,United States,M,161000.0,100.0,175000.0
2022,Analytics Engineer,Leadership and Management,USD,135000,135000,United States,Executive,Full-time,Remote,United States,M,124200.0,100.0,135000.0
2022,Data Scientist,Data Science and Research,USD,205300,205300,United States,Senior,Full-time,In-person,United States,L,188876.0,100.0,205300.0
2022,Data Scientist,Data Science and Research,USD,176000,176000,United States,Senior,Full-time,Remote,United States,M,161920.0,100.0,176000.0
2022,Data Engineer,Data Engineering,USD,200100,200100,United States,Senior,Full-time,Remote,United States,M,184092.0,100.0,200100.0
2022,Data Engineer,Data Engineering,USD,70500,70500,United States,Senior,Full-time,In-person,United States,M,64860.0,100.0,70500.0
2022,Data Engineer,Data Engineering,USD,54000,54000,United States,Senior,Full-time,In-person,United States,M,49680.0,100.0,54000.0
2022,Data Scientist,Data Science and Research,USD,205300,205300,United States,Senior,Full-time,In-person,United States,M,188876.0,100.0,205300.0
2022,Data Scientist,Data Science and Research,USD,140400,140400,United States,Senior,Full-time,In-person,United States,M,129168.0,100.0,140400.0
2022,Analytics Engineer,Leadership and Management,USD,205300,205300,United States,Senior,Full-time,In-person,United States,M,188876.0,100.0,205300.0
2022,Analytics Engineer,Leadership and Management,USD,184700,184700,United States,Senior,Full-time,In-person,United States,M,169924.0,100.0,184700.0
2022,Data Engineer,Data Engineering,USD,175100,175100,United States,Senior,Full-time,Remote,United States,M,161092.0,100.0,175100.0
2022,Data Engineer,Data Engineering,USD,140250,140250,United States,Senior,Full-time,Remote,United States,M,129030.0,100.0,140250.0
2022,Data Analyst,Data Analysis,USD,116150,116150,United States,Senior,Full-time,Remote,United States,M,106858.0,100.0,116150.0
2022,Data Analyst,Data Analysis,USD,99050,99050,United States,Senior,Full-time,Remote,United States,M,91126.0,100.0,99050.0
2022,Data Analyst,Data Analysis,USD,85000,85000,Canada,Mid-level,Full-time,In-person,Canada,M,78200.0,79.3,107187.89
2022,Data Analyst,Data Analysis,USD,75000,75000,Canada,Mid-level,Full-time,In-person,Canada,M,69000.0,79.3,94577.55
2022,Machine Learning Engineer,Machine Learning and AI,USD,214000,214000,United States,Senior,Full-time,Remote,United States,M,196880.0,100.0,214000.0
2022,Machine Learning Engineer,Machine Learning and AI,USD,192600,192600,United States,Senior,Full-time,Remote,United States,M,177192.0,100.0,192600.0
2022,Data Architect,Data Architecture and Modeling,USD,266400,266400,United States,Senior,Full-time,Remote,United States,M,245088.0,100.0,266400.0
2022,Data Architect,Data Architecture and Modeling,USD,213120,213120,United States,Senior,Full-time,Remote,United States,M,196070.4,100.0,213120.0
2022,Data Scientist,Data Science and Research,USD,141300,141300,United States,Mid-level,Full-time,In-person,United States,M,129996.0,100.0,141300.0
2022,Data Scientist,Data Science and Research,USD,102100,102100,United States,Mid-level,Full-time,In-person,United States,M,93932.0,100.0,102100.0
2022,Data Engineer,Data Engineering,USD,206699,206699,United States,Mid-level,Full-time,In-person,United States,M,190163.08,100.0,206699.0
2022,Data Engineer,Data Engineering,USD,99100,99100,United States,Mid-level,Full-time,In-person,United States,M,91172.0,100.0,99100.0
2022,Data Engineer,Data Engineering,USD,110500,110500,United States,Senior,Full-time,Remote,United States,M,101660.0,100.0,110500.0
2022,Data Analyst,Data Analysis,GBP,50000,61566,United Kingdom,Mid-level,Full-time,In-person,United Kingdom,M,56640.72,82.7,74444.98
2022,Data Analyst,Data Analysis,GBP,35000,43096,United Kingdom,Mid-level,Full-time,In-person,United Kingdom,M,39648.32,82.7,52111.25
2022,Data Analyst,Data Analysis,USD,80000,80000,United States,Senior,Full-time,Remote,United States,M,73600.0,100.0,80000.0
2022,Data Analyst,Data Analysis,USD,60000,60000,United States,Senior,Full-time,Remote,United States,M,55200.0,100.0,60000.0
2022,Data Scientist,Data Science and Research,USD,230000,230000,United States,Senior,Full-time,Remote,United States,M,211600.0,100.0,230000.0
2022,Data Analytics Manager,Leadership and Management,USD,150260,150260,United States,Senior,Full-time,Remote,United States,M,138239.2,100.0,150260.0
2022,Data Analytics Manager,Leadership and Management,USD,109280,109280,United States,Senior,Full-time,Remote,United States,M,100537.6,100.0,109280.0
2022,Data Scientist,Data Science and Research,USD,160000,160000,United States,Mid-level,Full-time,Remote,United States,M,147200.0,100.0,160000.0
2022,Data Analyst,Data Analysis,USD,67000,67000,Canada,Entry-level,Full-time,In-person,Canada,M,61640.0,79.3,84489.28
2022,Data Analyst,Data Analysis,USD,52000,52000,Canada,Entry-level,Full-time,In-person,Canada,M,47840.0,79.3,65573.77
2022,Data Analyst,Data Analysis,USD,129000,129000,United States,Senior,Full-time,In-person,United States,M,118680.0,100.0,129000.0
2022,Data Analyst,Data Analysis,USD,69000,69000,United States,Senior,Full-time,Remote,United States,M,63480.0,100.0,69000.0
2022,Data Engineer,Data Engineering,USD,25000,25000,United States,Senior,Full-time,Remote,United States,M,23000.0,100.0,25000.0
2022,Data Analyst,Data Analysis,USD,126500,126500,United States,Senior,Full-time,Remote,United States,M,116380.0,100.0,126500.0
2022,Data Analyst,Data Analysis,USD,106260,106260,United States,Senior,Full-time,Remote,United States,M,97759.2,100.0,106260.0
2022,Data Engineer,Data Engineering,USD,220110,220110,United States,Senior,Full-time,Remote,United States,M,202501.2,100.0,220110.0
2022,Data Engineer,Data Engineering,USD,160080,160080,United States,Senior,Full-time,Remote,United States,M,147273.6,100.0,160080.0
2022,Data Analyst,Data Analysis,USD,105000,105000,United States,Senior,Full-time,Remote,United States,M,96600.0,100.0,105000.0
2022,Data Analyst,Data Analysis,USD,135000,135000,United States,Mid-level,Full-time,Remote,United States,M,124200.0,100.0,135000.0
2022,Data Analyst,Data Analysis,USD,50000,50000,United States,Mid-level,Full-time,Remote,United States,M,46000.0,100.0,50000.0
2022,Data Scientist,Data Science and Research,USD,220000,220000,United States,Senior,Full-time,Remote,United States,M,202400.0,100.0,220000.0
2022,Data Scientist,Data Science and Research,GBP,140000,172386,United Kingdom,Mid-level,Full-time,In-person,United Kingdom,M,158595.12,82.7,208447.4
2022,Data Scientist,Data Science and Research,GBP,70000,86193,United Kingdom,Mid-level,Full-time,In-person,United Kingdom,M,79297.56,82.7,104223.7
2022,Machine Learning Engineer,Machine Learning and AI,USD,220000,220000,United States,Senior,Full-time,Remote,United States,M,202400.0,100.0,220000.0
2022,Machine Learning Engineer,Machine Learning and AI,USD,120000,120000,United States,Senior,Full-time,Remote,United States,M,110400.0,100.0,120000.0
2022,Data Scientist,Data Science and Research,USD,200000,200000,United States,Mid-level,Full-time,Remote,United States,M,184000.0,100.0,200000.0
2022,Machine Learning Engineer,Machine Learning and AI,USD,120000,120000,United Arab Emirates,Senior,Full-time,Remote,United Arab Emirates,S,110400.0,62.5,192000.0
2022,Machine Learning Engineer,Machine Learning and AI,USD,65000,65000,United Arab Emirates,Senior,Full-time,Remote,United Arab Emirates,S,59800.0,62.5,104000.0
2022,Data Engineer,Data Engineering,USD,324000,324000,United States,Executive,Full-time,Remote,United States,M,298080.0,100.0,324000.0
2022,Data Engineer,Data Engineering,USD,216000,216000,United States,Executive,Full-time,Remote,United States,M,198720.0,100.0,216000.0
2022,Data Scientist,Data Science and Research,USD,185100,185100,United States,Senior,Full-time,Remote,United States,M,170292.0,100.0,185100.0
2022,Data Scientist,Data Science and Research,USD,104890,104890,United States,Senior,Full-time,Remote,United States,M,96498.8,100.0,104890.0
2022,Machine Learning Developer,Machine Learning and AI,CAD,100000,76814,Canada,Mid-level,Full-time,Remote,Canada,M,70668.88,79.3,96865.07
2020,Machine Learning Manager,Machine Learning and AI,CAD,157000,117104,Canada,Senior,Full-time,Hybrid,Canada,L,107735.68,79.3,147672.13
2022,Director of Data Science,Data Science and Research,CAD,250000,192037,Canada,Executive,Full-time,Hybrid,Canada,L,176674.04,79.3,242165.2
2022,Machine Learning Engineer,Machine Learning and AI,USD,120000,120000,United States,Mid-level,Full-time,Remote,United States,S,110400.0,100.0,120000.0
2022,Machine Learning Infrastructure Engineer,Machine Learning and AI,EUR,53000,55685,Portugal,Mid-level,Full-time,Hybrid,Portugal,L,51230.2,62.4,89238.78
2022,Data Engineer,Data Engineering,EUR,50000,52533,Germany,Mid-level,Part-time,Hybrid,Germany,L,48330.36,78.5,66921.02
2022,Applied Machine Learning Scientist,Machine Learning and AI,USD,75000,75000,Bolivia,Mid-level,Full-time,Remote,United States,L,69000.0,100.0,75000.0
2022,Applied Data Scientist,Data Science and Research,USD,157000,157000,United States,Mid-level,Full-time,Remote,United States,L,144440.0,100.0,157000.0
2022,Business Data Analyst,Data Analysis,CAD,90000,69133,Canada,Mid-level,Full-time,Hybrid,Canada,L,63602.36,79.3,87179.07
2022,Data Engineer,Data Engineering,USD,65000,65000,United States,Entry-level,Full-time,Remote,United States,S,59800.0,100.0,65000.0
2022,Machine Learning Engineer,Machine Learning and AI,EUR,65000,68293,Ireland,Senior,Full-time,Remote,Ireland,S,62829.56,91.1,74964.87
2021,Data Scientist,Data Science and Research,USD,109000,109000,United States,Mid-level,Full-time,Hybrid,United States,L,100280.0,100.0,109000.0
2022,Data Scientist,Data Science and Research,CAD,88000,67597,Canada,Mid-level,Full-time,Remote,Canada,M,62189.24,79.3,85242.12
2022,Data Analyst,Data Analysis,USD,20000,20000,Greece,Mid-level,Full-time,Remote,Greece,S,18400.0,56.1,35650.62
2021,Head of Data,Leadership and Management,EUR,87000,102839,Slovenia,Senior,Full-time,Remote,Slovenia,L,94611.88,62.8,163756.37
2022,Head of Data,Leadership and Management,USD,200000,200000,Malaysia,Senior,Full-time,Remote,United States,M,184000.0,100.0,200000.0
2022,Data Scientist,Data Science and Research,CAD,66500,51081,Canada,Entry-level,Full-time,Remote,Canada,L,46994.52,79.3,64414.88
2022,Machine Learning Engineer,Machine Learning and AI,AUD,121000,83864,Australia,Mid-level,Full-time,Remote,Australia,L,77154.88,76.8,109197.92
2022,Data Scientist,Data Science and Research,USD,40000,40000,Japan,Entry-level,Full-time,Remote,Malaysia,L,36800.0,33.4,119760.48
2022,Head of Data,Leadership and Management,EUR,30000,31520,Estonia,Mid-level,Full-time,Remote,Estonia,S,28998.4,63.4,49716.09
2022,Machine Learning Engineer,Machine Learning and AI,EUR,57000,59888,Netherlands,Senior,Full-time,Remote,Netherlands,L,55096.96,82.6,72503.63
2020,Data Engineer,Data Engineering,EUR,48000,54742,Pakistan,Entry-level,Full-time,Remote,Germany,L,50362.64,78.5,69735.03
2022,Research Scientist,Data Science and Research,EUR,85000,89306,France,Senior,Full-time,Hybrid,France,L,82161.52,79.8,111912.28
2022,Data Scientist,Data Science and Research,AUD,120000,83171,Australia,Entry-level,Full-time,Hybrid,Australia,M,76517.32,76.8,108295.57
2022,Data Scientist,Data Science and Research,USD,165000,165000,United States,Senior,Full-time,Remote,United States,M,151800.0,100.0,165000.0
2022,Machine Learning Scientist,Machine Learning and AI,USD,153000,153000,United States,Mid-level,Full-time,Hybrid,United States,M,140760.0,100.0,153000.0
2022,Data Scientist,Data Science and Research,USD,100000,100000,Brazil,Senior,Full-time,Remote,United States,M,92000.0,100.0,100000.0
2022,Machine Learning Developer,Machine Learning and AI,CAD,100000,76814,Canada,Senior,Full-time,Remote,Canada,M,70668.88,79.3,96865.07
2022,Data Scientist,Data Science and Research,PLN,150000,33609,Poland,Mid-level,Full-time,Remote,Poland,L,30920.28,52.4,64139.31
2022,Principal Data Analyst,Data Analysis,USD,75000,75000,Canada,Mid-level,Full-time,Remote,Canada,S,69000.0,79.3,94577.55
2020,Product Data Analyst,Data Analysis,USD,20000,20000,Honduras,Mid-level,Full-time,In-person,Honduras,S,18400.0,33.5,59701.49
2022,Applied Machine Learning Scientist,Machine Learning and AI,EUR,29000,30469,Tunisia,Entry-level,Contract,Remote,Czech Republic,M,28031.48,52.7,57815.94
2021,Research Scientist,Data Science and Research,USD,69999,69999,Czech Republic,Mid-level,Full-time,Hybrid,Czech Republic,L,64399.08,52.7,132825.43
2022,Data Engineer,Data Engineering,EUR,52800,55475,Pakistan,Entry-level,Full-time,Remote,Germany,M,51037.0,78.5,70668.79
2022,Research Scientist,Data Science and Research,EUR,59000,61989,Austria,Mid-level,Full-time,In-person,Austria,L,57029.88,73.5,84338.78
2022,Data Science Manager,Data Science and Research,USD,152500,152500,United States,Senior,Full-time,Remote,United States,M,140300.0,100.0,152500.0
2022,Research Scientist,Data Science and Research,USD,120000,120000,United States,Entry-level,Full-time,Remote,United States,L,110400.0,100.0,120000.0
2022,Data Scientist,Data Science and Research,USD,135000,135000,United States,Mid-level,Full-time,Remote,United States,L,124200.0,100.0,135000.0
2022,Data Analytics Lead,Leadership and Management,USD,405000,405000,United States,Senior,Full-time,Remote,United States,L,372600.0,100.0,405000.0
2021,Data Engineer,Data Engineering,USD,150000,150000,United States,Senior,Full-time,In-person,United States,L,138000.0,100.0,150000.0
2021,Data Science Manager,Data Science and Research,USD,240000,240000,United States,Senior,Full-time,In-person,United States,L,220800.0,100.0,240000.0
2021,Data Analyst,Data Analysis,USD,135000,135000,United States,Mid-level,Full-time,Remote,United States,L,124200.0,100.0,135000.0
2021,Data Scientist,Data Science and Research,USD,80000,80000,United States,Entry-level,Full-time,Remote,United States,M,73600.0,100.0,80000.0
2022,Applied Data Scientist,Data Science and Research,USD,380000,380000,United States,Senior,Full-time,Remote,United States,L,349600.0,100.0,380000.0
2022,Data Scientist,Data Science and Research,CHF,115000,120402,Switzerland,Mid-level,Full-time,In-person,Switzerland,L,110769.84,122.4,98367.65
2022,Applied Data Scientist,Data Science and Research,USD,177000,177000,United States,Senior,Full-time,Remote,United States,L,162840.0,100.0,177000.0
2022,Data Engineer,Data Engineering,EUR,62000,65141,France,Mid-level,Full-time,Remote,France,M,59929.72,79.8,81630.33
2022,Data Scientist,Data Science and Research,USD,48000,48000,Russia,Mid-level,Full-time,Remote,United States,S,44160.0,100.0,48000.0
2022,Data Analytics Engineer,Leadership and Management,USD,20000,20000,Pakistan,Entry-level,Full-time,In-person,Pakistan,M,18400.0,18.9,105820.11
2021,Principal Data Scientist,Data Science and Research,USD,220000,220000,United States,Senior,Full-time,In-person,United States,L,202400.0,100.0,220000.0
2022,Computer Vision Software Engineer,Machine Learning and AI,USD,150000,150000,Australia,Entry-level,Full-time,Remote,Australia,S,138000.0,76.8,195312.5
2021,Data Analyst,Data Analysis,USD,90000,90000,United States,Mid-level,Full-time,Remote,United States,M,82800.0,100.0,90000.0
2022,Data Scientist,Data Science and Research,USD,100000,100000,Canada,Mid-level,Freelance,Remote,United States,M,92000.0,100.0,100000.0
2021,Data Scientist,Data Science and Research,USD,100000,100000,United States,Entry-level,Full-time,In-person,United States,S,92000.0,100.0,100000.0
2022,Data Scientist,Data Science and Research,USD,100000,100000,Algeria,Entry-level,Part-time,Hybrid,Algeria,M,92000.0,27.4,364963.5
2022,Research Scientist,Data Science and Research,USD,144000,144000,United States,Senior,Full-time,Hybrid,United States,L,132480.0,100.0,144000.0
2022,Principal Data Scientist,Data Science and Research,EUR,148000,155499,Germany,Senior,Full-time,Remote,Germany,M,143059.08,78.5,198087.9
2021,Computer Vision Engineer,Machine Learning and AI,USD,24000,24000,Brazil,Senior,Full-time,Remote,Brazil,M,22080.0,37.5,64000.0
2021,Applied Machine Learning Scientist,Machine Learning and AI,USD,38400,38400,Vietnam,Mid-level,Full-time,Remote,United States,M,35328.0,100.0,38400.0
2022,Financial Data Analyst,Data Analysis,USD,100000,100000,United States,Entry-level,Full-time,Hybrid,United States,L,92000.0,100.0,100000.0
2021,Data Scientist,Data Science and Research,USD,82500,82500,United States,Mid-level,Full-time,Remote,United States,S,75900.0,100.0,82500.0
2021,Data Scientist,Data Science and Research,EUR,42000,49646,France,Entry-level,Full-time,Hybrid,France,M,45674.32,79.8,62213.03
2022,Data Engineer,Data Engineering,USD,120000,120000,United States,Entry-level,Full-time,Remote,United States,M,110400.0,100.0,120000.0
2022,Lead Machine Learning Engineer,Machine Learning and AI,EUR,80000,84053,Germany,Senior,Full-time,In-person,Germany,M,77328.76,78.5,107073.89
2021,Machine Learning Engineer,Machine Learning and AI,USD,20000,20000,India,Entry-level,Full-time,Remote,India,S,18400.0,24.1,82987.55
2022,Computer Vision Engineer,Machine Learning and AI,USD,125000,125000,United States,Entry-level,Full-time,In-person,United States,M,115000.0,100.0,125000.0
2021,Machine Learning Scientist,Machine Learning and AI,USD,120000,120000,United States,Senior,Full-time,Hybrid,United States,S,110400.0,100.0,120000.0
2021,Applied Data Scientist,Data Science and Research,GBP,80000,110037,United Kingdom,Entry-level,Full-time,In-person,United Kingdom,L,101234.04,82.7,133055.62
2022,ML Engineer,Machine Learning and AI,EUR,20000,21013,Portugal,Entry-level,Full-time,Remote,Portugal,L,19331.96,62.4,33674.68
2021,Data Analyst,Data Analysis,USD,50000,50000,United States,Entry-level,Full-time,Remote,United States,M,46000.0,100.0,50000.0
2021,Principal Data Engineer,Data Engineering,USD,200000,200000,United States,Senior,Full-time,Remote,United States,M,184000.0,100.0,200000.0
2021,Big Data Engineer,Data Engineering,USD,60000,60000,Spain,Mid-level,Full-time,Hybrid,Romania,M,55200.0,44.1,136054.42
2021,Data Engineer,Data Engineering,USD,200000,200000,United States,Mid-level,Full-time,Remote,United States,L,184000.0,100.0,200000.0
2021,Machine Learning Developer,Machine Learning and AI,USD,100000,100000,Iraq,Entry-level,Full-time,Hybrid,Iraq,S,92000.0,31.5,317460.32
2021,Data Engineer,Data Engineering,USD,100000,100000,United States,Mid-level,Full-time,Remote,United States,L,92000.0,100.0,100000.0
2021,Machine Learning Engineer,Machine Learning and AI,EUR,70000,82744,Belgium,Senior,Full-time,Hybrid,Belgium,M,76124.48,76.1,108730.62
2020,Data Engineer,Data Engineering,EUR,51999,59303,Germany,Mid-level,Full-time,Remote,Germany,S,54558.76,78.5,75545.22
2021,Research Scientist,Data Science and Research,EUR,53000,62649,France,Mid-level,Full-time,Hybrid,France,M,57637.08,79.8,78507.52
2021,Data Engineer,Data Engineering,GBP,60000,82528,United Kingdom,Mid-level,Full-time,Remote,United Kingdom,L,75925.76,82.7,99792.02
2021,Data Architect,Data Architecture and Modeling,USD,170000,170000,United States,Mid-level,Full-time,Remote,United States,L,156400.0,100.0,170000.0
2021,Data Architect,Data Architecture and Modeling,USD,150000,150000,United States,Mid-level,Full-time,Remote,United States,L,138000.0,100.0,150000.0
2021,BI Data Analyst,Data Analysis,USD,55000,55000,United States,Entry-level,Full-time,Hybrid,United States,S,50600.0,100.0,55000.0
2021,Director of Data Science,Data Science and Research,USD,250000,250000,United States,Executive,Full-time,In-person,United States,L,230000.0,100.0,250000.0
2021,Data Engineer,Data Engineering,USD,80000,80000,United States,Entry-level,Full-time,Remote,United States,L,73600.0,100.0,80000.0
2020,Big Data Engineer,Data Engineering,USD,70000,70000,United States,Entry-level,Full-time,Remote,United States,L,64400.0,100.0,70000.0
2021,Director of Data Science,Data Science and Research,EUR,110000,130026,Germany,Executive,Full-time,Hybrid,Germany,M,119623.92,78.5,165638.22
2021,Data Science Consultant,Data Science and Research,EUR,54000,63831,Germany,Entry-level,Full-time,Hybrid,Germany,L,58724.52,78.5,81313.38
2020,Data Scientist,Data Science and Research,EUR,60000,68428,Greece,Senior,Full-time,Remote,United States,L,62953.76,100.0,68428.0
2021,Head of Data Science,Data Science and Research,USD,85000,85000,Russia,Executive,Full-time,In-person,Russia,M,78200.0,36.4,233516.48
2021,Head of Data,Leadership and Management,USD,230000,230000,Russia,Executive,Full-time,Hybrid,Russia,L,211600.0,36.4,631868.13
2021,Machine Learning Engineer,Machine Learning and AI,USD,125000,125000,United States,Entry-level,Full-time,Remote,United States,S,115000.0,100.0,125000.0
2021,Data Analytics Manager,Leadership and Management,USD,120000,120000,United States,Senior,Full-time,Remote,United States,M,110400.0,100.0,120000.0
2020,Research Scientist,Data Science and Research,USD,450000,450000,United States,Mid-level,Full-time,In-person,United States,M,414000.0,100.0,450000.0
2020,Data Analyst,Data Analysis,EUR,41000,46759,France,Mid-level,Full-time,Hybrid,France,L,43018.28,79.8,58595.24
2020,Data Engineer,Data Engineering,EUR,65000,74130,Austria,Mid-level,Full-time,Hybrid,Austria,L,68199.6,73.5,100857.14
2021,Data Science Engineer,Data Science and Research,CAD,159500,127221,Canada,Senior,Full-time,Hybrid,Canada,L,117043.32,79.3,160430.01
2021,Data Science Manager,Data Science and Research,USD,144000,144000,United States,Senior,Full-time,Remote,United States,L,132480.0,100.0,144000.0
2021,Data Scientist,Data Science and Research,CAD,95000,75774,Canada,Mid-level,Full-time,Remote,Canada,L,69712.08,79.3,95553.59
2021,Data Scientist,Data Science and Research,USD,150000,150000,United States,Mid-level,Full-time,Remote,United States,M,138000.0,100.0,150000.0
2020,Data Science Consultant,Data Science and Research,USD,103000,103000,United States,Mid-level,Full-time,Remote,United States,L,94760.0,100.0,103000.0
2021,Data Engineer,Data Engineering,USD,153000,153000,United States,Senior,Full-time,Remote,United States,L,140760.0,100.0,153000.0
2021,Data Engineer,Data Engineering,USD,90000,90000,United States,Mid-level,Full-time,Remote,United States,L,82800.0,100.0,90000.0
2021,Data Analyst,Data Analysis,USD,90000,90000,United States,Entry-level,Full-time,Remote,United States,S,82800.0,100.0,90000.0
2021,Data Analyst,Data Analysis,USD,60000,60000,United States,Entry-level,Full-time,Remote,United States,S,55200.0,100.0,60000.0
2021,Data Scientist,Data Science and Research,USD,50000,50000,Nigeria,Mid-level,Full-time,Remote,Nigeria,L,46000.0,21.5,232558.14
2021,ML Engineer,Machine Learning and AI,USD,270000,270000,United States,Mid-level,Contract,Remote,United States,L,248400.0,100.0,270000.0
2021,Applied Data Scientist,Data Science and Research,CAD,68000,54238,United Kingdom,Mid-level,Full-time,Hybrid,Canada,L,49898.96,79.3,68395.96
2021,Machine Learning Engineer,Machine Learning and AI,EUR,40000,47282,Spain,Mid-level,Full-time,Remote,Spain,S,43499.44,62.8,75289.81
2021,Director of Data Science,Data Science and Research,EUR,130000,153667,Italy,Executive,Full-time,Remote,Poland,L,141373.64,52.4,293257.63
2021,Data Engineer,Data Engineering,PLN,110000,28476,Poland,Mid-level,Full-time,Remote,Poland,L,26197.92,52.4,54343.51
2021,Data Analytics Engineer,Leadership and Management,USD,110000,110000,United States,Mid-level,Full-time,Remote,United States,L,101200.0,100.0,110000.0
2021,Research Scientist,Data Science and Research,GBP,60000,82528,United Kingdom,Entry-level,Full-time,Hybrid,United Kingdom,L,75925.76,82.7,99792.02
2020,Machine Learning Engineer,Machine Learning and AI,USD,250000,250000,United States,Entry-level,Full-time,Hybrid,United States,L,230000.0,100.0,250000.0
2021,Data Analyst,Data Analysis,EUR,50000,59102,France,Entry-level,Full-time,Hybrid,France,M,54373.84,79.8,74062.66
2021,Data Analyst,Data Analysis,USD,80000,80000,Bulgaria,Senior,Full-time,Remote,United States,S,73600.0,100.0,80000.0
2020,Machine Learning Engineer,Machine Learning and AI,USD,138000,138000,United States,Entry-level,Full-time,Remote,United States,S,126960.0,100.0,138000.0
2021,Data Engineer,Data Engineering,USD,140000,140000,United States,Mid-level,Full-time,Remote,United States,L,128800.0,100.0,140000.0
2021,Data Analytics Engineer,Leadership and Management,EUR,67000,79197,Germany,Senior,Full-time,Remote,Germany,L,72861.24,78.5,100887.9
2021,Lead Data Analyst,Data Analysis,USD,170000,170000,United States,Senior,Full-time,Remote,United States,L,156400.0,100.0,170000.0
2021,Data Analyst,Data Analysis,USD,80000,80000,United States,Entry-level,Full-time,Remote,United States,M,73600.0,100.0,80000.0
2020,Data Scientist,Data Science and Research,USD,45760,45760,Philippines,Mid-level,Full-time,Remote,United States,S,42099.2,100.0,45760.0
2021,BI Data Analyst,Data Analysis,USD,100000,100000,United States,Mid-level,Full-time,Remote,United States,M,92000.0,100.0,100000.0
2021,Data Scientist,Data Science and Research,EUR,45000,53192,France,Senior,Full-time,Hybrid,France,L,48936.64,79.8,66656.64
2021,Head of Data,Leadership and Management,USD,235000,235000,United States,Executive,Full-time,Remote,United States,L,216200.0,100.0,235000.0
2021,BI Data Analyst,Data Analysis,USD,150000,150000,India,Executive,Full-time,Remote,United States,L,138000.0,100.0,150000.0
2020,Data Engineer,Data Engineering,EUR,70000,79833,Spain,Executive,Full-time,Hybrid,Spain,L,73446.36,62.8,127122.61
2021,Machine Learning Scientist,Machine Learning and AI,USD,225000,225000,United States,Entry-level,Full-time,Remote,United States,L,207000.0,100.0,225000.0
2021,Data Science Consultant,Data Science and Research,EUR,65000,76833,Germany,Entry-level,Full-time,Remote,Germany,S,70686.36,78.5,97876.43
2020,Machine Learning Infrastructure Engineer,Machine Learning and AI,EUR,44000,50180,Portugal,Mid-level,Full-time,In-person,Portugal,M,46165.6,62.4,80416.67
2021,Marketing Data Analyst,Data Analysis,EUR,75000,88654,Greece,Senior,Full-time,Remote,Denmark,L,81561.68,93.1,95224.49
2021,Lead Data Engineer,Data Engineering,GBP,75000,103160,United Kingdom,Senior,Full-time,Remote,United Kingdom,S,94907.2,82.7,124740.02
2021,Data Engineer,Data Engineering,GBP,82500,113476,United Kingdom,Senior,Full-time,Remote,United Kingdom,M,104397.92,82.7,137214.03
2021,Machine Learning Engineer,Machine Learning and AI,EUR,80000,94564,Germany,Senior,Full-time,Hybrid,Germany,L,86998.88,78.5,120463.69
2021,Data Engineer,Data Engineering,USD,150000,150000,United States,Senior,Full-time,Remote,United States,M,138000.0,100.0,150000.0
2021,Data Engineer,Data Engineering,USD,115000,115000,United States,Senior,Full-time,Remote,United States,S,105800.0,100.0,115000.0
2021,Research Scientist,Data Science and Research,CAD,235000,187442,Canada,Mid-level,Full-time,Remote,Canada,L,172446.64,79.3,236370.74
2021,Data Analyst,Data Analysis,GBP,37456,51519,United Kingdom,Mid-level,Full-time,Hybrid,United Kingdom,L,47397.48,82.7,62296.25
2020,Data Engineer,Data Engineering,USD,106000,106000,United States,Mid-level,Full-time,Remote,United States,L,97520.0,100.0,106000.0
2020,Data Engineer,Data Engineering,GBP,88000,112872,United Kingdom,Mid-level,Full-time,Hybrid,United Kingdom,L,103842.24,82.7,136483.68
2021,Data Engineer,Data Engineering,USD,150000,150000,United States,Senior,Full-time,Remote,United States,L,138000.0,100.0,150000.0
2020,ML Engineer,Machine Learning and AI,EUR,14000,15966,Germany,Entry-level,Part-time,Remote,Germany,S,14688.72,78.5,20338.85
2021,Computer Vision Software Engineer,Machine Learning and AI,EUR,81000,95746,Germany,Mid-level,Full-time,Remote,United States,S,88086.32,100.0,95746.0
2021,Computer Vision Software Engineer,Machine Learning and AI,USD,70000,70000,United States,Entry-level,Full-time,Remote,United States,M,64400.0,100.0,70000.0
2020,Data Scientist,Data Science and Research,GBP,60000,76958,United Kingdom,Mid-level,Full-time,Remote,United Kingdom,S,70801.36,82.7,93056.83
2021,Cloud Data Engineer,Data Engineering,SGD,120000,89294,Singapore,Mid-level,Full-time,Hybrid,Singapore,L,82150.48,84.2,106049.88
2021,Lead Data Engineer,Data Engineering,USD,276000,276000,United States,Senior,Full-time,In-person,United States,L,253920.0,100.0,276000.0
2020,Data Engineer,Data Engineering,USD,188000,188000,United States,Senior,Full-time,Remote,United States,L,172960.0,100.0,188000.0
2021,Cloud Data Engineer,Data Engineering,USD,160000,160000,Brazil,Senior,Full-time,Remote,United States,S,147200.0,100.0,160000.0
2020,Data Scientist,Data Science and Research,USD,105000,105000,United States,Mid-level,Full-time,Remote,United States,L,96600.0,100.0,105000.0
2021,Data Engineer,Data Engineering,USD,174000,174000,United States,Senior,Full-time,Remote,United States,L,160080.0,100.0,174000.0
2021,Data Analyst,Data Analysis,USD,93000,93000,United States,Mid-level,Full-time,Remote,United States,L,85560.0,100.0,93000.0
2021,Research Scientist,Data Science and Research,EUR,51400,60757,Portugal,Senior,Full-time,Hybrid,Portugal,L,55896.44,62.4,97366.99
2021,Data Scientist,Data Science and Research,USD,90000,90000,United States,Entry-level,Full-time,Remote,United States,S,82800.0,100.0,90000.0
2020,Data Engineer,Data Engineering,EUR,61500,70139,France,Mid-level,Full-time,Hybrid,France,L,64527.88,79.8,87893.48
2021,Principal Data Analyst,Data Analysis,USD,170000,170000,United States,Senior,Full-time,Remote,United States,M,156400.0,100.0,170000.0
2021,Data Engineer,Data Engineering,GBP,70000,96282,United Kingdom,Senior,Full-time,Hybrid,United Kingdom,L,88579.44,82.7,116423.22
2021,Data Scientist,Data Science and Research,EUR,31000,36643,France,Entry-level,Full-time,Hybrid,France,L,33711.56,79.8,45918.55
2021,Data Engineer,Data Engineering,GBP,52500,72212,United Kingdom,Mid-level,Full-time,Hybrid,United Kingdom,L,66435.04,82.7,87318.02
2020,Data Analyst,Data Analysis,USD,91000,91000,United States,Entry-level,Full-time,Remote,United States,L,83720.0,100.0,91000.0
2021,Big Data Architect,Data Architecture and Modeling,CAD,125000,99703,Canada,Senior,Full-time,Hybrid,Canada,M,91726.76,79.3,125728.88
2021,Data Scientist,Data Science and Research,USD,165000,165000,United States,Senior,Full-time,Remote,United States,L,151800.0,100.0,165000.0
2021,Data Analyst,Data Analysis,USD,80000,80000,United States,Mid-level,Full-time,Remote,United States,L,73600.0,100.0,80000.0
2021,Data Scientist,Data Science and Research,CAD,130000,103691,Canada,Senior,Full-time,Remote,Canada,L,95395.72,79.3,130757.88
2020,Research Scientist,Data Science and Research,USD,42000,42000,Netherlands,Entry-level,Full-time,Hybrid,Netherlands,L,38640.0,82.6,50847.46
2020,Lead Data Scientist,Data Science and Research,USD,115000,115000,United Arab Emirates,Mid-level,Full-time,In-person,United Arab Emirates,L,105800.0,62.5,184000.0
2021,Research Scientist,Data Science and Research,CAD,80000,63810,Canada,Mid-level,Full-time,Remote,Canada,M,58705.2,79.3,80466.58
2020,Machine Learning Scientist,Machine Learning and AI,USD,260000,260000,Japan,Senior,Full-time,In-person,Japan,S,239200.0,74.2,350404.31
2021,Head of Data Science,Data Science and Research,USD,110000,110000,United States,Mid-level,Full-time,In-person,United States,S,101200.0,100.0,110000.0
2021,Data Architect,Data Architecture and Modeling,USD,180000,180000,United States,Mid-level,Full-time,Remote,United States,L,165600.0,100.0,180000.0
2021,Data Analyst,Data Analysis,USD,200000,200000,United States,Senior,Full-time,Remote,United States,L,184000.0,100.0,200000.0
2020,Big Data Engineer,Data Engineering,GBP,85000,109024,United Kingdom,Senior,Full-time,Hybrid,United Kingdom,M,100302.08,82.7,131830.71
2021,Data Engineer,Data Engineering,USD,200000,200000,United States,Senior,Full-time,Remote,United States,L,184000.0,100.0,200000.0
2021,ML Engineer,Machine Learning and AI,USD,256000,256000,United States,Senior,Full-time,Remote,United States,S,235520.0,100.0,256000.0
2021,Data Engineer,Data Engineering,USD,110000,110000,United States,Mid-level,Full-time,Remote,United States,L,101200.0,100.0,110000.0
2020,Data Scientist,Data Science and Research,EUR,70000,79833,Germany,Mid-level,Full-time,In-person,Germany,L,73446.36,78.5,101698.09
2021,Data Engineer,Data Engineering,USD,72500,72500,United States,Entry-level,Full-time,Remote,United States,L,66700.0,100.0,72500.0
2021,Machine Learning Engineer,Machine Learning and AI,USD,185000,185000,United States,Senior,Full-time,Hybrid,United States,L,170200.0,100.0,185000.0
2021,Data Engineer,Data Engineering,EUR,59000,69741,Netherlands,Mid-level,Part-time,Remote,Netherlands,L,64161.72,82.6,84432.2
2021,Research Scientist,Data Science and Research,USD,100000,100000,Jersey,Entry-level,Full-time,In-person,China,L,92000.0,42.0,238095.24
2021,Data Engineer,Data Engineering,USD,112000,112000,United States,Mid-level,Full-time,Remote,United States,L,103040.0,100.0,112000.0
2020,Machine Learning Engineer,Machine Learning and AI,USD,150000,150000,United States,Senior,Full-time,Hybrid,United States,L,138000.0,100.0,150000.0
2021,Data Scientist,Data Science and Research,TRY,180000,20171,Turkey,Senior,Full-time,Hybrid,Turkey,L,18557.32,30.9,65278.32
2021,AI Scientist,Machine Learning and AI,USD,55000,55000,Spain,Senior,Full-time,Remote,Spain,L,50600.0,62.8,87579.62
2021,Data Scientist,Data Science and Research,USD,58000,58000,United States,Entry-level,Full-time,Hybrid,United States,L,53360.0,100.0,58000.0
2021,Data Scientist,Data Science and Research,USD,100000,100000,United States,Entry-level,Full-time,Remote,United States,M,92000.0,100.0,100000.0
2021,Data Scientist,Data Science and Research,EUR,65720,77684,France,Senior,Full-time,Hybrid,France,M,71469.28,79.8,97348.37
2021,Machine Learning Engineer,Machine Learning and AI,USD,85000,85000,Netherlands,Entry-level,Full-time,Remote,Germany,S,78200.0,78.5,108280.25
2021,Data Science Consultant,Data Science and Research,EUR,65000,76833,Germany,Entry-level,Full-time,In-person,Germany,L,70686.36,78.5,97876.43
2021,Staff Data Scientist,Data Science and Research,USD,105000,105000,United States,Senior,Contract,Remote,United States,M,96600.0,100.0,105000.0
2020,Data Analyst,Data Analysis,USD,72000,72000,United States,Entry-level,Full-time,Remote,United States,L,66240.0,100.0,72000.0
2021,Data Engineer,Data Engineering,EUR,55000,65013,Germany,Entry-level,Full-time,Hybrid,Germany,M,59811.96,78.5,82819.11
2021,Data Engineer,Data Engineering,TRY,250000,28016,Turkey,Mid-level,Full-time,Remote,Turkey,M,25774.72,30.9,90666.67
2021,Data Engineer,Data Engineering,USD,111775,111775,United States,Mid-level,Full-time,In-person,United States,M,102833.0,100.0,111775.0
2021,Data Engineer,Data Engineering,USD,93150,93150,United States,Mid-level,Full-time,In-person,United States,M,85698.0,100.0,93150.0
2021,Lead Data Engineer,Data Engineering,USD,160000,160000,Puerto Rico,Senior,Full-time,Hybrid,United States,S,147200.0,100.0,160000.0
2021,Data Scientist,Data Science and Research,EUR,21600,25532,Serbia,Mid-level,Full-time,Remote,Germany,S,23489.44,78.5,32524.84
2021,Data Analyst,Data Analysis,EUR,54000,63831,Germany,Senior,Full-time,Hybrid,Germany,L,58724.52,78.5,81313.38
2020,Lead Data Scientist,Data Science and Research,USD,190000,190000,United States,Senior,Full-time,Remote,United States,S,174800.0,100.0,190000.0
2021,Director of Data Science,Data Science and Research,EUR,120000,141846,Germany,Executive,Full-time,In-person,Germany,L,130498.32,78.5,180695.54
2021,Data Analyst,Data Analysis,CAD,90000,71786,Canada,Senior,Full-time,Remote,Canada,M,66043.12,79.3,90524.59
2021,Data Scientist,Data Science and Research,USD,135000,135000,United States,Senior,Full-time,In-person,United States,L,124200.0,100.0,135000.0
2021,Machine Learning Engineer,Machine Learning and AI,EUR,21000,24823,Germany,Entry-level,Full-time,Hybrid,Germany,M,22837.16,78.5,31621.66
2021,Data Scientist,Data Science and Research,USD,147000,147000,United States,Mid-level,Full-time,Hybrid,United States,L,135240.0,100.0,147000.0
2021,Research Scientist,Data Science and Research,CAD,120500,96113,Canada,Senior,Full-time,Hybrid,Canada,L,88423.96,79.3,121201.77
2021,Data Science Manager,Data Science and Research,USD,174000,174000,United States,Senior,Full-time,Remote,United States,L,160080.0,100.0,174000.0
2020,Business Data Analyst,Data Analysis,USD,135000,135000,United States,Mid-level,Full-time,Remote,United States,L,124200.0,100.0,135000.0
2021,Machine Learning Engineer,Machine Learning and AI,USD,21844,21844,Colombia,Entry-level,Full-time,Hybrid,Colombia,M,20096.48,27.9,78293.91
2020,Lead Data Engineer,Data Engineering,USD,125000,125000,New Zealand,Senior,Full-time,Hybrid,New Zealand,S,115000.0,78.1,160051.22
2020,Data Scientist,Data Science and Research,EUR,45000,51321,France,Entry-level,Full-time,In-person,France,S,47215.32,79.8,64312.03
2021,Data Science Consultant,Data Science and Research,EUR,59000,69741,France,Executive,Full-time,Remote,Spain,S,64161.72,62.8,111052.55
2021,Data Analytics Engineer,Leadership and Management,USD,50000,50000,Vietnam,Senior,Full-time,Remote,United Kingdom,M,46000.0,82.7,60459.49
2020,Data Scientist,Data Science and Research,EUR,35000,39916,France,Entry-level,Full-time,In-person,France,M,36722.72,79.8,50020.05
2020,Lead Data Analyst,Data Analysis,USD,87000,87000,United States,Mid-level,Full-time,Remote,United States,L,80040.0,100.0,87000.0
2021,Data Engineer,Data Engineering,EUR,22000,26005,Romania,Mid-level,Full-time,In-person,United States,L,23924.6,100.0,26005.0
2021,Data Scientist,Data Science and Research,EUR,76760,90734,Germany,Mid-level,Full-time,Hybrid,Germany,L,83475.28,78.5,115584.71
2021,Machine Learning Engineer,Machine Learning and AI,USD,81000,81000,United States,Entry-level,Full-time,Hybrid,United States,S,74520.0,100.0,81000.0
2021,Data Science Consultant,Data Science and Research,USD,90000,90000,United States,Entry-level,Full-time,Remote,United States,S,82800.0,100.0,90000.0
2021,Data Scientist,Data Science and Research,EUR,52000,61467,Germany,Mid-level,Full-time,Hybrid,Austria,M,56549.64,73.5,83628.57
2021,Machine Learning Infrastructure Engineer,Machine Learning and AI,USD,195000,195000,United States,Senior,Full-time,Remote,United States,M,179400.0,100.0,195000.0
2021,Data Scientist,Data Science and Research,EUR,32000,37825,Spain,Mid-level,Full-time,Remote,Spain,L,34799.0,62.8,60230.89
2020,Data Analyst,Data Analysis,USD,85000,85000,United States,Mid-level,Full-time,Remote,United States,L,78200.0,100.0,85000.0
2021,Principal Data Scientist,Data Science and Research,USD,416000,416000,United States,Executive,Contract,Remote,United States,S,382720.0,100.0,416000.0
2021,Machine Learning Scientist,Machine Learning and AI,USD,225000,225000,United States,Senior,Full-time,Remote,Canada,L,207000.0,79.3,283732.66
2021,Data Scientist,Data Science and Research,GBP,40900,56256,United Kingdom,Mid-level,Full-time,Hybrid,United Kingdom,L,51755.52,82.7,68024.18
2021,Data Scientist,Data Science and Research,GBP,85000,116914,United Kingdom,Mid-level,Full-time,Hybrid,United Kingdom,L,107560.88,82.7,141371.22
2021,Machine Learning Engineer,Machine Learning and AI,PLN,180000,46597,Poland,Mid-level,Full-time,Remote,Poland,L,42869.24,52.4,88925.57
2020,Big Data Engineer,Data Engineering,EUR,100000,114047,Poland,Senior,Full-time,Remote,United Kingdom,S,104923.24,82.7,137904.47
2021,Machine Learning Engineer,Machine Learning and AI,EUR,75000,88654,Belgium,Mid-level,Full-time,Remote,Belgium,M,81561.68,76.1,116496.71
2020,Lead Data Engineer,Data Engineering,USD,56000,56000,Portugal,Mid-level,Full-time,Remote,United States,M,51520.0,100.0,56000.0
2021,Computer Vision Engineer,Machine Learning and AI,DKK,180000,28609,Denmark,Entry-level,Part-time,Hybrid,Denmark,S,26320.28,93.1,30729.32
2021,Data Scientist,Data Science and Research,EUR,75000,88654,Germany,Mid-level,Full-time,Hybrid,Germany,L,81561.68,78.5,112935.03
2020,Data Engineer,Data Engineering,EUR,42000,47899,Greece,Senior,Full-time,Hybrid,Greece,L,44067.08,56.1,85381.46
2020,BI Data Analyst,Data Analysis,USD,98000,98000,United States,Mid-level,Full-time,In-person,United States,M,90160.0,100.0,98000.0
2021,Data Engineer,Data Engineering,GBP,48000,66022,Hong Kong,Mid-level,Full-time,Hybrid,United Kingdom,S,60740.24,82.7,79833.13
2021,Research Scientist,Data Science and Research,EUR,48000,56738,France,Mid-level,Full-time,Hybrid,France,S,52198.96,79.8,71100.25
2021,Machine Learning Engineer,Machine Learning and AI,EUR,21000,24823,Slovenia,Mid-level,Full-time,Hybrid,Slovenia,L,22837.16,62.8,39527.07
2021,Data Analytics Manager,Leadership and Management,USD,120000,120000,United States,Senior,Full-time,In-person,United States,L,110400.0,100.0,120000.0
2021,Data Engineer,Data Engineering,USD,20000,20000,Italy,Mid-level,Freelance,In-person,United States,L,18400.0,100.0,20000.0
2020,Director of Data Science,Data Science and Research,USD,325000,325000,United States,Executive,Full-time,Remote,United States,L,299000.0,100.0,325000.0
2021,Machine Learning Engineer,Machine Learning and AI,USD,200000,200000,United States,Senior,Full-time,Remote,United States,L,184000.0,100.0,200000.0
2020,AI Scientist,Machine Learning and AI,DKK,300000,45896,Denmark,Entry-level,Full-time,Hybrid,Denmark,S,42224.32,93.1,49297.53
2021,Data Scientist,Data Science and Research,USD,160000,160000,United States,Mid-level,Full-time,Remote,United States,L,147200.0,100.0,160000.0
2021,Research Scientist,Data Science and Research,USD,50000,50000,France,Senior,Full-time,Remote,United States,S,46000.0,100.0,50000.0
2021,Data Science Engineer,Data Science and Research,EUR,34000,40189,Greece,Mid-level,Full-time,Remote,Greece,M,36973.88,56.1,71638.15
2021,Data Engineer,Data Engineering,USD,165000,165000,United States,Senior,Full-time,In-person,United States,M,151800.0,100.0,165000.0
2020,Data Scientist,Data Science and Research,EUR,37000,42197,France,Mid-level,Full-time,Hybrid,France,S,38821.24,79.8,52878.45
2021,Principal Data Engineer,Data Engineering,USD,185000,185000,United States,Senior,Full-time,Remote,United States,L,170200.0,100.0,185000.0
2020,Data Scientist,Data Science and Research,EUR,55000,62726,Germany,Entry-level,Full-time,Hybrid,Germany,S,57707.92,78.5,79905.73
2020,Data Scientist,Data Science and Research,EUR,19000,21669,Italy,Entry-level,Part-time,Hybrid,Italy,S,19935.48,68.4,31679.82
2020,Data Engineer,Data Engineering,USD,110000,110000,United States,Mid-level,Full-time,Remote,United States,L,101200.0,100.0,110000.0
2021,Data Analytics Manager,Leadership and Management,USD,140000,140000,United States,Senior,Full-time,Remote,United States,L,128800.0,100.0,140000.0
2020,Data Scientist,Data Science and Research,USD,120000,120000,United States,Senior,Full-time,Hybrid,United States,L,110400.0,100.0,120000.0
2021,Data Scientist,Data Science and Research,CAD,110000,87738,Canada,Senior,Full-time,Remote,Canada,S,80718.96,79.3,110640.61
2021,Finance Data Analyst,Data Analysis,GBP,45000,61896,United Kingdom,Senior,Full-time,Hybrid,United Kingdom,L,56944.32,82.7,74844.01
2021,Data Engineer,Data Engineering,EUR,65000,76833,Romania,Senior,Full-time,Hybrid,United Kingdom,S,70686.36,82.7,92905.68
2021,Machine Learning Engineer,Machine Learning and AI,USD,74000,74000,Japan,Mid-level,Full-time,Hybrid,Japan,S,68080.0,74.2,99730.46
2021,Data Science Manager,Data Science and Research,USD,152000,152000,United States,Senior,Full-time,Remote,France,L,139840.0,79.8,190476.19
2021,Big Data Engineer,Data Engineering,USD,18000,18000,Moldova,Mid-level,Full-time,In-person,Moldova,S,16560.0,30.2,59602.65
2020,Computer Vision Engineer,Machine Learning and AI,USD,60000,60000,Russia,Senior,Freelance,Remote,United States,S,55200.0,100.0,60000.0
2021,Data Scientist,Data Science and Research,USD,130000,130000,United States,Mid-level,Full-time,Hybrid,United States,L,119600.0,100.0,130000.0
2021,Computer Vision Engineer,Machine Learning and AI,BRL,102000,18907,Brazil,Senior,Full-time,In-person,Brazil,M,17394.44,37.5,50418.67
2021,Business Data Analyst,Data Analysis,EUR,50000,59102,Luxembourg,Entry-level,Full-time,Remote,Luxembourg,L,54373.84,102.4,57716.8
2021,Principal Data Scientist,Data Science and Research,EUR,147000,173762,Germany,Senior,Full-time,Remote,Germany,M,159861.04,78.5,221352.87
2020,Principal Data Scientist,Data Science and Research,EUR,130000,148261,Germany,Senior,Full-time,Remote,Germany,M,136400.12,78.5,188867.52
2020,Data Scientist,Data Science and Research,EUR,34000,38776,Spain,Mid-level,Full-time,Remote,Spain,M,35673.92,62.8,61745.22
2021,Data Scientist,Data Science and Research,EUR,39600,46809,Spain,Mid-level,Full-time,Remote,Spain,M,43064.28,62.8,74536.62
2020,Data Scientist,Data Science and Research,EUR,80000,91237,Austria,Senior,Full-time,In-person,Austria,S,83938.04,73.5,124131.97
2020,Data Scientist,Data Science and Research,EUR,55000,62726,France,Mid-level,Full-time,Hybrid,Luxembourg,S,57707.92,102.4,61255.86
2021,Data Scientist,Data Science and Research,USD,115000,115000,United States,Mid-level,Full-time,Hybrid,United States,L,105800.0,100.0,115000.0
2021,Principal Data Scientist,Data Science and Research,USD,235000,235000,United States,Senior,Full-time,Remote,United States,L,216200.0,100.0,235000.0
2021,Data Analyst,Data Analysis,USD,75000,75000,United States,Mid-level,Full-time,In-person,United States,L,69000.0,100.0,75000.0
2021,Data Analyst,Data Analysis,USD,62000,62000,United States,Mid-level,Full-time,In-person,United States,L,57040.0,100.0,62000.0
2021,Data Scientist,Data Science and Research,USD,73000,73000,United States,Mid-level,Full-time,In-person,United States,L,67160.0,100.0,73000.0
2021,Data Engineer,Data Engineering,EUR,38400,45391,Netherlands,Mid-level,Full-time,Remote,Netherlands,L,41759.72,82.6,54952.78
2020,Data Science Manager,Data Science and Research,USD,190200,190200,United States,Senior,Full-time,Remote,United States,M,174984.0,100.0,190200.0
2020,Data Scientist,Data Science and Research,USD,118000,118000,United States,Mid-level,Full-time,Remote,United States,M,108560.0,100.0,118000.0
2020,Data Scientist,Data Science and Research,USD,138350,138350,United States,Mid-level,Full-time,Remote,United States,M,127282.0,100.0,138350.0
2020,Data Engineer,Data Engineering,USD,130800,130800,Spain,Mid-level,Full-time,Remote,United States,M,120336.0,100.0,130800.0
2020,Machine Learning Engineer,Machine Learning and AI,EUR,40000,45618,Croatia,Senior,Full-time,Remote,Croatia,S,41968.56,54.2,84166.05
2021,Director of Data Science,Data Science and Research,USD,168000,168000,Japan,Senior,Full-time,In-person,Japan,S,154560.0,74.2,226415.09
2021,Data Scientist,Data Science and Research,SGD,160000,119059,Singapore,Mid-level,Full-time,Remote,Israel,M,109534.28,86.7,137322.95
2021,Applied Machine Learning Scientist,Machine Learning and AI,USD,423000,423000,United States,Mid-level,Full-time,Hybrid,United States,L,389160.0,100.0,423000.0
2021,Data Engineer,Data Engineering,EUR,24000,28369,Malta,Mid-level,Full-time,Hybrid,Malta,L,26099.48,65.7,43179.6
2021,Data Specialist,Data Management and Strategy,USD,165000,165000,United States,Senior,Full-time,Remote,United States,L,151800.0,100.0,165000.0
2020,Data Scientist,Data Science and Research,USD,412000,412000,United States,Senior,Full-time,Remote,United States,L,379040.0,100.0,412000.0
2021,Principal Data Scientist,Data Science and Research,USD,151000,151000,United States,Mid-level,Full-time,Remote,United States,L,138920.0,100.0,151000.0
2020,Data Scientist,Data Science and Research,USD,105000,105000,United States,Entry-level,Full-time,Remote,United States,S,96600.0,100.0,105000.0
2020,Business Data Analyst,Data Analysis,USD,100000,100000,United States,Entry-level,Contract,Remote,United States,L,92000.0,100.0,100000.0
